timestamp,rps,failures_per_sec,latency_p95,cpu,memory,replicas,users
2026-02-09 10:11:56,0.0,0.0,0.0,0.0708598031960219,406736896.0,12.0,0.0
2026-02-09 10:12:04,0.0,0.0,0.0,0.0809463918483759,406548480.0,12.0,0.0
2026-02-09 10:12:12,0.0,0.0,0.0,0.0743804795148808,406749184.0,12.0,0.0
2026-02-09 10:12:20,0.0,0.0,1900.0,0.0787071007029533,407433216.0,12.0,50.0
2026-02-09 10:12:27,15.25,0.5,1800.0,0.0717534613360643,407969792.0,12.0,130.0
2026-02-09 10:12:35,34.5,1.8,2500.0,0.1232585051224819,413773824.0,12.0,209.0
2026-02-09 10:12:43,45.7,2.6,2400.0,0.1898310858657777,421896192.0,12.0,214.0
2026-02-09 10:12:51,47.4,3.6,2500.0,0.2681064459077427,420786176.0,12.0,217.0
2026-02-09 10:12:58,44.8,3.3,2800.0,0.380236108515883,424755200.0,12.0,221.0
2026-02-09 10:13:06,45.9,1.8,2800.0,0.4348115883677074,424787968.0,12.0,225.0
2026-02-09 10:13:14,48.9,1.6,2900.0,0.611331949020917,425189376.0,12.0,229.0
2026-02-09 10:13:22,48.0,2.6,2900.0,0.597529816637716,425402368.0,12.0,233.0
2026-02-09 10:13:29,49.7,2.6,2900.0,0.5147593078770781,426901504.0,12.0,237.0
2026-02-09 10:13:37,49.5,2.4,3000.0,0.6115579878106738,425930752.0,12.0,241.0
2026-02-09 10:13:45,50.1,3.2,3000.0,0.622958772990214,427667456.0,12.0,245.0
2026-02-09 10:13:52,50.4,2.9,3000.0,0.5560417624622576,428204032.0,12.0,249.0
2026-02-09 10:14:00,51.4,2.9,3100.0,0.613441410783806,430751744.0,12.0,253.0
2026-02-09 10:14:08,51.1,2.6,3100.0,0.5617723540997492,430739456.0,12.0,256.0
2026-02-09 10:14:16,51.6,2.4,3200.0,0.584642907495546,431165440.0,12.0,260.0
2026-02-09 10:14:23,51.6,2.9,3200.0,0.4780835395774001,431341568.0,12.0,264.0
2026-02-09 10:14:31,53.3,3.5,3400.0,0.605627900092444,430505984.0,12.0,268.0
2026-02-09 10:14:39,53.3,3.4,3500.0,0.6015072815256638,430202880.0,12.0,271.0
2026-02-09 10:14:46,51.6,3.0,3500.0,0.55210471779374,430796800.0,12.0,274.0
2026-02-09 10:14:54,51.8,3.0,3600.0,0.6102124478019035,432541696.0,12.0,278.0
2026-02-09 10:15:02,53.7,3.4,3600.0,0.5953012613191929,431988736.0,12.0,282.0
2026-02-09 10:15:10,50.9,3.7,3700.0,0.5485584854198654,431480832.0,12.0,285.0
2026-02-09 10:15:17,45.3,3.0,3900.0,0.5492337520676115,431427584.0,12.0,288.0
2026-02-09 10:15:25,47.5,2.3,4000.0,0.5801158838070407,434585600.0,12.0,291.0
2026-02-09 10:15:33,51.5,2.7,4200.0,0.5531173833099484,436957184.0,12.0,294.0
2026-02-09 10:15:41,54.4,2.2,4200.0,0.576417012987417,437743616.0,12.0,298.0
2026-02-09 10:15:48,47.2,2.7,4300.0,0.549511700196887,438198272.0,12.0,300.0
2026-02-09 10:15:56,53.7,3.1,4300.0,0.6091607809383084,437538816.0,12.0,303.0
2026-02-09 10:16:04,54.7,3.2,4300.0,0.5792204006444511,437837824.0,12.0,306.0
2026-02-09 10:16:12,46.6,2.8,4500.0,0.5691490473602369,438267904.0,12.0,309.0
2026-02-09 10:16:20,47.7,2.5,4600.0,0.5815940905134241,439193600.0,12.0,312.0
2026-02-09 10:16:27,51.2,2.9,4600.0,0.5300701622302161,439787520.0,12.0,315.0
2026-02-09 10:16:35,51.8,3.0,4600.0,0.6156448299897871,438444032.0,12.0,317.0
2026-02-09 10:16:43,53.9,3.4,4600.0,0.52997441115279,438513664.0,12.0,320.0
2026-02-09 10:16:51,49.6,3.1,4700.0,0.5668017709841527,444674048.0,12.0,322.0
2026-02-09 10:16:58,52.9,3.3,4700.0,0.5921276869991928,445349888.0,12.0,324.0
2026-02-09 10:17:06,51.2,2.5,4800.0,0.5801840185358504,447037440.0,12.0,327.0
2026-02-09 10:17:14,52.3,2.7,4800.0,0.6219663218965714,441671680.0,12.0,329.0
2026-02-09 10:17:22,54.4,2.6,4900.0,0.5516346171474759,442826752.0,12.0,331.0
2026-02-09 10:17:29,51.9,2.3,4900.0,0.5910191771250801,443154432.0,12.0,333.0
2026-02-09 10:17:37,49.6,2.9,4900.0,0.5830819950639564,442519552.0,12.0,335.0
2026-02-09 10:17:45,44.4,2.5,5000.0,0.5937606829780082,441389056.0,12.0,336.0
2026-02-09 10:17:53,56.7,3.2,5000.0,0.5585357446312426,441409536.0,12.0,338.0
2026-02-09 10:18:00,49.9,2.5,5000.0,0.6005533608891929,444420096.0,12.0,339.0
2026-02-09 10:18:08,54.3,1.9,5100.0,0.5663583003058372,444522496.0,12.0,341.0
2026-02-09 10:18:16,50.6,3.1,5200.0,0.5591656230847339,443412480.0,12.0,342.0
2026-02-09 10:18:23,53.9,4.6,5200.0,0.544795166549259,443621376.0,12.0,343.0
2026-02-09 10:18:31,51.2,4.3,5200.0,0.5068878569020225,443359232.0,12.0,345.0
2026-02-09 10:18:39,51.4,2.5,5300.0,0.610827365689074,443002880.0,12.0,346.0
2026-02-09 10:18:47,51.3,3.3,5300.0,0.5343493850881454,444645376.0,12.0,347.0
2026-02-09 10:18:54,54.7,2.7,5400.0,0.5945598674311943,447827968.0,12.0,347.0
2026-02-09 10:19:02,51.8,3.1,5400.0,0.5625166398150673,446009344.0,12.0,348.0
2026-02-09 10:19:10,56.4,3.4,5400.0,0.5316473290761388,445382656.0,12.0,349.0
2026-02-09 10:19:17,55.1,3.5,5400.0,0.5191629508772775,445607936.0,12.0,349.0
2026-02-09 10:19:25,54.8,3.1,5400.0,0.5940176890690525,446652416.0,12.0,350.0
2026-02-09 10:19:33,52.0,3.2,5500.0,0.5937689127642106,446464000.0,12.0,350.0
2026-02-09 10:19:41,52.9,3.6,5500.0,0.6070856342582326,445853696.0,12.0,350.0
2026-02-09 10:19:49,54.3,2.6,5500.0,0.5857757864646177,445820928.0,12.0,350.0
2026-02-09 10:19:57,52.8,2.9,5500.0,0.5591667121028775,447221760.0,12.0,350.0
2026-02-09 10:20:04,51.7,3.7,5500.0,0.5686719227348587,448417792.0,12.0,350.0
2026-02-09 10:20:12,53.0,3.2,5500.0,0.5700043948781233,447361024.0,12.0,349.0
2026-02-09 10:20:20,50.9,3.3,5600.0,0.5865439644733982,448409600.0,12.0,349.0
2026-02-09 10:20:28,52.7,3.3,5600.0,0.5871234165077845,447696896.0,12.0,349.0
2026-02-09 10:20:35,49.7,2.7,5600.0,0.56800159730066,447799296.0,12.0,348.0
2026-02-09 10:20:43,52.0,2.4,5600.0,0.5368268574886688,447950848.0,12.0,347.0
2026-02-09 10:20:51,49.8,2.4,5600.0,0.572978446001515,447438848.0,12.0,346.0
2026-02-09 10:20:59,49.0,2.5,5600.0,0.5738991179771911,447590400.0,12.0,345.0
2026-02-09 10:21:06,53.1,2.9,5700.0,0.5862326794562397,448532480.0,12.0,344.0
2026-02-09 10:21:14,59.0,4.3,5600.0,0.6039149236507827,448307200.0,12.0,343.0
2026-02-09 10:21:22,51.6,2.9,5700.0,0.5840313733934429,448491520.0,12.0,342.0
2026-02-09 10:21:29,54.2,2.2,5700.0,0.5601702260893491,448778240.0,12.0,341.0
2026-02-09 10:21:37,54.6,2.5,5700.0,0.5718235967973323,449089536.0,12.0,339.0
2026-02-09 10:21:45,53.2,3.0,5600.0,0.5984160903122802,450351104.0,12.0,337.0
2026-02-09 10:21:53,50.3,2.3,5700.0,0.5601378376836745,450719744.0,12.0,336.0
2026-02-09 10:22:01,50.8,2.3,5700.0,0.6003010565751284,450899968.0,12.0,334.0
2026-02-09 10:22:08,52.9,2.7,5600.0,0.5471534774483364,450543616.0,12.0,332.0
2026-02-09 10:22:16,51.8,2.7,5700.0,0.5958216025765217,449249280.0,12.0,330.0
2026-02-09 10:22:24,57.4,3.4,5700.0,0.5948486320238537,450428928.0,12.0,328.0
2026-02-09 10:22:32,52.0,2.9,5600.0,0.4747293557304294,450732032.0,12.0,326.0
2026-02-09 10:22:40,50.0,2.3,5600.0,0.525701609501957,449732608.0,12.0,324.0
2026-02-09 10:22:47,52.5,2.9,5600.0,0.5494466075025566,449957888.0,12.0,322.0
2026-02-09 10:22:55,54.6,1.8,5600.0,0.5298365244828245,449359872.0,12.0,319.0
2026-02-09 10:23:03,47.8,2.5,5600.0,0.5356303862777366,450203648.0,12.0,316.0
2026-02-09 10:23:10,51.7,3.2,5600.0,0.5724879636965009,448491520.0,12.0,314.0
2026-02-09 10:23:18,52.3,2.6,5600.0,0.5651518049021648,448770048.0,12.0,311.0
2026-02-09 10:23:26,49.5,1.8,5600.0,0.5529877568174516,449449984.0,12.0,308.0
2026-02-09 10:23:33,49.6,2.1,5600.0,0.4511544670035808,449818624.0,12.0,306.0
2026-02-09 10:23:41,52.0,2.6,5600.0,0.5782140473050942,450183168.0,12.0,303.0
2026-02-09 10:23:49,51.0,3.9,5600.0,0.4951117607582413,450383872.0,12.0,300.0
2026-02-09 10:23:57,48.5,3.8,5600.0,0.569479893869184,449601536.0,12.0,297.0
2026-02-09 10:24:04,51.5,2.8,5600.0,0.5967396469044889,450445312.0,12.0,294.0
2026-02-09 10:24:12,50.7,3.3,5600.0,0.5876171380193753,449888256.0,12.0,290.0
2026-02-09 10:24:20,49.5,2.6,5600.0,0.5644455476690682,448090112.0,12.0,287.0
2026-02-09 10:24:28,49.6,3.4,5600.0,0.5801017546236222,448176128.0,12.0,284.0
2026-02-09 10:24:35,51.8,3.2,5600.0,0.6085230379884229,448401408.0,12.0,280.0
2026-02-09 10:24:43,52.2,3.2,5600.0,0.5573377522129753,448380928.0,12.0,277.0
2026-02-09 10:24:51,51.3,2.9,5600.0,0.5850930845685718,447746048.0,12.0,273.0
2026-02-09 10:24:59,51.3,3.3,5600.0,0.5847004918544756,448143360.0,12.0,270.0
2026-02-09 10:25:06,51.5,1.9,5600.0,0.555995652506274,448806912.0,12.0,267.0
2026-02-09 10:25:14,49.7,2.9,5600.0,0.607646203661516,449077248.0,12.0,263.0
2026-02-09 10:25:22,50.1,3.3,5600.0,0.6100377829168698,449757184.0,12.0,259.0
2026-02-09 10:25:30,51.0,3.2,5600.0,0.6096648628857694,448499712.0,12.0,255.0
2026-02-09 10:25:37,54.9,2.3,5600.0,0.5267014740478928,448364544.0,12.0,252.0
2026-02-09 10:25:45,46.7,2.0,5600.0,0.6265875408178181,448180224.0,12.0,248.0
2026-02-09 10:25:53,49.2,1.7,5600.0,0.558839164366876,448913408.0,12.0,244.0
2026-02-09 10:26:01,51.2,2.6,5500.0,0.6126641540460964,447197184.0,12.0,240.0
2026-02-09 10:26:08,48.0,2.7,5500.0,0.612626237003943,447229952.0,12.0,236.0
2026-02-09 10:26:16,43.3,1.8,5500.0,0.6147867915721397,447193088.0,12.0,232.0
2026-02-09 10:26:24,48.5,2.4,5500.0,0.6083857453463745,447332352.0,12.0,228.0
2026-02-09 10:26:32,49.7,3.0,5500.0,0.5858022016827171,446943232.0,12.0,224.0
2026-02-09 10:26:39,49.0,2.4,5500.0,0.5984607810025158,447819776.0,12.0,220.0
2026-02-09 10:26:47,46.0,3.3,5500.0,0.5650376847039653,447791104.0,12.0,216.0
2026-02-09 10:26:55,49.9,3.1,5500.0,0.58495969417783,445689856.0,12.0,212.0
2026-02-09 10:27:02,48.2,2.8,5500.0,0.5847250525132043,446316544.0,12.0,208.0
2026-02-09 10:27:10,45.7,3.1,5500.0,0.6251016837279894,445181952.0,12.0,204.0
2026-02-09 10:27:18,44.6,1.5,5500.0,0.6425789025842203,445599744.0,12.0,200.0
2026-02-09 10:27:26,46.2,2.6,5500.0,0.5408118853822146,444891136.0,12.0,196.0
2026-02-09 10:27:33,44.8,2.7,5500.0,0.6180715353206598,446775296.0,12.0,192.0
2026-02-09 10:27:41,47.2,3.4,5500.0,0.5752706172711956,446820352.0,12.0,188.0
2026-02-09 10:27:49,44.3,2.4,5500.0,0.6255784567374388,446898176.0,12.0,184.0
2026-02-09 10:27:57,41.9,2.6,5500.0,0.6071569177725029,447954944.0,12.0,180.0
2026-02-09 10:28:05,43.9,2.5,5500.0,0.6206225372364151,448077824.0,12.0,176.0
2026-02-09 10:28:12,44.8,2.8,5500.0,0.5666419022939452,448237568.0,12.0,172.0
2026-02-09 10:28:20,41.6,2.2,5500.0,0.6293771026136885,444649472.0,12.0,168.0
2026-02-09 10:28:28,42.2,2.3,5500.0,0.5750561066733069,444653568.0,12.0,164.0
2026-02-09 10:28:35,40.5,2.0,5500.0,0.600135101545845,444268544.0,12.0,160.0
2026-02-09 10:28:43,40.0,2.0,5500.0,0.5753929662720639,445276160.0,12.0,156.0
2026-02-09 10:28:51,38.6,2.2,5500.0,0.6206594710082712,445227008.0,12.0,152.0
2026-02-09 10:28:59,38.4,1.8,5500.0,0.5577120667006827,445218816.0,12.0,148.0
2026-02-09 10:29:06,37.4,1.8,5500.0,0.6233840777800839,444354560.0,12.0,145.0
2026-02-09 10:29:14,36.5,2.2,5500.0,0.5974547857585768,445136896.0,12.0,141.0
2026-02-09 10:29:22,37.0,2.4,5500.0,0.6011603047349225,445427712.0,12.0,137.0
2026-02-09 10:29:30,36.6,1.8,5500.0,0.5864228217582672,445988864.0,12.0,133.0
2026-02-09 10:29:37,35.2,1.9,5500.0,0.5847203189896004,445923328.0,12.0,130.0
2026-02-09 10:29:45,35.2,2.1,5500.0,0.5727294681114747,446054400.0,12.0,127.0
2026-02-09 10:29:53,33.6,1.5,5500.0,0.6105746128555097,445833216.0,12.0,123.0
2026-02-09 10:30:00,33.0,1.1,5500.0,0.5658212287922596,446238720.0,12.0,119.0
2026-02-09 10:30:08,30.9,1.9,5500.0,0.6040924000507304,446787584.0,12.0,116.0
2026-02-09 10:30:16,31.2,1.3,5500.0,0.5626283145598626,446136320.0,12.0,112.0
2026-02-09 10:30:24,29.8,1.4,5500.0,0.5945713445656635,445722624.0,12.0,109.0
2026-02-09 10:30:31,29.7,1.6,5500.0,0.5568746550262262,445898752.0,12.0,107.0
2026-02-09 10:30:39,29.4,1.9,5500.0,0.578009439916638,445747200.0,12.0,103.0
2026-02-09 10:30:47,27.9,1.7,5500.0,0.572461454754071,445894656.0,12.0,100.0
2026-02-09 10:30:54,26.3,2.0,5500.0,0.6007440906989049,445984768.0,12.0,97.0
2026-02-09 10:31:02,26.3,1.5,5400.0,0.5733197371148891,445452288.0,12.0,94.0
2026-02-09 10:31:10,24.5,1.7,5400.0,0.530074840462397,445702144.0,12.0,91.0
2026-02-09 10:31:18,23.5,1.2,5400.0,0.5006461628251523,445706240.0,12.0,88.0
2026-02-09 10:31:26,23.4,0.9,5400.0,0.5165526178995226,446238720.0,12.0,85.0
2026-02-09 10:31:33,24.2,2.1,5400.0,0.4878330860286495,446316544.0,12.0,83.0
2026-02-09 10:31:41,23.0,1.4,5400.0,0.5089500941419535,446312448.0,12.0,80.0
2026-02-09 10:31:49,23.2,1.8,5400.0,0.4301907365343017,446312448.0,12.0,78.0
2026-02-09 10:31:57,21.8,1.3,5400.0,0.5256263602236693,443219968.0,12.0,76.0
2026-02-09 10:32:05,21.1,0.9,5400.0,0.5399711296535634,443822080.0,12.0,74.0
2026-02-09 10:32:12,21.1,0.9,5400.0,0.5324712145764297,443703296.0,12.0,72.0
2026-02-09 10:32:20,19.6,0.3,5400.0,0.5367007159902046,444555264.0,12.0,69.0
2026-02-09 10:32:28,20.4,0.9,5400.0,0.486212141306215,444882944.0,12.0,67.0
2026-02-09 10:32:35,18.6,1.0,5400.0,0.5099990369415187,445091840.0,12.0,66.0
2026-02-09 10:32:43,17.3,0.7,5400.0,0.4468527802691083,445104128.0,12.0,64.0
2026-02-09 10:32:51,17.7,1.1,5400.0,0.4734937428341071,445571072.0,12.0,62.0
2026-02-09 10:32:59,17.8,1.0,5400.0,0.4372950598807664,445526016.0,12.0,61.0
2026-02-09 10:33:06,16.3,1.0,5400.0,0.467776404282788,445546496.0,12.0,59.0
2026-02-09 10:33:14,16.4,1.1,5400.0,0.4288883030793141,446148608.0,12.0,58.0
2026-02-09 10:33:22,15.2,1.3,5400.0,0.4518452668340881,445730816.0,12.0,57.0
2026-02-09 10:33:29,15.8,0.9,5400.0,0.4153821395909177,446345216.0,12.0,56.0
2026-02-09 10:33:37,14.9,0.6,5400.0,0.4514817363871581,445956096.0,12.0,54.0
2026-02-09 10:33:45,16.0,0.9,5400.0,0.4369633628650968,445648896.0,12.0,53.0
2026-02-09 10:33:53,14.6,1.0,5400.0,0.4173386236747685,445775872.0,12.0,53.0
2026-02-09 10:34:00,15.1,1.2,5400.0,0.4264147776743742,445853696.0,12.0,52.0
2026-02-09 10:34:08,14.8,0.8,5400.0,0.4136433416230179,445722624.0,12.0,51.0
2026-02-09 10:34:16,14.0,0.9,5400.0,0.3592083916585118,445992960.0,12.0,51.0
2026-02-09 10:34:24,14.1,0.9,5400.0,0.3442486217269189,446427136.0,12.0,51.0
2026-02-09 10:34:31,13.8,1.4,5400.0,0.3598025465950304,446427136.0,12.0,50.0
2026-02-09 10:34:39,13.6,0.7,5400.0,0.3498105091909771,446828544.0,12.0,50.0
2026-02-09 10:34:47,14.4,0.3,5400.0,0.3774341552336683,446259200.0,12.0,50.0
2026-02-09 10:34:54,14.2,0.7,5400.0,0.3747365502823003,446980096.0,12.0,50.0
2026-02-09 10:35:02,14.1,1.2,5400.0,0.3552277430341823,446541824.0,12.0,50.0
2026-02-09 10:35:10,14.6,1.1,5400.0,0.3846542009847393,446476288.0,12.0,50.0
2026-02-09 10:35:17,13.3,0.7,5400.0,0.3371856446746466,446283776.0,12.0,51.0
2026-02-09 10:35:25,13.8,1.0,5400.0,0.3903652900808704,446750720.0,12.0,51.0
2026-02-09 10:35:33,13.8,1.0,5400.0,0.3547645575003464,446763008.0,12.0,52.0
2026-02-09 10:35:41,14.3,0.6,5400.0,0.3706227595287036,447397888.0,12.0,53.0
2026-02-09 10:35:48,14.8,1.0,5400.0,0.3952678719765408,447987712.0,12.0,53.0
2026-02-09 10:35:56,15.4,0.7,5400.0,0.3872459519268107,447700992.0,12.0,54.0
2026-02-09 10:36:04,15.2,0.4,5400.0,0.414444604062906,449294336.0,12.0,55.0
2026-02-09 10:36:12,15.7,0.5,5400.0,0.4223813260098507,448548864.0,12.0,56.0
2026-02-09 10:36:20,15.9,0.6,5400.0,0.4138287335743431,446840832.0,12.0,58.0
2026-02-09 10:36:27,16.5,1.0,5400.0,0.41316183186956,446541824.0,12.0,59.0
2026-02-09 10:36:35,17.2,1.2,5400.0,0.4353620578028628,447352832.0,12.0,60.0
2026-02-09 10:36:43,17.5,0.6,5400.0,0.4292363867749584,447610880.0,12.0,62.0
2026-02-09 10:36:51,16.8,0.4,5400.0,0.4113963685282275,447705088.0,12.0,64.0
2026-02-09 10:36:58,17.3,0.4,5400.0,0.4303237649398438,448237568.0,12.0,65.0
2026-02-09 10:37:06,18.6,1.0,5400.0,0.4359513694216145,447893504.0,12.0,67.0
2026-02-09 10:37:14,19.0,0.7,5400.0,0.3947050257112571,448675840.0,12.0,69.0
2026-02-09 10:37:22,19.7,0.9,5400.0,0.4384683847218248,449089536.0,12.0,71.0
2026-02-09 10:37:29,17.8,0.9,5400.0,0.3802657259585698,449032192.0,12.0,73.0
2026-02-09 10:37:37,20.0,1.7,5400.0,0.4519316284726414,449028096.0,12.0,75.0
2026-02-09 10:37:45,20.0,0.8,5400.0,0.4418685197508897,448643072.0,12.0,78.0
2026-02-09 10:37:53,19.5,0.6,5400.0,0.4146639793083553,449150976.0,12.0,80.0
2026-02-09 10:38:00,21.7,1.0,5400.0,0.4339802549659474,450535424.0,12.0,82.0
2026-02-09 10:38:08,23.2,1.4,5400.0,0.391260699376665,450748416.0,12.0,85.0
2026-02-09 10:38:16,23.4,1.1,5400.0,0.4656971847294298,449822720.0,12.0,88.0
2026-02-09 10:38:24,23.9,1.2,5400.0,0.4808570638691264,450375680.0,12.0,91.0
2026-02-09 10:38:31,23.4,0.9,5400.0,0.434415546188185,450367488.0,12.0,93.0
2026-02-09 10:38:39,25.2,1.3,5400.0,0.469221699180567,450428928.0,12.0,96.0
2026-02-09 10:38:47,27.0,1.1,5400.0,0.4823160930372589,451158016.0,12.0,99.0
2026-02-09 10:38:55,27.5,1.2,5400.0,0.4861611814467237,450899968.0,12.0,103.0
2026-02-09 10:39:02,28.1,1.5,5400.0,0.4265918171023593,451227648.0,12.0,105.0
2026-02-09 10:39:10,28.7,1.7,5400.0,0.5109616510161639,450166784.0,12.0,109.0
2026-02-09 10:39:18,30.3,1.4,5400.0,0.5313305912476687,450277376.0,12.0,112.0
2026-02-09 10:39:26,30.1,1.7,5400.0,0.5545631867166906,450535424.0,12.0,115.0
2026-02-09 10:39:33,31.4,1.3,5400.0,0.5126308118203367,451022848.0,12.0,118.0
2026-02-09 10:39:41,32.5,2.6,5400.0,0.596677778902641,451489792.0,12.0,122.0
2026-02-09 10:39:49,34.9,3.0,5400.0,0.5833919998003381,452149248.0,12.0,125.0
2026-02-09 10:39:57,33.7,2.3,5400.0,0.5799684476074131,451899392.0,12.0,129.0
2026-02-09 10:40:05,33.3,2.0,5400.0,0.6057241117217641,451551232.0,12.0,133.0
2026-02-09 10:40:13,35.4,1.3,5400.0,0.5102372934656815,453169152.0,12.0,137.0
2026-02-09 10:40:20,36.4,1.6,5400.0,0.58325306852829,454922240.0,12.0,140.0
2026-02-09 10:40:28,34.7,1.9,5400.0,0.6043784477861823,454934528.0,12.0,144.0
2026-02-09 10:40:36,37.6,2.0,5400.0,0.5925183019025416,454082560.0,12.0,148.0
2026-02-09 10:40:44,38.9,2.4,5400.0,0.5328894423985151,454463488.0,12.0,152.0
2026-02-09 10:40:51,39.0,3.4,5400.0,0.618777058334657,455077888.0,12.0,155.0
2026-02-09 10:40:59,38.0,1.9,5400.0,0.6066700359633463,455278592.0,12.0,159.0
2026-02-09 10:41:07,37.7,0.9,5300.0,0.5591890316627055,454594560.0,12.0,163.0
2026-02-09 10:41:15,39.5,2.2,5300.0,0.5718754988127072,455352320.0,12.0,167.0
2026-02-09 10:41:22,41.5,2.7,5300.0,0.5645464779080083,455495680.0,12.0,171.0
2026-02-09 10:41:30,42.6,2.7,5300.0,0.5673240953604446,456187904.0,12.0,175.0
2026-02-09 10:41:38,42.8,2.6,5300.0,0.6105226622449154,456036352.0,12.0,179.0
2026-02-09 10:41:46,39.4,2.9,5300.0,0.6144824377671977,456146944.0,12.0,183.0
2026-02-09 10:41:53,42.5,3.3,5300.0,0.6057584458075408,458928128.0,12.0,187.0
2026-02-09 10:42:01,41.5,2.7,5300.0,0.5606609029162495,458395648.0,12.0,191.0
2026-02-09 10:42:09,42.6,2.6,5300.0,0.4453277640495913,458616832.0,12.0,195.0
2026-02-09 10:42:17,44.4,1.9,5300.0,0.5784279655907589,458608640.0,12.0,199.0
2026-02-09 10:42:25,45.3,2.5,5300.0,0.5911837604271676,458858496.0,12.0,203.0
2026-02-09 10:42:32,45.4,2.4,5300.0,0.585737040025942,459497472.0,12.0,208.0
2026-02-09 10:42:40,49.9,3.2,5300.0,0.5595717814205333,459689984.0,12.0,211.0
2026-02-09 10:42:48,47.6,2.6,5300.0,0.5032187523393284,459087872.0,12.0,216.0
2026-02-09 10:42:56,46.1,2.2,5300.0,0.6001740228663752,460460032.0,12.0,220.0
2026-02-09 10:43:03,48.3,2.2,5300.0,0.5328137680812052,460693504.0,12.0,224.0
2026-02-09 10:43:11,50.1,2.6,5300.0,0.6101478890879787,460877824.0,12.0,228.0
2026-02-09 10:43:19,47.0,3.1,5300.0,0.5811461629876111,461729792.0,12.0,232.0
2026-02-09 10:43:27,45.0,2.8,5300.0,0.6374595578628922,462409728.0,12.0,236.0
2026-02-09 10:43:35,48.2,2.7,5300.0,0.6078388737981458,462315520.0,12.0,240.0
2026-02-09 10:43:42,52.8,3.7,5300.0,0.6180574337080224,461385728.0,12.0,244.0
2026-02-09 10:43:50,49.5,3.0,5300.0,0.5672911177981071,461623296.0,12.0,248.0
2026-02-09 10:43:58,43.4,1.9,5300.0,0.5884078248472977,461463552.0,12.0,252.0
2026-02-09 10:44:06,44.0,1.4,5300.0,0.5956646647173871,464474112.0,12.0,256.0
2026-02-09 10:44:13,47.2,2.5,5300.0,0.589205984038802,465039360.0,12.0,259.0
2026-02-09 10:44:21,47.1,3.3,5300.0,0.5123596855012733,465170432.0,12.0,263.0
2026-02-09 10:44:29,50.6,2.3,5300.0,0.4910168252498414,465039360.0,12.0,266.0
2026-02-09 10:44:36,47.2,1.4,5300.0,0.5979296663630883,466198528.0,12.0,270.0
2026-02-09 10:44:44,49.5,2.1,5300.0,0.601953473631516,466563072.0,12.0,273.0
2026-02-09 10:44:52,50.8,3.1,5300.0,0.5906219265312597,466894848.0,12.0,277.0
2026-02-09 10:45:00,56.1,2.9,5300.0,0.5364786922683832,467525632.0,12.0,281.0
2026-02-09 10:45:07,47.5,3.4,5300.0,0.5722750628746082,467501056.0,12.0,284.0
2026-02-09 10:45:15,43.6,2.3,5300.0,0.5789067006462416,469762048.0,12.0,287.0
2026-02-09 10:45:23,43.9,2.1,5300.0,0.512988822509058,470577152.0,12.0,290.0
2026-02-09 10:45:31,46.7,2.6,5300.0,0.5788546922556503,469983232.0,12.0,294.0
2026-02-09 10:45:39,50.5,3.1,5300.0,0.5357933763794194,469884928.0,12.0,297.0
2026-02-09 10:45:46,51.3,2.9,5300.0,0.5361328237356536,470126592.0,12.0,300.0
2026-02-09 10:45:54,52.7,3.7,5300.0,0.5686215853752901,470814720.0,12.0,303.0
2026-02-09 10:46:02,50.6,3.2,5300.0,0.5671896930437628,470867968.0,12.0,306.0
2026-02-09 10:46:10,51.8,3.0,5300.0,0.5688663971194937,469848064.0,12.0,309.0
2026-02-09 10:46:17,51.7,2.4,5300.0,0.5673432746627812,469258240.0,12.0,311.0
2026-02-09 10:46:25,48.9,3.0,5300.0,0.6163845213257889,472498176.0,12.0,314.0
2026-02-09 10:46:33,49.9,2.6,5300.0,0.5572289910350868,472252416.0,12.0,317.0
2026-02-09 10:46:41,50.6,2.6,5300.0,0.5622863815468255,473296896.0,12.0,319.0
2026-02-09 10:46:48,50.9,1.8,5300.0,0.5811590401635465,473591808.0,12.0,321.0
2026-02-09 10:46:56,56.8,3.1,5300.0,0.5757886985843035,475557888.0,12.0,324.0
2026-02-09 10:47:04,53.5,3.7,5300.0,0.5847072878738679,475123712.0,12.0,326.0
2026-02-09 10:47:12,47.6,2.7,5300.0,0.563201009947554,473448448.0,12.0,328.0
2026-02-09 10:47:20,50.9,3.0,5300.0,0.5391490311128521,475504640.0,12.0,330.0
2026-02-09 10:47:27,54.4,3.3,5300.0,0.549476364893713,475348992.0,12.0,332.0
2026-02-09 10:47:35,50.2,2.8,5300.0,0.582531511585578,475631616.0,12.0,334.0
2026-02-09 10:47:43,53.2,3.5,5300.0,0.5129603672068409,475508736.0,12.0,336.0
2026-02-09 10:47:51,50.3,2.8,5300.0,0.5882415504548217,475717632.0,12.0,338.0
2026-02-09 10:47:58,49.8,3.0,5300.0,0.5783404415788238,475992064.0,12.0,339.0
2026-02-09 10:48:06,52.0,3.6,5300.0,0.5872553136543469,476307456.0,12.0,341.0
2026-02-09 10:48:14,49.8,2.8,5300.0,0.5469987026884219,477491200.0,12.0,342.0
2026-02-09 10:48:21,51.9,2.9,5300.0,0.5905353223479399,476557312.0,12.0,343.0
2026-02-09 10:48:29,56.9,2.9,5300.0,0.5394968250020996,476438528.0,12.0,344.0
2026-02-09 10:48:37,54.0,2.9,5300.0,0.6046972658297561,475557888.0,12.0,345.0
2026-02-09 10:48:45,51.4,3.0,5400.0,0.6144379049336441,476172288.0,12.0,346.0
2026-02-09 10:48:52,55.0,3.4,5400.0,0.6119075580825029,476381184.0,12.0,347.0
2026-02-09 10:49:00,50.9,2.6,5400.0,0.5516119743704675,478928896.0,12.0,348.0
2026-02-09 10:49:08,49.3,2.7,5400.0,0.5904553709802766,479875072.0,12.0,349.0
2026-02-09 10:49:16,51.3,3.3,5400.0,0.5577110265572625,479657984.0,12.0,349.0
2026-02-09 10:49:23,51.4,4.1,5400.0,0.5642238806844728,481992704.0,12.0,349.0
2026-02-09 10:49:31,47.8,2.5,5400.0,0.5567965565891613,479854592.0,12.0,350.0
2026-02-09 10:49:39,44.8,2.1,5500.0,0.5764230155227617,479379456.0,12.0,350.0
2026-02-09 10:49:47,53.5,3.1,5500.0,0.5430404255280107,477745152.0,12.0,350.0
2026-02-09 10:49:54,49.8,2.3,5500.0,0.5262239357514696,479518720.0,12.0,350.0
2026-02-09 10:50:02,50.2,3.3,5500.0,0.5581813511089169,479080448.0,12.0,350.0
2026-02-09 10:50:10,49.3,2.9,5500.0,0.5613709959679565,479162368.0,12.0,350.0
2026-02-09 10:50:17,48.1,2.8,5500.0,0.4989652340429437,478752768.0,12.0,349.0
2026-02-09 10:50:25,50.0,3.1,5500.0,0.5789123946870719,481054720.0,12.0,349.0
2026-02-09 10:50:33,47.7,2.4,5600.0,0.5200252325972148,480858112.0,12.0,348.0
2026-02-09 10:50:41,49.9,1.5,5600.0,0.5682916789854664,482365440.0,12.0,347.0
2026-02-09 10:50:49,50.8,2.5,5600.0,0.5283988257773196,482476032.0,12.0,347.0
2026-02-09 10:50:56,51.5,3.4,5600.0,0.5578344832003265,480665600.0,12.0,346.0
2026-02-09 10:51:04,52.6,2.8,5600.0,0.5582877316290208,481243136.0,12.0,345.0
2026-02-09 10:51:12,48.3,2.6,5600.0,0.524520973734549,480780288.0,12.0,344.0
2026-02-09 10:51:20,51.4,2.3,5600.0,0.5616525100738343,481136640.0,12.0,342.0
2026-02-09 10:51:27,49.7,2.2,5600.0,0.5455865232609275,480497664.0,12.0,341.0
2026-02-09 10:51:35,50.0,2.8,5600.0,0.5890485088789739,483143680.0,12.0,340.0
2026-02-09 10:51:43,53.3,3.1,5600.0,0.5275612539193163,483147776.0,12.0,338.0
2026-02-09 10:51:51,54.6,3.2,5600.0,0.5433379002352526,482136064.0,12.0,336.0
2026-02-09 10:51:59,50.2,2.2,5600.0,0.5968080600861669,481865728.0,12.0,335.0
2026-02-09 10:52:07,48.4,2.4,5600.0,0.5393637582323093,482492416.0,12.0,333.0
2026-02-09 10:52:14,56.2,3.6,5600.0,0.5958117853134791,482848768.0,12.0,331.0
2026-02-09 10:52:22,49.1,2.5,5600.0,0.5266887294781853,480763904.0,12.0,329.0
2026-02-09 10:52:30,50.0,2.4,5600.0,0.5458847270742959,481062912.0,12.0,327.0
2026-02-09 10:52:38,51.8,2.2,5600.0,0.5436253005061417,480997376.0,12.0,324.0
2026-02-09 10:52:45,51.7,2.1,5600.0,0.5563452614977902,481460224.0,12.0,322.0
2026-02-09 10:52:53,49.3,2.1,5600.0,0.5076963558537008,482082816.0,12.0,320.0
2026-02-09 10:53:01,47.4,2.2,5600.0,0.5825354367494482,482066432.0,12.0,317.0
2026-02-09 10:53:09,51.7,2.2,5600.0,0.5709832767304269,481378304.0,12.0,315.0
2026-02-09 10:53:16,51.7,3.1,5600.0,0.5240618018396058,480784384.0,12.0,312.0
2026-02-09 10:53:24,57.7,2.9,5600.0,0.5752648789227375,482070528.0,12.0,309.0
2026-02-09 10:53:32,50.4,2.9,5600.0,0.5370707666291453,482148352.0,12.0,306.0
2026-02-09 10:53:40,50.6,3.0,5600.0,0.5498766103861158,479997952.0,12.0,303.0
2026-02-09 10:53:47,54.1,3.5,5600.0,0.5050735781831716,480382976.0,12.0,300.0
2026-02-09 10:53:55,49.4,3.4,5600.0,0.5988709760507104,481697792.0,12.0,298.0
2026-02-09 10:54:03,54.2,2.9,5600.0,0.5779586190332165,481697792.0,12.0,294.0
2026-02-09 10:54:10,46.7,2.2,5600.0,0.5606592919657162,480124928.0,12.0,291.0
2026-02-09 10:54:18,51.7,2.7,5600.0,0.5634384434341084,480501760.0,12.0,288.0
2026-02-09 10:54:26,49.7,2.7,5600.0,0.6036688927381825,480911360.0,12.0,285.0
2026-02-09 10:54:34,49.3,3.2,5600.0,0.4950785997609372,481497088.0,12.0,281.0
2026-02-09 10:54:42,48.6,2.4,5600.0,0.597586906441165,480063488.0,12.0,277.0
2026-02-09 10:54:49,50.0,4.2,5600.0,0.5559200288676902,478896128.0,12.0,274.0
2026-02-09 10:54:57,50.6,2.4,5600.0,0.5073181698425228,478941184.0,12.0,271.0
2026-02-09 10:55:05,50.1,2.5,5600.0,0.6072197903355775,480423936.0,12.0,267.0
2026-02-09 10:55:13,41.9,1.8,5600.0,0.5658389841339783,479649792.0,12.0,263.0
2026-02-09 10:55:21,45.6,2.0,5600.0,0.5988309503863919,479498240.0,12.0,259.0
2026-02-09 10:55:28,51.5,3.2,5600.0,0.5777635156006753,479436800.0,12.0,256.0
2026-02-09 10:55:36,49.9,3.5,5600.0,0.5809863570970661,479555584.0,12.0,252.0
2026-02-09 10:55:44,48.5,3.0,5600.0,0.5134300175459604,479449088.0,12.0,248.0
2026-02-09 10:55:52,47.3,2.7,5600.0,0.5562653168084304,478994432.0,12.0,244.0
2026-02-09 10:55:59,48.4,1.9,5600.0,0.5694888041008397,478703616.0,12.0,240.0
2026-02-09 10:56:07,50.1,2.6,5600.0,0.5743760317509793,478666752.0,12.0,236.0
2026-02-09 10:56:15,51.3,3.1,5600.0,0.6056432395053626,477904896.0,12.0,233.0
2026-02-09 10:56:23,49.0,3.4,5600.0,0.5573758062351242,476491776.0,12.0,229.0
2026-02-09 10:56:30,50.6,2.9,5600.0,0.6193850869677072,477282304.0,12.0,225.0
2026-02-09 10:56:38,53.4,3.6,5600.0,0.5547140975425654,477487104.0,12.0,221.0
2026-02-09 10:56:46,50.2,3.3,5600.0,0.6355271256253195,477065216.0,12.0,217.0
2026-02-09 10:56:53,46.0,3.0,5600.0,0.5867063592700124,476856320.0,12.0,213.0
2026-02-09 10:57:01,48.4,2.3,5600.0,0.5383452059323525,476540928.0,12.0,209.0
2026-02-09 10:57:09,46.3,2.1,5600.0,0.5663130904155854,476639232.0,12.0,205.0
2026-02-09 10:57:17,44.7,2.3,5600.0,0.6271970480641695,476626944.0,12.0,200.0
2026-02-09 10:57:24,43.9,2.2,5600.0,0.6257429505025661,476016640.0,12.0,197.0
2026-02-09 10:57:32,44.7,2.2,5600.0,0.5955979107610961,475598848.0,12.0,193.0
2026-02-09 10:57:40,44.2,1.8,5600.0,0.5694938547478757,475734016.0,12.0,188.0
2026-02-09 10:57:48,43.7,2.2,5600.0,0.5253613173956116,475766784.0,12.0,184.0
2026-02-09 10:57:55,44.0,2.1,5600.0,0.6262008967864212,477896704.0,12.0,180.0
2026-02-09 10:58:03,41.8,1.7,5600.0,0.5814178059655444,477159424.0,12.0,176.0
2026-02-09 10:58:11,42.9,2.4,5600.0,0.5306641238758377,476086272.0,12.0,172.0
2026-02-09 10:58:18,40.1,2.0,5600.0,0.5193161287081098,475635712.0,12.0,169.0
2026-02-09 10:58:26,41.6,1.9,5600.0,0.5575652903310645,475025408.0,12.0,164.0
2026-02-09 10:58:34,40.8,2.2,5600.0,0.545164697644842,473235456.0,12.0,160.0
2026-02-09 10:58:42,37.7,1.7,5600.0,0.5796906661445171,473755648.0,12.0,157.0
2026-02-09 10:58:49,41.6,2.4,5600.0,0.567110737976062,474918912.0,12.0,153.0
2026-02-09 10:58:57,37.4,2.2,5600.0,0.6006600297506076,474914816.0,12.0,149.0
2026-02-09 10:59:05,39.8,2.5,5600.0,0.5449647666081191,474730496.0,12.0,145.0
2026-02-09 10:59:13,36.7,2.0,5600.0,0.5856339202006092,474882048.0,12.0,141.0
2026-02-09 10:59:20,35.9,2.0,5600.0,0.5260661201144607,473444352.0,12.0,138.0
2026-02-09 10:59:28,35.3,1.2,5600.0,0.5029690152421593,473559040.0,12.0,134.0
2026-02-09 10:59:36,36.2,1.6,5600.0,0.5565159518348498,474107904.0,12.0,130.0
2026-02-09 10:59:43,34.3,1.4,5600.0,0.5665698530701386,475045888.0,12.0,127.0
2026-02-09 10:59:51,33.9,1.8,5600.0,0.5776548130969241,474722304.0,12.0,124.0
2026-02-09 10:59:59,31.1,1.8,5600.0,0.5622139317642576,474841088.0,12.0,120.0
2026-02-09 11:00:07,31.7,1.4,5600.0,0.5965262850030076,473968640.0,12.0,116.0
2026-02-09 11:00:14,31.4,1.6,5600.0,0.553906137732717,473530368.0,12.0,113.0
2026-02-09 11:00:22,30.3,1.5,5600.0,0.5472117752938854,473219072.0,12.0,110.0
2026-02-09 11:00:30,29.1,1.8,5600.0,0.5177958110891088,474071040.0,12.0,107.0
2026-02-09 11:00:38,28.6,1.1,5600.0,0.6026036670709095,473595904.0,12.0,103.0
2026-02-09 11:00:46,26.4,0.7,5600.0,0.5593614749859024,474005504.0,12.0,100.0
2026-02-09 11:00:53,26.7,1.4,5600.0,0.5177295565026178,473804800.0,12.0,98.0
2026-02-09 11:01:01,27.6,0.9,5600.0,0.583574015204698,473804800.0,12.0,95.0
2026-02-09 11:01:09,27.1,0.7,5600.0,0.5776317385109146,473743360.0,12.0,92.0
2026-02-09 11:01:17,24.4,0.8,5600.0,0.5698920919190645,473767936.0,12.0,89.0
2026-02-09 11:01:24,23.6,1.4,5600.0,0.5481731063419119,474091520.0,12.0,87.0
2026-02-09 11:01:32,22.9,0.6,5600.0,0.506698120520019,474447872.0,12.0,84.0
2026-02-09 11:01:40,23.1,1.4,5600.0,0.5424310292319608,474025984.0,12.0,81.0
2026-02-09 11:01:48,23.0,0.7,5600.0,0.4390207151287341,474177536.0,12.0,79.0
2026-02-09 11:01:55,20.7,0.8,5600.0,0.5003543615595633,472051712.0,12.0,77.0
2026-02-09 11:02:03,21.7,1.1,5500.0,0.4680141098187628,472248320.0,12.0,74.0
2026-02-09 11:02:11,20.8,0.6,5500.0,0.4520977294224511,473735168.0,12.0,72.0
2026-02-09 11:02:19,20.5,1.2,5500.0,0.5181933039003112,474140672.0,12.0,70.0
2026-02-09 11:02:26,19.9,1.1,5500.0,0.4727052187452497,472952832.0,12.0,68.0
2026-02-09 11:02:34,19.3,0.8,5500.0,0.5159121122573989,472023040.0,12.0,66.0
2026-02-09 11:02:42,19.1,1.0,5500.0,0.503642878302863,471822336.0,12.0,64.0
2026-02-09 11:02:50,17.5,0.8,5500.0,0.4268822885514726,472358912.0,12.0,63.0
2026-02-09 11:02:57,16.8,0.8,5500.0,0.464445665854775,471986176.0,12.0,61.0
2026-02-09 11:03:05,17.1,1.0,5500.0,0.4057100296040175,472055808.0,12.0,60.0
2026-02-09 11:03:13,16.7,0.6,5500.0,0.4283521958958964,472584192.0,12.0,58.0
2026-02-09 11:03:21,15.7,1.3,5500.0,0.4473939102818151,472469504.0,12.0,57.0
2026-02-09 11:03:28,15.7,0.6,5500.0,0.3800114855254474,472518656.0,12.0,56.0
2026-02-09 11:03:36,16.3,0.4,5500.0,0.4376847277986189,472825856.0,12.0,55.0
2026-02-09 11:03:44,16.2,0.8,5500.0,0.4168599670980736,472920064.0,12.0,54.0
2026-02-09 11:03:52,15.6,0.7,5500.0,0.4154082927267702,472580096.0,12.0,53.0
2026-02-09 11:03:59,14.3,0.6,5500.0,0.3812552811677737,472547328.0,12.0,52.0
2026-02-09 11:04:07,14.1,1.4,5500.0,0.4264448176009718,472547328.0,12.0,51.0
2026-02-09 11:04:15,14.3,0.7,5500.0,0.3850605123114403,472842240.0,12.0,51.0
2026-02-09 11:04:23,14.5,0.4,5500.0,0.4065707749672831,472924160.0,12.0,51.0
2026-02-09 11:04:30,13.8,0.5,5500.0,0.3901616434302012,473149440.0,12.0,50.0
2026-02-09 11:04:38,13.4,0.8,5500.0,0.3512534454707715,473542656.0,12.0,50.0
2026-02-09 11:04:46,13.8,0.9,5500.0,0.3874236097617643,473837568.0,12.0,50.0
2026-02-09 11:04:54,13.9,0.3,5500.0,0.3736131306907381,473923584.0,12.0,50.0
2026-02-09 11:05:01,14.7,0.4,5500.0,0.3764789510494504,474243072.0,12.0,50.0
2026-02-09 11:05:09,13.7,0.6,5500.0,0.3617480103724818,474734592.0,12.0,50.0
2026-02-09 11:05:17,13.4,0.8,5500.0,0.3708831599744853,474136576.0,12.0,51.0
2026-02-09 11:05:25,14.5,0.7,5500.0,0.3536700357298055,473804800.0,12.0,51.0
2026-02-09 11:05:32,14.1,0.6,5500.0,0.3635816582456354,474238976.0,12.0,52.0
2026-02-09 11:05:40,14.1,0.7,5500.0,0.3382106830877281,474259456.0,12.0,53.0
2026-02-09 11:05:48,14.1,0.6,5500.0,0.3793516844645785,474345472.0,12.0,53.0
2026-02-09 11:05:56,14.8,0.8,5500.0,0.3410569419878519,473751552.0,12.0,54.0
2026-02-09 11:06:04,15.6,0.7,5500.0,0.3700098773211073,474374144.0,12.0,55.0
2026-02-09 11:06:12,14.6,0.9,5500.0,0.3323809217887505,474378240.0,12.0,57.0
2026-02-09 11:06:19,14.6,0.6,5500.0,0.3307694681828626,474951680.0,12.0,58.0
2026-02-09 11:06:27,16.1,0.5,5500.0,0.3643253898091662,474955776.0,12.0,59.0
2026-02-09 11:06:35,16.9,0.7,5500.0,0.3982909660633559,474877952.0,12.0,60.0
2026-02-09 11:06:42,16.9,1.1,5500.0,0.3935205511281275,475156480.0,12.0,62.0
2026-02-09 11:06:50,17.8,0.5,5500.0,0.4090021719646559,475987968.0,12.0,63.0
2026-02-09 11:06:58,18.1,0.9,5500.0,0.3961470681798544,475860992.0,12.0,65.0
2026-02-09 11:07:06,19.0,1.7,5500.0,0.388178134410898,475697152.0,12.0,67.0
2026-02-09 11:07:14,19.1,1.1,5500.0,0.3628909001492754,475516928.0,12.0,69.0
2026-02-09 11:07:21,18.7,0.7,5500.0,0.4139387471764233,475713536.0,12.0,71.0
2026-02-09 11:07:29,20.3,1.0,5500.0,0.3693332045019766,475357184.0,12.0,73.0
2026-02-09 11:07:37,19.7,0.7,5500.0,0.4100002602935409,475316224.0,12.0,75.0
2026-02-09 11:07:45,20.6,1.5,5500.0,0.4497495854809815,475590656.0,12.0,78.0
2026-02-09 11:07:52,22.5,1.3,5500.0,0.4503262901005294,475770880.0,12.0,80.0
2026-02-09 11:08:00,23.1,1.7,5500.0,0.4007684468496975,476729344.0,12.0,83.0
2026-02-09 11:08:08,24.5,1.5,5500.0,0.4387805504492245,476413952.0,12.0,85.0
2026-02-09 11:08:16,23.4,0.9,5500.0,0.4858979786154647,476491776.0,12.0,88.0
2026-02-09 11:08:23,23.8,1.4,5500.0,0.4706656295461272,475967488.0,12.0,91.0
2026-02-09 11:08:31,25.3,1.8,5500.0,0.4488292215792986,476147712.0,12.0,93.0
2026-02-09 11:08:39,26.6,1.1,5500.0,0.4920927023838847,476512256.0,12.0,96.0
2026-02-09 11:08:47,26.2,1.7,5500.0,0.4796621969971417,476356608.0,12.0,99.0
2026-02-09 11:08:54,27.5,1.6,5500.0,0.4855301539604595,477118464.0,12.0,102.0
2026-02-09 11:09:02,28.5,1.8,5500.0,0.460089279730051,477118464.0,12.0,105.0
2026-02-09 11:09:10,28.6,1.9,5500.0,0.3886138247035656,477986816.0,12.0,108.0
2026-02-09 11:09:18,28.8,1.8,5500.0,0.5371574193824751,478396416.0,12.0,112.0
2026-02-09 11:09:25,30.6,2.4,5500.0,0.5363285746949104,478785536.0,12.0,115.0
2026-02-09 11:09:33,30.7,1.7,5500.0,0.5046501570841804,478588928.0,12.0,118.0
2026-02-09 11:09:41,32.6,1.6,5500.0,0.5320256571604927,478932992.0,12.0,122.0
2026-02-09 11:09:49,29.9,2.0,5500.0,0.5047312784517908,478973952.0,12.0,126.0
2026-02-09 11:09:57,30.3,1.7,5500.0,0.5443676408672407,478707712.0,12.0,129.0
2026-02-09 11:10:05,32.8,1.8,5500.0,0.5508117865289781,478851072.0,12.0,133.0
2026-02-09 11:10:12,34.5,2.2,5500.0,0.5666176877537561,480497664.0,12.0,136.0
2026-02-09 11:10:20,35.6,1.7,5500.0,0.5004840840734156,479916032.0,12.0,140.0
2026-02-09 11:10:28,35.1,1.5,5500.0,0.5780004263021913,479825920.0,12.0,144.0
2026-02-09 11:10:36,37.7,1.7,5500.0,0.5586103189316022,479817728.0,12.0,148.0
2026-02-09 11:10:43,38.5,1.8,5500.0,0.5151966845039557,480952320.0,12.0,151.0
2026-02-09 11:10:51,38.4,1.8,5500.0,0.6111167370902626,480808960.0,12.0,155.0
2026-02-09 11:10:59,36.6,2.2,5500.0,0.5201729477326201,480739328.0,12.0,159.0
2026-02-09 11:11:07,41.2,2.4,5500.0,0.5725270138405718,482869248.0,12.0,163.0
2026-02-09 11:11:14,39.4,2.1,5500.0,0.5964902513229878,483106816.0,12.0,167.0
2026-02-09 11:11:22,42.8,3.1,5500.0,0.5946776813513638,483012608.0,12.0,171.0
2026-02-09 11:11:30,42.3,2.7,5500.0,0.489832328546784,483041280.0,12.0,175.0
2026-02-09 11:11:38,42.8,2.8,5500.0,0.55152186515828,483594240.0,12.0,179.0
2026-02-09 11:11:45,43.1,2.3,5500.0,0.5976800410689083,484577280.0,12.0,183.0
2026-02-09 11:11:53,41.9,2.6,5500.0,0.5240085945884535,485470208.0,12.0,187.0
2026-02-09 11:12:01,42.7,2.4,5500.0,0.6020151960226874,485224448.0,12.0,191.0
2026-02-09 11:12:09,46.8,2.1,5500.0,0.4918738231897169,485351424.0,12.0,195.0
2026-02-09 11:12:16,44.7,2.4,5500.0,0.5944278716156095,485978112.0,12.0,199.0
2026-02-09 11:12:24,42.9,2.1,5500.0,0.6103188489183445,485351424.0,12.0,203.0
2026-02-09 11:12:32,46.4,2.5,5500.0,0.6006511662677361,485138432.0,12.0,207.0
2026-02-09 11:12:40,46.4,2.4,5500.0,0.549960072447689,487354368.0,12.0,212.0
2026-02-09 11:12:47,44.8,3.2,5500.0,0.6016922229609858,487620608.0,12.0,215.0
2026-02-09 11:12:55,43.7,2.9,5500.0,0.5877991674271835,486612992.0,12.0,220.0
2026-02-09 11:13:03,48.5,2.9,5500.0,0.4783377168969997,486801408.0,12.0,224.0
2026-02-09 11:13:11,48.5,3.0,5500.0,0.5579303637738057,487591936.0,12.0,227.0
2026-02-09 11:13:18,42.8,2.3,5500.0,0.5650636750008308,488480768.0,12.0,231.0
2026-02-09 11:13:26,48.4,2.7,5500.0,0.5837561270746249,488554496.0,12.0,235.0
2026-02-09 11:13:34,46.5,2.2,5500.0,0.5403162290256192,488243200.0,12.0,239.0
2026-02-09 11:13:42,47.8,3.5,5500.0,0.5920820118572442,490156032.0,12.0,243.0
2026-02-09 11:13:49,48.9,2.5,5500.0,0.5219917004964293,490270720.0,12.0,247.0
2026-02-09 11:13:57,49.8,2.4,5500.0,0.5230717125271134,490708992.0,12.0,251.0
2026-02-09 11:14:05,44.5,2.3,5500.0,0.5717779072742162,490721280.0,12.0,255.0
2026-02-09 11:14:13,47.9,2.5,5500.0,0.5194886607023165,491360256.0,12.0,259.0
2026-02-09 11:14:20,46.1,2.3,5500.0,0.5765735327942862,493129728.0,12.0,262.0
2026-02-09 11:14:28,47.0,2.6,5500.0,0.5393387928027663,493019136.0,12.0,266.0
2026-02-09 11:14:36,46.0,3.0,5500.0,0.5766269327664467,492347392.0,12.0,269.0
2026-02-09 11:14:43,48.8,2.6,5500.0,0.5413094777280308,495849472.0,12.0,273.0
2026-02-09 11:14:51,48.8,4.2,5500.0,0.4963615952269643,496164864.0,12.0,276.0
2026-02-09 11:14:59,49.9,4.0,5500.0,0.5560140899974371,496312320.0,12.0,280.0
2026-02-09 11:15:07,50.0,3.3,5500.0,0.5396408612065583,495968256.0,12.0,284.0
2026-02-09 11:15:15,51.7,2.5,5500.0,0.5620348901150655,495476736.0,12.0,287.0
2026-02-09 11:15:22,48.7,2.5,5500.0,0.5760953332322792,495927296.0,12.0,290.0
2026-02-09 11:15:30,51.9,3.1,5500.0,0.4704760824001116,498073600.0,12.0,293.0
2026-02-09 11:15:38,49.1,2.7,5500.0,0.5830189640413341,498249728.0,12.0,297.0
2026-02-09 11:15:45,47.8,2.1,5500.0,0.571120361724469,499978240.0,12.0,299.0
2026-02-09 11:15:53,52.8,3.1,5400.0,0.5483372193341649,498675712.0,12.0,302.0
2026-02-09 11:16:01,50.3,2.6,5400.0,0.5582700046825251,499056640.0,12.0,305.0
2026-02-09 11:16:09,52.0,2.4,5400.0,0.4350454784710265,499113984.0,12.0,308.0
2026-02-09 11:16:17,49.3,3.5,5400.0,0.5716396669971063,498913280.0,12.0,311.0
2026-02-09 11:16:24,50.7,2.9,5400.0,0.532781009325597,498950144.0,12.0,314.0
2026-02-09 11:16:32,52.9,3.5,5400.0,0.545094593051326,499306496.0,12.0,316.0
2026-02-09 11:16:40,51.9,2.5,5400.0,0.5057689427486954,499650560.0,12.0,319.0
2026-02-09 11:16:48,56.4,2.9,5400.0,0.5806695061496896,500121600.0,12.0,322.0
2026-02-09 11:16:55,52.9,3.2,5400.0,0.5671631057790221,499544064.0,12.0,324.0
2026-02-09 11:17:03,50.3,2.8,5400.0,0.4997210107827549,499662848.0,12.0,326.0
2026-02-09 11:17:11,52.9,3.6,5400.0,0.563550340382661,502214656.0,12.0,328.0
2026-02-09 11:17:19,50.0,3.3,5400.0,0.5656544933534575,502509568.0,12.0,330.0
2026-02-09 11:17:26,48.5,3.5,5400.0,0.5832497454275575,501366784.0,12.0,332.0
2026-02-09 11:17:34,53.4,3.7,5500.0,0.5850869024041454,502497280.0,12.0,334.0
2026-02-09 11:17:42,48.8,2.2,5500.0,0.5657815986256697,502616064.0,12.0,336.0
2026-02-09 11:17:50,51.4,2.7,5500.0,0.5236095459225512,503980032.0,12.0,338.0
2026-02-09 11:17:58,45.6,2.3,5500.0,0.5726853871406893,504283136.0,12.0,339.0
2026-02-09 11:18:05,39.5,2.5,5500.0,0.5296957450190916,504840192.0,12.0,340.0
2026-02-09 11:18:13,46.5,3.2,5500.0,0.5468868181262944,505757696.0,12.0,342.0
2026-02-09 11:18:21,46.6,2.2,5500.0,0.521600200374291,505712640.0,12.0,343.0
2026-02-09 11:18:29,45.2,2.2,5500.0,0.5273281512768263,504926208.0,12.0,344.0
2026-02-09 11:18:36,52.8,2.8,5500.0,0.5089554561084337,505081856.0,12.0,345.0
2026-02-09 11:18:44,50.5,3.4,5500.0,0.5611126942210714,506929152.0,12.0,346.0
2026-02-09 11:18:52,51.0,3.0,5500.0,0.5359300580688143,505810944.0,12.0,347.0
2026-02-09 11:18:59,52.5,2.7,5600.0,0.5436662288783611,505888768.0,12.0,348.0
2026-02-09 11:19:07,53.4,3.2,5600.0,0.5639755724643856,505929728.0,12.0,348.0
2026-02-09 11:19:15,44.9,2.0,5600.0,0.5474008476367132,504807424.0,12.0,349.0
2026-02-09 11:19:23,48.3,2.8,5600.0,0.5122910661586654,507654144.0,12.0,349.0
2026-02-09 11:19:30,47.7,3.2,5600.0,0.5650520189558919,506220544.0,12.0,350.0
2026-02-09 11:19:39,50.9,3.4,5600.0,0.5154355441922956,507088896.0,12.0,350.0
2026-02-09 11:19:46,53.5,2.9,5600.0,0.4941253387842969,506740736.0,12.0,350.0
2026-02-09 11:19:54,50.1,2.0,5600.0,0.4934011227581441,508342272.0,12.0,350.0
2026-02-09 11:20:02,52.0,3.5,5600.0,0.5127285499543756,507760640.0,12.0,350.0
2026-02-09 11:20:09,50.6,3.3,5600.0,0.5185575608580849,507596800.0,12.0,350.0
2026-02-09 11:20:17,55.9,3.5,5600.0,0.5239136566332263,507588608.0,12.0,349.0
2026-02-09 11:20:25,50.3,2.8,5700.0,0.5804681513491389,505647104.0,12.0,349.0
2026-02-09 11:20:33,52.1,3.3,5700.0,0.5341986784267325,505647104.0,12.0,348.0
2026-02-09 11:20:41,52.1,2.8,5700.0,0.5584129555783762,507342848.0,12.0,347.0
2026-02-09 11:20:48,49.0,2.9,5700.0,0.4778810109238379,507908096.0,12.0,347.0
2026-02-09 11:20:56,50.9,2.2,5700.0,0.555765753671174,506851328.0,12.0,346.0
2026-02-09 11:21:04,54.9,2.4,5700.0,0.5210994741567344,510689280.0,12.0,345.0
2026-02-09 11:21:12,47.4,2.9,5700.0,0.5619759209648999,510689280.0,12.0,344.0
2026-02-09 11:21:19,48.5,3.1,5700.0,0.5276112738635361,510074880.0,12.0,342.0
2026-02-09 11:21:27,52.0,2.4,5700.0,0.5806194887817754,508624896.0,12.0,341.0
2026-02-09 11:21:35,50.3,2.1,5700.0,0.5723284887436619,508182528.0,12.0,340.0
2026-02-09 11:21:43,48.5,2.8,5700.0,0.5775147117380602,506769408.0,12.0,338.0
2026-02-09 11:21:50,49.5,2.1,5700.0,0.5163984599650938,509751296.0,12.0,337.0
2026-02-09 11:21:58,45.5,2.3,5700.0,0.5720844888227323,509874176.0,12.0,335.0
2026-02-09 11:22:06,50.8,2.2,5700.0,0.583487570494596,509272064.0,12.0,333.0
2026-02-09 11:22:14,52.4,3.1,5700.0,0.487036202593099,510062592.0,12.0,331.0
2026-02-09 11:22:22,48.7,3.1,5800.0,0.5422177255566998,508829696.0,12.0,329.0
2026-02-09 11:22:29,52.1,2.7,5800.0,0.519360297604355,508911616.0,12.0,327.0
2026-02-09 11:22:37,46.9,2.1,5800.0,0.4896117996363632,508620800.0,12.0,324.0
2026-02-09 11:22:45,48.0,2.5,5800.0,0.5672283924228042,509583360.0,12.0,322.0
2026-02-09 11:22:53,51.7,3.2,5800.0,0.5223281808631738,510042112.0,12.0,320.0
2026-02-09 11:23:01,51.6,2.5,5800.0,0.5487405719997962,508526592.0,12.0,317.0
2026-02-09 11:23:08,47.5,2.4,5700.0,0.5295191037552968,508526592.0,12.0,315.0
2026-02-09 11:23:16,51.8,3.0,5800.0,0.5578237690708945,508002304.0,12.0,312.0
2026-02-09 11:23:24,51.9,3.1,5700.0,0.4771222959141419,507830272.0,12.0,309.0
2026-02-09 11:23:31,52.0,3.4,5700.0,0.5081968047093182,507658240.0,12.0,307.0
2026-02-09 11:23:39,51.2,2.5,5700.0,0.5661939606605094,507559936.0,12.0,304.0
2026-02-09 11:23:47,50.2,3.0,5700.0,0.5442046974514237,508731392.0,12.0,301.0
2026-02-09 11:23:55,50.4,3.4,5700.0,0.5624828483081338,507904000.0,12.0,298.0
2026-02-09 11:24:02,48.4,2.5,5700.0,0.5874963327605901,506994688.0,12.0,295.0
2026-02-09 11:24:10,49.9,2.2,5700.0,0.5673997629600901,507404288.0,12.0,291.0
2026-02-09 11:24:18,47.2,2.9,5700.0,0.5997856412804194,506638336.0,12.0,288.0
2026-02-09 11:24:26,48.2,2.2,5700.0,0.5616399940921184,505475072.0,12.0,285.0
2026-02-09 11:24:33,50.4,2.0,5700.0,0.541627326228234,505683968.0,12.0,282.0
2026-02-09 11:24:41,52.2,1.9,5700.0,0.4889733853590173,505008128.0,12.0,278.0
2026-02-09 11:24:49,47.7,1.9,5700.0,0.5892352339963917,505319424.0,12.0,274.0
2026-02-09 11:24:57,49.2,2.6,5700.0,0.5411517812854312,507486208.0,12.0,271.0
2026-02-09 11:25:05,49.2,2.0,5700.0,0.5378359200911382,507195392.0,12.0,267.0
2026-02-09 11:25:12,50.9,1.8,5700.0,0.5755998379417672,505053184.0,12.0,264.0
2026-02-09 11:25:20,47.6,2.4,5700.0,0.6026889819957192,506179584.0,12.0,260.0
2026-02-09 11:25:28,49.0,2.2,5700.0,0.5960828322583375,505872384.0,12.0,256.0
2026-02-09 11:25:35,50.6,3.2,5700.0,0.5372127719007982,504799232.0,12.0,253.0
2026-02-09 11:25:43,48.9,2.7,5700.0,0.5221570780441104,504852480.0,12.0,249.0
2026-02-09 11:25:51,49.8,2.7,5700.0,0.5930195392143842,503439360.0,12.0,245.0
2026-02-09 11:25:59,51.5,2.2,5700.0,0.5458259180544325,503398400.0,12.0,241.0
2026-02-09 11:26:06,48.9,3.3,5700.0,0.5525837787814388,504328192.0,12.0,237.0
2026-02-09 11:26:14,44.7,2.1,5700.0,0.541456331469073,503668736.0,12.0,233.0
2026-02-09 11:26:21,43.3,2.4,5700.0,0.5745416089636212,503517184.0,12.0,229.0
2026-02-09 11:26:29,46.1,1.9,5700.0,0.5527733256925021,503914496.0,12.0,225.0
2026-02-09 11:26:37,49.3,2.8,5700.0,0.5297575990054586,503271424.0,12.0,221.0
2026-02-09 11:26:44,47.1,2.3,5700.0,0.5755634878747695,501510144.0,12.0,217.0
2026-02-09 11:26:52,47.0,2.3,5700.0,0.5930190981931948,503418880.0,12.0,213.0
2026-02-09 11:27:00,46.6,2.6,5700.0,0.5214018331285086,503902208.0,12.0,209.0
2026-02-09 11:27:08,43.5,2.4,5700.0,0.5579175431446994,503926784.0,12.0,205.0
2026-02-09 11:27:16,45.3,2.0,5700.0,0.6115572940217906,502099968.0,12.0,201.0
2026-02-09 11:27:24,47.2,2.4,5700.0,0.5011351627501494,503156736.0,12.0,197.0
2026-02-09 11:27:31,47.0,3.1,5700.0,0.6090473767331144,504016896.0,12.0,193.0
2026-02-09 11:27:39,44.8,2.1,5700.0,0.58357659711623,503959552.0,12.0,189.0
2026-02-09 11:27:47,44.1,1.8,5700.0,0.6043314246094347,503214080.0,12.0,185.0
2026-02-09 11:27:55,42.1,2.2,5700.0,0.6296730805222368,501403648.0,12.0,181.0
2026-02-09 11:28:02,44.1,2.6,5700.0,0.5485363695349873,501772288.0,12.0,177.0
2026-02-09 11:28:10,41.9,2.0,5700.0,0.624336782984862,501149696.0,12.0,173.0
2026-02-09 11:28:18,41.3,2.0,5700.0,0.56671651361108,500768768.0,12.0,169.0
2026-02-09 11:28:26,38.2,2.2,5700.0,0.6246386497532328,501809152.0,12.0,164.0
2026-02-09 11:28:33,40.1,2.0,5700.0,0.5628727683942544,501678080.0,12.0,161.0
2026-02-09 11:28:41,37.4,2.1,5700.0,0.5995146471902337,502116352.0,12.0,157.0
2026-02-09 11:28:49,40.0,2.1,5700.0,0.5826743595874562,502239232.0,12.0,153.0
2026-02-09 11:28:57,42.4,3.0,5700.0,0.5210371860564401,500805632.0,12.0,149.0
2026-02-09 11:29:04,37.0,3.1,5700.0,0.5510192882553806,501215232.0,12.0,145.0
2026-02-09 11:29:12,37.8,2.1,5700.0,0.5794507815808924,501649408.0,12.0,142.0
2026-02-09 11:29:20,36.0,1.3,5700.0,0.5692034173190661,501460992.0,12.0,138.0
2026-02-09 11:29:28,35.3,2.5,5700.0,0.6113604888373214,501661696.0,12.0,134.0
2026-02-09 11:29:35,33.8,1.7,5700.0,0.6071255099204739,502620160.0,12.0,131.0
2026-02-09 11:29:43,33.9,2.2,5700.0,0.5853452611905773,501121024.0,12.0,127.0
2026-02-09 11:29:51,34.0,1.8,5700.0,0.6178341681802353,501280768.0,12.0,124.0
2026-02-09 11:29:59,33.3,1.7,5700.0,0.567953761223817,500314112.0,12.0,120.0
2026-02-09 11:30:06,32.4,2.6,5700.0,0.5741532428639476,500617216.0,12.0,117.0
2026-02-09 11:30:14,30.8,2.3,5700.0,0.5740010502281946,500277248.0,12.0,113.0
2026-02-09 11:30:22,30.4,1.0,5700.0,0.5863833094906804,500543488.0,12.0,110.0
2026-02-09 11:30:30,29.5,0.8,5700.0,0.5453202599135721,500740096.0,12.0,107.0
2026-02-09 11:30:37,30.2,1.3,5700.0,0.5547824577374267,501092352.0,12.0,104.0
2026-02-09 11:30:45,28.3,1.8,5700.0,0.5861629677968786,500436992.0,12.0,101.0
2026-02-09 11:30:53,24.9,1.3,5700.0,0.5855598356704377,499699712.0,12.0,98.0
2026-02-09 11:31:01,26.6,1.6,5700.0,0.5290467112116147,500142080.0,12.0,94.0
2026-02-09 11:31:08,26.2,1.1,5700.0,0.5659701261994754,500789248.0,12.0,92.0
2026-02-09 11:31:16,24.7,1.1,5700.0,0.5462321753250143,500690944.0,12.0,89.0
2026-02-09 11:31:24,23.7,1.1,5700.0,0.553927432864231,499425280.0,12.0,87.0
2026-02-09 11:31:32,23.2,1.2,5700.0,0.5418242298901209,499597312.0,12.0,84.0
2026-02-09 11:31:39,23.2,1.7,5700.0,0.5363443429678966,500031488.0,12.0,82.0
2026-02-09 11:31:47,23.3,0.5,5700.0,0.4734286110045687,499896320.0,12.0,79.0
2026-02-09 11:31:55,21.8,1.8,5700.0,0.5137941851349843,500064256.0,12.0,77.0
2026-02-09 11:32:03,21.4,1.0,5700.0,0.4736583752539662,499773440.0,12.0,74.0
2026-02-09 11:32:11,21.1,1.0,5700.0,0.5042552498317393,497696768.0,12.0,72.0
2026-02-09 11:32:19,19.5,1.4,5700.0,0.5014999198226658,497532928.0,12.0,70.0
2026-02-09 11:32:26,19.7,1.4,5700.0,0.4842101013744302,497664000.0,12.0,68.0
2026-02-09 11:32:34,18.7,2.3,5700.0,0.44159322292618,497504256.0,12.0,66.0
2026-02-09 11:32:42,18.0,1.0,5700.0,0.4340716017092789,497680384.0,12.0,64.0
2026-02-09 11:32:50,17.3,0.9,5700.0,0.4392340208285463,497647616.0,12.0,62.0
2026-02-09 11:32:57,17.9,0.7,5700.0,0.4125032141497311,497647616.0,12.0,61.0
2026-02-09 11:33:05,16.8,1.1,5700.0,0.4257184794796307,498778112.0,12.0,60.0
2026-02-09 11:33:13,16.5,0.8,5700.0,0.4298655646338667,497659904.0,12.0,58.0
2026-02-09 11:33:21,15.8,0.7,5700.0,0.4287966387804094,497430528.0,12.0,57.0
2026-02-09 11:33:28,15.1,0.8,5700.0,0.3985487018624741,497471488.0,12.0,56.0
2026-02-09 11:33:36,15.2,1.1,5700.0,0.4203749222527104,498102272.0,12.0,55.0
2026-02-09 11:33:44,14.8,0.4,5700.0,0.3878083526161262,498102272.0,12.0,54.0
2026-02-09 11:33:52,15.1,0.8,5700.0,0.3985991177389072,498806784.0,12.0,53.0
2026-02-09 11:33:59,14.9,0.8,5700.0,0.3894543460809095,498671616.0,12.0,52.0
2026-02-09 11:34:07,15.1,0.6,5700.0,0.3666620451923238,498728960.0,12.0,51.0
2026-02-09 11:34:15,14.2,1.0,5700.0,0.3886412643231229,499032064.0,12.0,51.0
2026-02-09 11:34:23,14.3,0.7,5700.0,0.3907327993396158,499294208.0,12.0,51.0
2026-02-09 11:34:30,14.2,0.5,5700.0,0.3774478555093681,499412992.0,12.0,50.0
2026-02-09 11:34:38,14.1,0.8,5700.0,0.3781114057454692,499765248.0,12.0,50.0
2026-02-09 11:34:46,14.0,0.4,5700.0,0.3717073542430576,499425280.0,12.0,50.0
2026-02-09 11:34:54,14.6,0.7,5700.0,0.2555123710187402,499314688.0,12.0,50.0
2026-02-09 11:35:01,14.1,1.0,5700.0,0.3706970245007819,498708480.0,12.0,50.0
2026-02-09 11:35:09,14.7,1.6,5700.0,0.3578412180286077,498843648.0,12.0,50.0
2026-02-09 11:35:17,13.9,0.7,5700.0,0.3764867201862593,499228672.0,12.0,51.0
2026-02-09 11:35:25,14.5,0.6,5700.0,0.3941524749311311,499982336.0,12.0,51.0
2026-02-09 11:35:32,14.6,0.5,5700.0,0.3860684966197605,500236288.0,12.0,52.0
2026-02-09 11:35:40,15.1,1.0,5700.0,0.3855056925877517,499281920.0,12.0,53.0
2026-02-09 11:35:48,14.0,0.6,5700.0,0.3927144795270181,499417088.0,12.0,53.0
2026-02-09 11:35:56,14.4,0.8,5700.0,0.3556906881030164,499294208.0,12.0,54.0
2026-02-09 11:36:03,15.0,0.6,5700.0,0.348766120340362,500416512.0,12.0,55.0
2026-02-09 11:36:11,14.8,0.3,5700.0,0.4094685919427643,500703232.0,12.0,56.0
2026-02-09 11:36:19,16.4,0.7,5700.0,0.3360358148454612,500703232.0,12.0,58.0
2026-02-09 11:36:27,16.2,1.1,5700.0,0.4271093436625303,500641792.0,12.0,59.0
2026-02-09 11:36:34,15.7,0.6,5700.0,0.417188188723412,500559872.0,12.0,60.0
2026-02-09 11:36:42,16.5,0.8,5700.0,0.4027927254083512,500699136.0,12.0,62.0
2026-02-09 11:36:50,18.1,1.0,5700.0,0.398499754507193,501051392.0,12.0,63.0
2026-02-09 11:36:58,17.7,0.9,5700.0,0.4247089351631873,501108736.0,12.0,65.0
2026-02-09 11:37:06,18.2,1.0,5700.0,0.4269322575881139,501018624.0,12.0,67.0
2026-02-09 11:37:13,19.0,1.3,5700.0,0.4303019582424571,501243904.0,12.0,69.0
2026-02-09 11:37:21,20.1,0.9,5700.0,0.399996974818131,501452800.0,12.0,71.0
2026-02-09 11:37:29,20.0,1.0,5700.0,0.4358092246273406,502235136.0,12.0,73.0
2026-02-09 11:37:36,19.9,1.1,5700.0,0.4551744384499544,502484992.0,12.0,75.0
2026-02-09 11:37:44,21.0,0.6,5700.0,0.4825640702931204,502317056.0,12.0,77.0
2026-02-09 11:37:52,21.6,0.6,5700.0,0.4966782717110974,502460416.0,12.0,80.0
2026-02-09 11:38:00,21.3,1.1,5700.0,0.4425057520057651,502755328.0,12.0,83.0
2026-02-09 11:38:07,22.4,0.7,5700.0,0.4607185227204671,502829056.0,12.0,85.0
2026-02-09 11:38:15,22.9,1.0,5700.0,0.4785337453569972,502435840.0,12.0,88.0
2026-02-09 11:38:23,24.2,1.4,5700.0,0.494627280359278,501768192.0,12.0,90.0
2026-02-09 11:38:31,24.5,1.0,5700.0,0.5036365840999149,502353920.0,12.0,93.0
2026-02-09 11:38:38,25.7,1.5,5700.0,0.4896051556097385,502263808.0,12.0,96.0
2026-02-09 11:38:46,28.5,1.2,5700.0,0.484851849885883,502386688.0,12.0,99.0
2026-02-09 11:38:54,27.9,1.3,5700.0,0.4875011273255435,504254464.0,12.0,102.0
2026-02-09 11:39:01,28.3,1.0,5700.0,0.5032432136829337,504860672.0,12.0,105.0
2026-02-09 11:39:09,27.8,1.6,5700.0,0.5388262180787845,504905728.0,12.0,108.0
2026-02-09 11:39:17,29.5,1.8,5700.0,0.5086138091998704,504909824.0,12.0,111.0
2026-02-09 11:39:25,30.9,2.0,5700.0,0.5534503595541314,504795136.0,12.0,115.0
2026-02-09 11:39:32,30.1,1.8,5700.0,0.5569775327086358,505094144.0,12.0,118.0
2026-02-09 11:39:40,28.7,1.7,5700.0,0.5136057129114289,505257984.0,12.0,122.0
2026-02-09 11:39:48,29.9,1.8,5700.0,0.5299797906993348,505556992.0,12.0,125.0
2026-02-09 11:39:56,32.7,2.6,5700.0,0.5696728441467802,505778176.0,12.0,129.0
2026-02-09 11:40:03,32.9,2.4,5700.0,0.5587863174288903,506777600.0,12.0,132.0
2026-02-09 11:40:11,33.2,1.9,5700.0,0.5265965241142255,507039744.0,12.0,136.0
2026-02-09 11:40:19,34.0,1.2,5700.0,0.5016206449580607,507195392.0,12.0,140.0
2026-02-09 11:40:27,35.9,2.3,5700.0,0.5680133062888691,506830848.0,12.0,143.0
2026-02-09 11:40:34,37.9,1.8,5700.0,0.5283161904508966,507756544.0,12.0,147.0
2026-02-09 11:40:42,34.8,1.9,5700.0,0.5355231671297872,507858944.0,12.0,151.0
2026-02-09 11:40:50,37.5,2.3,5700.0,0.6113866929745096,507273216.0,12.0,155.0
2026-02-09 11:40:58,39.6,1.7,5700.0,0.5800828193292586,507904000.0,12.0,159.0
2026-02-09 11:41:05,38.0,1.8,5700.0,0.5868469222737116,507932672.0,12.0,162.0
2026-02-09 11:41:13,40.0,1.9,5600.0,0.5540311733461233,509665280.0,12.0,166.0
2026-02-09 11:41:21,41.9,3.7,5600.0,0.6218392891258636,509546496.0,12.0,171.0
2026-02-09 11:41:29,41.9,2.4,5600.0,0.5779693744401617,509419520.0,12.0,175.0
2026-02-09 11:41:36,42.9,2.1,5600.0,0.6249854807511982,510005248.0,12.0,178.0
2026-02-09 11:41:44,43.8,3.4,5600.0,0.5019405953279521,509943808.0,12.0,183.0
2026-02-09 11:41:52,43.1,3.4,5600.0,0.6237365033461847,511381504.0,12.0,187.0
2026-02-09 11:42:00,42.8,2.8,5600.0,0.5873864208691928,511045632.0,12.0,191.0
2026-02-09 11:42:08,43.3,2.2,5600.0,0.5442076372310715,511062016.0,12.0,195.0
2026-02-09 11:42:15,45.4,2.0,5600.0,0.6197456148198773,512688128.0,12.0,199.0
2026-02-09 11:42:23,46.4,2.5,5600.0,0.6029791059962666,512303104.0,12.0,203.0
2026-02-09 11:42:31,41.7,2.7,5600.0,0.6159561458447768,513249280.0,12.0,207.0
2026-02-09 11:42:39,46.8,2.2,5600.0,0.5500591510304672,513208320.0,12.0,211.0
2026-02-09 11:42:46,45.4,2.0,5600.0,0.6002291360833447,512720896.0,12.0,215.0
2026-02-09 11:42:54,45.8,2.2,5600.0,0.5474678995688782,512696320.0,12.0,219.0
2026-02-09 11:43:02,42.1,1.7,5600.0,0.5619840855346315,515284992.0,12.0,223.0
2026-02-09 11:43:10,46.6,2.7,5600.0,0.531818608231178,515227648.0,12.0,227.0
2026-02-09 11:43:17,47.1,2.1,5600.0,0.5562764251396246,515448832.0,12.0,231.0
2026-02-09 11:43:25,47.7,1.7,5600.0,0.5664798339923551,515846144.0,12.0,235.0
2026-02-09 11:43:33,48.8,1.9,5600.0,0.577654302868512,515981312.0,12.0,239.0
2026-02-09 11:43:41,44.8,2.3,5600.0,0.5962833143211695,518246400.0,12.0,243.0
2026-02-09 11:43:49,50.3,3.1,5600.0,0.532138839517506,518258688.0,12.0,247.0
2026-02-09 11:43:56,48.3,2.7,5600.0,0.575618851056506,519000064.0,12.0,250.0
2026-02-09 11:44:04,45.7,2.7,5600.0,0.5966908983006164,518275072.0,12.0,254.0
2026-02-09 11:44:12,49.5,3.5,5600.0,0.5493562677979079,517718016.0,12.0,258.0
2026-02-09 11:44:20,44.8,3.1,5600.0,0.5366685720805034,517980160.0,12.0,262.0
2026-02-09 11:44:27,46.6,2.4,5600.0,0.5278662320482389,518696960.0,12.0,265.0
2026-02-09 11:44:35,48.2,1.5,5600.0,0.5885470978908096,521879552.0,12.0,269.0
2026-02-09 11:44:43,50.5,2.3,5600.0,0.542395773399764,521351168.0,12.0,273.0
2026-02-09 11:44:50,50.4,3.0,5600.0,0.5176595277306468,521269248.0,12.0,276.0
2026-02-09 11:44:58,49.7,3.2,5600.0,0.5458995949946163,520712192.0,12.0,279.0
2026-02-09 11:45:06,47.6,3.2,5600.0,0.58485184788918,521449472.0,12.0,283.0
2026-02-09 11:45:14,48.2,2.8,5600.0,0.570989945612316,521854976.0,12.0,286.0
2026-02-09 11:45:22,49.1,2.3,5600.0,0.5390813019158599,521412608.0,12.0,290.0
2026-02-09 11:45:30,52.0,2.7,5600.0,0.5053027274021042,523403264.0,12.0,293.0
2026-02-09 11:45:37,48.3,2.1,5600.0,0.5401097537309245,523440128.0,12.0,296.0
2026-02-09 11:45:45,50.4,2.6,5600.0,0.542501265926311,524865536.0,12.0,299.0
2026-02-09 11:45:53,48.7,3.2,5600.0,0.5769282171478826,525357056.0,12.0,302.0
2026-02-09 11:46:01,47.1,3.3,5600.0,0.5834878550431848,524443648.0,12.0,305.0
2026-02-09 11:46:09,50.2,3.4,5600.0,0.5750012992368645,524328960.0,12.0,308.0
2026-02-09 11:46:16,46.6,3.3,5600.0,0.4554230827630717,523321344.0,12.0,311.0
2026-02-09 11:46:24,43.9,3.4,5600.0,0.5847585047048589,525885440.0,12.0,314.0
2026-02-09 11:46:32,44.9,2.7,5600.0,0.5146639232203949,527626240.0,12.0,316.0
2026-02-09 11:46:40,49.5,2.9,5600.0,0.5395920185808613,527769600.0,12.0,319.0
2026-02-09 11:46:47,50.1,3.5,5600.0,0.5441549507120519,527781888.0,12.0,321.0
2026-02-09 11:46:55,46.2,2.9,5600.0,0.5756430085734069,527450112.0,12.0,324.0
2026-02-09 11:47:03,49.3,2.9,5600.0,0.6021031567624354,528764928.0,12.0,326.0
2026-02-09 11:47:11,48.5,2.2,5600.0,0.5998355987943155,528961536.0,12.0,328.0
2026-02-09 11:47:18,46.4,1.6,5600.0,0.569363274706087,528936960.0,12.0,330.0
2026-02-09 11:47:26,55.6,2.2,5600.0,0.6188994863120155,527294464.0,12.0,332.0
2026-02-09 11:47:34,43.0,2.5,5600.0,0.515917544709475,528531456.0,12.0,334.0
2026-02-09 11:47:42,50.1,2.8,5600.0,0.5758440352216722,528539648.0,12.0,336.0
2026-02-09 11:47:49,45.8,2.3,5600.0,0.5301923708454374,531271680.0,12.0,337.0
2026-02-09 11:47:57,47.1,2.9,5600.0,0.5970006159286034,531132416.0,12.0,339.0
2026-02-09 11:48:05,43.7,2.9,5700.0,0.5522302338895554,530284544.0,12.0,340.0
2026-02-09 11:48:13,41.0,1.7,5700.0,0.5649784120824434,530841600.0,12.0,342.0
2026-02-09 11:48:21,41.1,1.9,5700.0,0.5491431922630644,531251200.0,12.0,343.0
2026-02-09 11:48:28,53.0,3.3,5700.0,0.568020208413536,531431424.0,12.0,344.0
2026-02-09 11:48:36,46.0,4.1,5700.0,0.5549226397251453,531345408.0,12.0,345.0
2026-02-09 11:48:44,47.5,2.7,5700.0,0.5299651460996502,532836352.0,12.0,346.0
2026-02-09 11:48:52,47.3,2.2,5700.0,0.5478993955301543,532418560.0,12.0,347.0
2026-02-09 11:49:00,47.2,2.1,5700.0,0.5055992534057256,531922944.0,12.0,348.0
2026-02-09 11:49:08,44.5,1.5,5700.0,0.5498707151376742,531988480.0,12.0,349.0
2026-02-09 11:49:15,46.8,2.2,5700.0,0.5849166848579874,532938752.0,12.0,349.0
2026-02-09 11:49:23,44.7,2.9,5700.0,0.5325411031995168,532914176.0,12.0,349.0
2026-02-09 11:49:31,46.2,2.8,5700.0,0.595745964937942,532951040.0,12.0,350.0
2026-02-09 11:49:39,47.0,2.1,5700.0,0.5511871723894264,533680128.0,12.0,350.0
2026-02-09 11:49:46,49.1,2.8,5700.0,0.5330440382254518,535621632.0,12.0,350.0
2026-02-09 11:49:54,48.0,3.1,5800.0,0.5937401301698533,533544960.0,12.0,350.0
2026-02-09 11:50:02,47.0,3.1,5800.0,0.589172467688902,533110784.0,12.0,350.0
2026-02-09 11:50:10,49.9,2.9,5800.0,0.5684425927221066,533417984.0,12.0,350.0
2026-02-09 11:50:17,49.9,3.0,5800.0,0.5642404873387468,533483520.0,12.0,349.0
2026-02-09 11:50:25,47.9,3.1,5800.0,0.579318973809456,535519232.0,12.0,349.0
2026-02-09 11:50:33,50.2,3.0,5800.0,0.5556104422130169,535130112.0,12.0,348.0
2026-02-09 11:50:41,51.4,3.9,5800.0,0.5948612509724532,533839872.0,12.0,347.0
2026-02-09 11:50:49,49.7,2.1,5800.0,0.5474233624486374,533651456.0,12.0,347.0
2026-02-09 11:50:56,47.2,2.4,5800.0,0.5447631099039143,533700608.0,12.0,346.0
2026-02-09 11:51:04,51.8,3.1,5800.0,0.5802497075603321,534167552.0,12.0,345.0
2026-02-09 11:51:12,49.5,3.2,5800.0,0.5337553082996414,533372928.0,12.0,344.0
2026-02-09 11:51:20,50.3,2.7,5800.0,0.5125939025461359,534331392.0,12.0,342.0
2026-02-09 11:51:27,52.4,3.3,5800.0,0.5289886234396416,533798912.0,12.0,341.0
2026-02-09 11:51:35,46.7,2.2,5800.0,0.5552225591352019,535134208.0,12.0,340.0
2026-02-09 11:51:43,52.2,3.1,5800.0,0.5261093940983566,534118400.0,12.0,338.0
2026-02-09 11:51:51,44.3,2.1,5800.0,0.5761828515998831,535310336.0,12.0,336.0
2026-02-09 11:51:59,44.3,2.6,5800.0,0.4720932297418686,535318528.0,12.0,334.0
2026-02-09 11:52:06,48.3,3.6,5800.0,0.5536246455926381,534867968.0,12.0,333.0
2026-02-09 11:52:14,50.0,3.0,5800.0,0.5775796087895,535322624.0,12.0,331.0
2026-02-09 11:52:22,47.5,2.9,5800.0,0.5288360867282527,535359488.0,12.0,329.0
2026-02-09 11:52:30,48.4,3.0,5800.0,0.5251418445993314,535838720.0,12.0,327.0
2026-02-09 11:52:37,46.9,3.0,5800.0,0.5402132116019889,536866816.0,12.0,325.0
2026-02-09 11:52:45,53.2,2.6,5800.0,0.5987901810063527,537141248.0,12.0,322.0
2026-02-09 11:52:53,51.6,2.6,5800.0,0.5349942522078857,537600000.0,12.0,320.0
2026-02-09 11:53:00,55.4,3.9,5800.0,0.589366551409624,534220800.0,12.0,318.0
2026-02-09 11:53:08,52.3,3.3,5800.0,0.530517062899258,534298624.0,12.0,315.0
2026-02-09 11:53:16,54.7,3.1,5800.0,0.591971620052142,533803008.0,12.0,312.0
2026-02-09 11:53:24,47.5,2.3,5800.0,0.5411079675589425,533667840.0,12.0,309.0
2026-02-09 11:53:31,51.7,2.9,5800.0,0.5788669643627388,533843968.0,12.0,307.0
2026-02-09 11:53:39,47.5,2.4,5800.0,0.5255911328398888,533839872.0,12.0,304.0
2026-02-09 11:53:47,46.8,2.5,5800.0,0.5169023047562329,536141824.0,12.0,301.0
2026-02-09 11:53:55,51.2,2.4,5800.0,0.5602643091932962,532504576.0,12.0,298.0
2026-02-09 11:54:02,50.4,2.7,5800.0,0.5590043935556722,532664320.0,12.0,295.0
2026-02-09 11:54:10,46.8,3.5,5800.0,0.5406332520038059,533426176.0,12.0,291.0
2026-02-09 11:54:18,49.8,2.4,5800.0,0.5771848345029644,534007808.0,12.0,288.0
2026-02-09 11:54:26,51.6,2.9,5800.0,0.531894515441801,534736896.0,12.0,285.0
2026-02-09 11:54:33,52.9,2.9,5800.0,0.542970335115095,532963328.0,12.0,281.0
2026-02-09 11:54:41,46.7,2.5,5800.0,0.5390107952497506,533778432.0,12.0,278.0
2026-02-09 11:54:49,48.4,1.9,5800.0,0.5691925145465914,533401600.0,12.0,275.0
2026-02-09 11:54:57,51.3,3.6,5800.0,0.5732926598721413,533450752.0,12.0,271.0
2026-02-09 11:55:05,46.0,2.9,5800.0,0.5907534835158285,532946944.0,12.0,267.0
2026-02-09 11:55:13,49.9,3.1,5800.0,0.5343649503483071,531726336.0,12.0,264.0
2026-02-09 11:55:20,48.2,2.6,5800.0,0.5776366254066438,531623936.0,12.0,260.0
2026-02-09 11:55:28,49.2,2.7,5800.0,0.5273318648332327,530378752.0,12.0,256.0
2026-02-09 11:55:36,50.5,3.0,5800.0,0.552874578569067,529862656.0,12.0,252.0
2026-02-09 11:55:43,52.6,2.3,5800.0,0.5291803107204321,529555456.0,12.0,249.0
2026-02-09 11:55:51,49.4,1.7,5800.0,0.5781390257429262,529825792.0,12.0,245.0
2026-02-09 11:55:59,49.0,3.1,5800.0,0.4778544699524667,530202624.0,12.0,241.0
2026-02-09 11:56:07,47.9,3.0,5800.0,0.5770291019453385,531247104.0,12.0,237.0
2026-02-09 11:56:14,45.9,3.3,5800.0,0.5876131405554543,531116032.0,12.0,233.0
2026-02-09 11:56:22,45.1,2.1,5800.0,0.5679626459804402,531443712.0,12.0,229.0
2026-02-09 11:56:30,48.2,2.8,5800.0,0.5419416269923957,531152896.0,12.0,224.0
2026-02-09 11:56:38,48.3,3.5,5800.0,0.5436218228691106,531148800.0,12.0,220.0
2026-02-09 11:56:45,49.5,2.7,5800.0,0.5703586346391902,531128320.0,12.0,217.0
2026-02-09 11:56:53,49.0,2.1,5800.0,0.599308117247658,528457728.0,12.0,212.0
2026-02-09 11:57:01,45.9,2.4,5800.0,0.5498688581296473,528719872.0,12.0,208.0
2026-02-09 11:57:08,44.3,2.5,5800.0,0.5271072543799903,529006592.0,12.0,205.0
2026-02-09 11:57:16,44.7,2.9,5800.0,0.5569593050303748,528060416.0,12.0,201.0
2026-02-09 11:57:24,44.4,3.1,5800.0,0.5500878039991187,528510976.0,12.0,197.0
2026-02-09 11:57:32,43.9,2.7,5800.0,0.5790710001625989,527843328.0,12.0,192.0
2026-02-09 11:57:39,44.3,2.2,5800.0,0.5275875102531792,527118336.0,12.0,189.0
2026-02-09 11:57:47,43.7,2.7,5800.0,0.5908628579805191,527753216.0,12.0,185.0
2026-02-09 11:57:55,43.0,3.6,5800.0,0.5264267314884427,527953920.0,12.0,180.0
2026-02-09 11:58:02,41.0,2.7,5800.0,0.5252368977079634,527699968.0,12.0,177.0
2026-02-09 11:58:10,40.9,1.8,5800.0,0.5518216400939101,527966208.0,12.0,173.0
2026-02-09 11:58:18,41.4,2.1,5800.0,0.5736889500383816,528445440.0,12.0,168.0
2026-02-09 11:58:26,41.5,2.6,5800.0,0.5082689939304573,529121280.0,12.0,164.0
2026-02-09 11:58:34,39.2,3.3,5800.0,0.5047255480366342,528023552.0,12.0,160.0
2026-02-09 11:58:41,37.4,2.8,5800.0,0.5574218511452627,528257024.0,12.0,157.0
2026-02-09 11:58:49,40.1,2.1,5800.0,0.5572230196934351,528392192.0,12.0,153.0
2026-02-09 11:58:57,35.0,1.9,5800.0,0.5679651554774339,528257024.0,12.0,149.0
2026-02-09 11:59:05,35.0,2.7,5800.0,0.5736191567590849,528343040.0,12.0,145.0
2026-02-09 11:59:12,36.9,2.5,5800.0,0.5640871799137306,525680640.0,12.0,141.0
2026-02-09 11:59:20,36.7,2.6,5800.0,0.5631805031837024,525553664.0,12.0,138.0
2026-02-09 11:59:28,37.0,2.4,5800.0,0.5470986513184201,524660736.0,12.0,134.0
2026-02-09 11:59:35,35.9,1.6,5800.0,0.5553050262531694,525070336.0,12.0,131.0
2026-02-09 11:59:43,34.9,1.3,5800.0,0.4857649314531906,524189696.0,12.0,127.0
2026-02-09 11:59:51,33.2,0.8,5800.0,0.5934968116605477,525246464.0,12.0,124.0
2026-02-09 11:59:59,34.1,1.6,5800.0,0.5672849332974551,525275136.0,12.0,120.0
2026-02-09 12:00:06,32.5,2.0,5800.0,0.5983984632630142,525647872.0,12.0,117.0
2026-02-09 12:00:14,31.4,1.9,5800.0,0.579954716040605,525271040.0,12.0,113.0
2026-02-09 12:00:22,29.1,1.5,5800.0,0.6108265208568827,525307904.0,12.0,110.0
2026-02-09 12:00:30,29.5,1.2,5800.0,0.5406514262124609,525119488.0,12.0,107.0
2026-02-09 12:00:37,27.5,1.2,5800.0,0.5403199254466152,525221888.0,12.0,104.0
2026-02-09 12:00:45,27.6,1.6,5800.0,0.5743700604870217,526757888.0,12.0,101.0
2026-02-09 12:00:53,27.8,1.0,5800.0,0.5496669729010905,527171584.0,12.0,98.0
2026-02-09 12:01:01,25.5,1.0,5800.0,0.4943212688952922,526983168.0,12.0,94.0
2026-02-09 12:01:08,24.2,1.4,5800.0,0.5443953175948242,526917632.0,12.0,92.0
2026-02-09 12:01:16,26.1,1.3,5800.0,0.5033776091801725,526671872.0,12.0,89.0
2026-02-09 12:01:24,24.8,1.2,5800.0,0.5430247430496191,526356480.0,12.0,86.0
2026-02-09 12:01:32,23.7,0.8,5800.0,0.4967911649566739,526344192.0,12.0,84.0
2026-02-09 12:01:40,22.9,1.9,5800.0,0.4877483389251981,527589376.0,12.0,81.0
2026-02-09 12:01:47,22.6,1.5,5800.0,0.5245318266833072,527589376.0,12.0,79.0
2026-02-09 12:01:55,22.4,1.3,5800.0,0.4989967064078973,526983168.0,12.0,77.0
2026-02-09 12:02:03,20.5,1.8,5800.0,0.5148417199637775,527044608.0,12.0,74.0
2026-02-09 12:02:11,21.3,0.9,5800.0,0.4957726521249841,526581760.0,12.0,72.0
2026-02-09 12:02:18,19.5,0.9,5800.0,0.4551805591848126,527376384.0,12.0,70.0
2026-02-09 12:02:26,19.5,1.4,5800.0,0.4701727314287823,527458304.0,12.0,68.0
2026-02-09 12:02:34,19.5,1.1,5800.0,0.4419754246314946,527593472.0,12.0,66.0
2026-02-09 12:02:42,17.6,0.9,5800.0,0.4799819814492445,527654912.0,12.0,64.0
2026-02-09 12:02:50,16.5,0.7,5800.0,0.3967811749577892,527892480.0,12.0,62.0
2026-02-09 12:02:57,17.2,0.9,5800.0,0.4746483944213185,527794176.0,12.0,61.0
2026-02-09 12:03:05,17.1,0.6,5800.0,0.4173637337521489,527556608.0,12.0,60.0
2026-02-09 12:03:13,16.8,0.9,5800.0,0.4257573689748871,527773696.0,12.0,58.0
2026-02-09 12:03:21,16.3,1.1,5800.0,0.4142052833983835,527839232.0,12.0,57.0
2026-02-09 12:03:28,16.6,1.1,5800.0,0.3466101190433526,528027648.0,12.0,56.0
2026-02-09 12:03:36,15.8,0.8,5800.0,0.4423546486890832,525037568.0,12.0,55.0
2026-02-09 12:03:44,14.8,0.9,5800.0,0.3928190720211343,525008896.0,12.0,54.0
2026-02-09 12:03:52,15.4,1.1,5800.0,0.4203415785230823,524656640.0,12.0,53.0
2026-02-09 12:03:59,14.3,1.0,5800.0,0.3537261132153685,525533184.0,12.0,52.0
2026-02-09 12:04:07,13.9,0.7,5800.0,0.3855386104792735,525516800.0,12.0,52.0
2026-02-09 12:04:15,14.6,0.6,5800.0,0.389450911245765,524849152.0,12.0,51.0
2026-02-09 12:04:23,14.4,0.2,5800.0,0.3350889478620806,525074432.0,12.0,51.0
2026-02-09 12:04:30,14.5,1.2,5800.0,0.3717073908733421,525783040.0,12.0,50.0
2026-02-09 12:04:38,13.4,0.8,5800.0,0.3444588581869534,525746176.0,12.0,50.0
2026-02-09 12:04:46,13.7,0.7,5800.0,0.3438427825805319,525811712.0,12.0,50.0
2026-02-09 12:04:53,14.1,0.9,5800.0,0.3241320550820443,524976128.0,12.0,50.0
2026-02-09 12:05:01,14.4,1.0,5800.0,0.3736435028845041,524980224.0,12.0,50.0
2026-02-09 12:05:09,13.5,0.6,5800.0,0.3523106905038444,525189120.0,12.0,50.0
2026-02-09 12:05:17,14.2,1.3,5800.0,0.3774795260433021,524963840.0,12.0,51.0
2026-02-09 12:05:24,14.6,0.9,5800.0,0.3817316266550338,525197312.0,12.0,51.0
2026-02-09 12:05:32,14.5,0.7,5800.0,0.3386249806966735,525721600.0,12.0,52.0
2026-02-09 12:05:40,13.7,1.2,5800.0,0.382921317071022,526569472.0,12.0,52.0
2026-02-09 12:05:48,14.8,0.9,5800.0,0.3298423200114824,526458880.0,12.0,53.0
2026-02-09 12:05:55,14.2,0.2,5800.0,0.3896557223293078,526577664.0,12.0,54.0
2026-02-09 12:06:03,15.4,0.8,5800.0,0.3836449639212366,526348288.0,12.0,55.0
2026-02-09 12:06:11,16.0,0.9,5800.0,0.4074621975102199,526901248.0,12.0,56.0
2026-02-09 12:06:19,15.5,1.1,5800.0,0.4128364843823783,526929920.0,12.0,58.0
2026-02-09 12:06:26,16.2,1.4,5800.0,0.3912418805105441,527269888.0,12.0,59.0
2026-02-09 12:06:34,17.2,1.4,5800.0,0.4231313060613095,527818752.0,12.0,60.0
2026-02-09 12:06:42,16.7,0.7,5800.0,0.4106248447226862,527851520.0,12.0,62.0
2026-02-09 12:06:50,16.5,0.8,5800.0,0.3576626335006508,528596992.0,12.0,64.0
2026-02-09 12:06:58,18.0,1.3,5800.0,0.4112765866438349,528449536.0,12.0,65.0
2026-02-09 12:07:05,18.9,0.9,5800.0,0.4125306893794603,527745024.0,12.0,67.0
2026-02-09 12:07:13,17.9,0.3,5800.0,0.418045034463479,527376384.0,12.0,69.0
2026-02-09 12:07:21,19.9,1.2,5800.0,0.4032404327723326,527384576.0,12.0,71.0
2026-02-09 12:07:29,21.5,1.7,5800.0,0.4206225444979085,527548416.0,12.0,73.0
2026-02-09 12:07:37,20.4,1.2,5800.0,0.4855856546110851,528154624.0,12.0,75.0
2026-02-09 12:07:44,19.9,0.9,5800.0,0.4861657336774115,528875520.0,12.0,78.0
2026-02-09 12:07:52,20.5,1.2,5800.0,0.4373630035868062,529145856.0,12.0,80.0
2026-02-09 12:08:00,20.4,1.5,5800.0,0.4279891499266745,529375232.0,12.0,83.0
2026-02-09 12:08:08,22.5,1.2,5800.0,0.4345548988822771,529326080.0,12.0,85.0
2026-02-09 12:08:15,24.2,1.5,5800.0,0.4654181026662581,528859136.0,12.0,88.0
2026-02-09 12:08:23,24.5,1.2,5800.0,0.4633208194049071,529092608.0,12.0,90.0
2026-02-09 12:08:31,24.8,1.2,5800.0,0.434254555741716,529305600.0,12.0,93.0
2026-02-09 12:08:39,25.3,1.4,5800.0,0.4349794047398922,529571840.0,12.0,96.0
2026-02-09 12:08:46,27.9,1.7,5800.0,0.4923780390289505,529395712.0,12.0,99.0
2026-02-09 12:08:54,26.4,1.4,5800.0,0.502680293044353,529108992.0,12.0,102.0
2026-02-09 12:09:02,26.7,1.8,5800.0,0.5464481956400501,529641472.0,12.0,105.0
2026-02-09 12:09:10,27.9,1.3,5800.0,0.5260718621784121,529760256.0,12.0,108.0
2026-02-09 12:09:17,28.0,0.9,5800.0,0.4895363634525516,530194432.0,12.0,111.0
2026-02-09 12:09:25,29.6,1.3,5800.0,0.4976505720973391,531206144.0,12.0,115.0
2026-02-09 12:09:33,31.2,1.6,5800.0,0.5427992105074719,531673088.0,12.0,118.0
2026-02-09 12:09:40,28.5,2.2,5800.0,0.5035468083157761,532475904.0,12.0,121.0
2026-02-09 12:09:48,30.7,1.9,5800.0,0.5764573446388819,532631552.0,12.0,125.0
2026-02-09 12:09:56,29.9,1.4,5800.0,0.4981332677935072,532672512.0,12.0,129.0
2026-02-09 12:10:04,32.0,1.6,5800.0,0.557922082481813,531513344.0,12.0,132.0
2026-02-09 12:10:11,33.9,2.1,5800.0,0.4952818170692322,531767296.0,12.0,136.0
2026-02-09 12:10:19,34.2,2.4,5800.0,0.5046229104166182,531587072.0,12.0,140.0
2026-02-09 12:10:27,37.7,2.0,5800.0,0.5598487375318936,532791296.0,12.0,144.0
2026-02-09 12:10:35,36.5,2.0,5800.0,0.5342984023495825,533041152.0,12.0,147.0
2026-02-09 12:10:42,31.9,1.8,5800.0,0.4435303763169279,532795392.0,12.0,151.0
2026-02-09 12:10:50,35.5,1.7,5800.0,0.5037553615117539,534794240.0,12.0,155.0
2026-02-09 12:10:58,37.2,1.5,5800.0,0.5177390711543981,535121920.0,12.0,158.0
2026-02-09 12:11:06,35.7,1.8,5800.0,0.553915209350716,536399872.0,12.0,163.0
2026-02-09 12:11:13,37.8,1.9,5800.0,0.4954106541400218,535904256.0,12.0,166.0
2026-02-09 12:11:21,40.3,1.4,5800.0,0.5592901051223107,536186880.0,12.0,170.0
2026-02-09 12:11:29,43.1,3.0,5800.0,0.5476565665369209,536064000.0,12.0,174.0
2026-02-09 12:11:37,43.1,2.1,5800.0,0.5204819295688452,534605824.0,12.0,179.0
2026-02-09 12:11:44,43.1,1.3,5800.0,0.503380745260929,535166976.0,12.0,182.0
2026-02-09 12:11:52,42.8,2.8,5800.0,0.5353585823583329,536076288.0,12.0,186.0
2026-02-09 12:12:00,43.5,2.3,5700.0,0.577652300031829,538238976.0,12.0,191.0
2026-02-09 12:12:08,45.2,2.6,5700.0,0.596553101119953,538083328.0,12.0,195.0
2026-02-09 12:12:15,43.0,2.2,5700.0,0.5885590937607681,538763264.0,12.0,198.0
2026-02-09 12:12:23,44.4,3.1,5700.0,0.551450481173457,538783744.0,12.0,203.0
2026-02-09 12:12:31,46.9,3.0,5700.0,0.6175431656053443,540471296.0,12.0,207.0
2026-02-09 12:12:39,46.8,3.4,5700.0,0.5910050548617424,539709440.0,12.0,211.0
2026-02-09 12:12:46,47.8,3.0,5700.0,0.5557701771707105,539992064.0,12.0,215.0
2026-02-09 12:12:54,47.3,3.0,5700.0,0.626213460783082,539738112.0,12.0,219.0
2026-02-09 12:13:02,46.5,1.6,5700.0,0.6226777611493335,539725824.0,12.0,223.0
2026-02-09 12:13:10,41.3,1.6,5700.0,0.604151279354854,540270592.0,12.0,227.0
2026-02-09 12:13:17,48.2,2.1,5700.0,0.5408068292944365,540291072.0,12.0,230.0
2026-02-09 12:13:25,41.9,1.6,5700.0,0.616752412647854,540209152.0,12.0,235.0
2026-02-09 12:13:33,45.9,2.3,5700.0,0.5217340256624767,541487104.0,12.0,239.0
2026-02-09 12:13:41,45.9,2.4,5700.0,0.5739235918634229,542658560.0,12.0,243.0
2026-02-09 12:13:49,45.2,3.1,5700.0,0.5366011405530066,542310400.0,12.0,247.0
2026-02-09 12:13:56,45.0,2.8,5700.0,0.5967935127280022,543993856.0,12.0,251.0
2026-02-09 12:14:04,48.0,2.2,5700.0,0.5730717590575582,544022528.0,12.0,255.0
2026-02-09 12:14:12,46.5,2.2,5700.0,0.5266571588751006,544198656.0,12.0,258.0
2026-02-09 12:14:20,44.4,2.1,5700.0,0.5213654396836851,543961088.0,12.0,262.0
2026-02-09 12:14:27,47.4,2.9,5700.0,0.4929179319870271,544038912.0,12.0,266.0
2026-02-09 12:14:35,46.2,3.1,5700.0,0.5841143537467387,544686080.0,12.0,269.0
2026-02-09 12:14:43,46.7,2.5,5700.0,0.574406896030546,544980992.0,12.0,273.0
2026-02-09 12:14:51,43.5,2.9,5700.0,0.5242585804022565,546832384.0,12.0,277.0
2026-02-09 12:14:58,48.0,3.4,5700.0,0.5715938545598824,547954688.0,12.0,280.0
2026-02-09 12:15:06,42.5,2.9,5700.0,0.5188934827387198,548233216.0,12.0,283.0
2026-02-09 12:15:14,45.1,2.6,5700.0,0.4771204954094192,548544512.0,12.0,287.0
2026-02-09 12:15:22,47.0,2.7,5700.0,0.5850917494809057,548904960.0,12.0,290.0
2026-02-09 12:15:30,48.8,3.0,5700.0,0.5461112521111071,550563840.0,12.0,293.0
2026-02-09 12:15:37,44.4,1.9,5700.0,0.5423244267534816,550301696.0,12.0,296.0
2026-02-09 12:15:45,44.5,3.0,5700.0,0.5780540546919383,550039552.0,12.0,299.0
2026-02-09 12:15:53,49.3,3.2,5700.0,0.5042449375449874,548438016.0,12.0,302.0
2026-02-09 12:16:01,49.1,2.5,5700.0,0.5720598280124705,551010304.0,12.0,305.0
2026-02-09 12:16:08,48.3,2.6,5700.0,0.5593562492759381,550969344.0,12.0,308.0
2026-02-09 12:16:16,49.5,3.2,5700.0,0.5589925158503912,552140800.0,12.0,311.0
2026-02-09 12:16:24,48.3,2.7,5700.0,0.5526098142844317,552710144.0,12.0,314.0
2026-02-09 12:16:32,48.6,2.1,5700.0,0.5240790145659977,553033728.0,12.0,316.0
2026-02-09 12:16:39,47.5,3.2,5700.0,0.5387138580491783,552112128.0,12.0,319.0
2026-02-09 12:16:47,42.8,2.2,5700.0,0.5546959364857533,551608320.0,12.0,321.0
2026-02-09 12:16:55,51.3,3.2,5700.0,0.5449031467763975,554450944.0,12.0,324.0
2026-02-09 12:17:03,48.0,3.1,5700.0,0.5343298164264325,554205184.0,12.0,326.0
2026-02-09 12:17:10,45.9,2.4,5700.0,0.5089938115159814,554229760.0,12.0,328.0
2026-02-09 12:17:18,44.0,3.0,5700.0,0.5179233494427236,554786816.0,12.0,330.0
2026-02-09 12:17:26,44.0,2.1,5800.0,0.5574428164474922,556404736.0,12.0,332.0
2026-02-09 12:17:34,47.6,1.5,5800.0,0.4968794455205367,557056000.0,12.0,334.0
2026-02-09 12:17:41,47.9,2.3,5800.0,0.5033698980344997,557322240.0,12.0,335.0
2026-02-09 12:17:49,51.9,2.2,5800.0,0.5224016725346924,555495424.0,12.0,337.0
2026-02-09 12:17:57,52.3,2.2,5800.0,0.5009382564320376,555491328.0,12.0,339.0
2026-02-09 12:18:05,49.8,3.1,5800.0,0.5627266601762675,556253184.0,12.0,340.0
2026-02-09 12:18:13,44.5,2.9,5800.0,0.531905785841664,556249088.0,12.0,342.0
2026-02-09 12:18:20,48.5,2.9,5800.0,0.4889444753210625,556523520.0,12.0,343.0
2026-02-09 12:18:28,49.2,2.6,5800.0,0.5415738843646913,556273664.0,12.0,344.0
2026-02-09 12:18:36,47.7,2.4,5800.0,0.5605980346677659,557613056.0,12.0,345.0
2026-02-09 12:18:44,45.7,2.5,5800.0,0.455112861735193,558690304.0,12.0,346.0
2026-02-09 12:18:51,45.7,2.9,5800.0,0.5576140210493324,557666304.0,12.0,347.0
2026-02-09 12:18:59,46.2,3.5,5800.0,0.5212335905935568,557711360.0,12.0,348.0
2026-02-09 12:19:07,47.7,3.0,5800.0,0.565917284973117,558940160.0,12.0,348.0
2026-02-09 12:19:15,45.4,2.8,5800.0,0.5172504150480387,559779840.0,12.0,349.0
2026-02-09 12:19:23,43.5,3.3,5800.0,0.5372754242768364,559763456.0,12.0,349.0
2026-02-09 12:19:31,47.5,3.0,5900.0,0.4713705972518624,557801472.0,12.0,350.0
2026-02-09 12:19:38,48.4,2.7,5900.0,0.5251529891007182,557481984.0,12.0,350.0
2026-02-09 12:19:46,47.0,2.4,5900.0,0.52633837399881,557305856.0,12.0,350.0
2026-02-09 12:19:54,44.0,1.8,5900.0,0.5283378897635772,557907968.0,12.0,350.0
2026-02-09 12:20:02,49.6,3.0,5900.0,0.4685704457258536,557785088.0,12.0,350.0
2026-02-09 12:20:09,50.4,2.1,5900.0,0.4968907754662712,558424064.0,12.0,350.0
2026-02-09 12:20:17,45.1,1.4,5900.0,0.5380105422994278,559230976.0,12.0,349.0
2026-02-09 12:20:25,46.8,2.3,5900.0,0.5468382092344187,560558080.0,12.0,349.0
2026-02-09 12:20:33,48.7,2.2,5900.0,0.496648053174492,560685056.0,12.0,348.0
2026-02-09 12:20:40,48.0,3.1,5900.0,0.4974452481388724,560566272.0,12.0,347.0
2026-02-09 12:20:48,45.9,2.6,5900.0,0.5198513001413106,559964160.0,12.0,347.0
2026-02-09 12:20:56,43.9,3.3,5900.0,0.5366825475680413,559480832.0,12.0,346.0
2026-02-09 12:21:04,49.8,1.7,5900.0,0.509985634974323,559804416.0,12.0,345.0
2026-02-09 12:21:12,46.5,2.0,5900.0,0.4935636310105586,559149056.0,12.0,343.0
2026-02-09 12:21:20,49.9,3.0,5900.0,0.5109133296444683,559374336.0,12.0,342.0
2026-02-09 12:21:27,48.3,2.4,5900.0,0.5142690840502911,559489024.0,12.0,341.0
2026-02-09 12:21:35,46.7,2.8,5900.0,0.5714432731513805,558743552.0,12.0,339.0
2026-02-09 12:21:43,48.8,2.1,5900.0,0.4918945619550694,559898624.0,12.0,338.0
2026-02-09 12:21:51,48.9,1.8,5900.0,0.5371803425830352,560168960.0,12.0,336.0
2026-02-09 12:21:59,48.6,2.4,6000.0,0.4945895964037419,560230400.0,12.0,335.0
2026-02-09 12:22:06,52.4,2.7,6000.0,0.4906118319404832,560001024.0,12.0,333.0
2026-02-09 12:22:14,44.5,1.8,6000.0,0.5400543476624552,560099328.0,12.0,331.0
2026-02-09 12:22:22,46.1,1.5,6000.0,0.518270974303337,560132096.0,12.0,329.0
2026-02-09 12:22:30,46.0,2.1,6000.0,0.4479610424459851,561065984.0,12.0,327.0
2026-02-09 12:22:37,48.7,3.2,6000.0,0.5043622901020038,560971776.0,12.0,325.0
2026-02-09 12:22:45,51.1,3.9,6000.0,0.5529966373491043,561836032.0,12.0,322.0
2026-02-09 12:22:53,47.6,3.5,6000.0,0.5239636752678433,559738880.0,12.0,320.0
2026-02-09 12:23:01,45.4,2.6,6000.0,0.544993233211062,559865856.0,12.0,317.0
2026-02-09 12:23:08,53.2,3.5,6000.0,0.4743567861957894,559779840.0,12.0,315.0
2026-02-09 12:23:16,48.7,2.8,6000.0,0.5692410395175577,559206400.0,12.0,312.0
2026-02-09 12:23:24,44.2,2.8,6000.0,0.4928932199897447,559509504.0,12.0,309.0
2026-02-09 12:23:32,45.9,2.7,6000.0,0.568340236029144,559771648.0,12.0,306.0
2026-02-09 12:23:39,48.7,2.6,6000.0,0.5590090331631152,560148480.0,12.0,304.0
2026-02-09 12:23:47,51.3,2.8,6000.0,0.5046851784292542,560082944.0,12.0,300.0
2026-02-09 12:23:55,49.3,3.1,6000.0,0.563978809893296,558419968.0,12.0,297.0
2026-02-09 12:24:03,50.0,2.6,6000.0,0.49719589814014,557703168.0,12.0,294.0
2026-02-09 12:24:11,44.5,1.7,6000.0,0.5953057031624717,557477888.0,12.0,291.0
2026-02-09 12:24:18,48.6,2.4,6000.0,0.5542202697338314,557473792.0,12.0,288.0
2026-02-09 12:24:26,47.7,3.2,6000.0,0.5998758017023254,557842432.0,12.0,285.0
2026-02-09 12:24:34,49.1,2.8,6000.0,0.5534182754323145,557920256.0,12.0,281.0
2026-02-09 12:24:41,47.8,2.6,6000.0,0.4882700240517941,556056576.0,12.0,278.0
2026-02-09 12:24:49,46.0,2.7,6000.0,0.5555530718541378,557096960.0,12.0,275.0
2026-02-09 12:24:57,46.7,3.1,6000.0,0.5389759664123007,556818432.0,12.0,271.0
2026-02-09 12:25:05,45.0,3.3,6000.0,0.5796955281622587,559132672.0,12.0,267.0
2026-02-09 12:25:13,44.1,2.2,6000.0,0.5720607203486372,557928448.0,12.0,263.0
2026-02-09 12:25:20,44.9,2.3,6000.0,0.5757863079097238,557944832.0,12.0,260.0
2026-02-09 12:25:28,46.2,2.9,6000.0,0.5678975844423542,557944832.0,12.0,256.0
2026-02-09 12:25:36,46.6,2.7,6000.0,0.5717165482250218,557363200.0,12.0,252.0
2026-02-09 12:25:44,43.6,2.6,6000.0,0.568020969565421,557244416.0,12.0,248.0
2026-02-09 12:25:51,50.3,3.0,6000.0,0.4735803238485169,557588480.0,12.0,245.0
2026-02-09 12:25:59,47.2,3.5,6000.0,0.5160914113632318,557441024.0,12.0,241.0
2026-02-09 12:26:07,46.2,2.2,6000.0,0.5795058718402502,555294720.0,12.0,237.0
2026-02-09 12:26:15,45.9,2.5,6000.0,0.5705777598092815,556142592.0,12.0,233.0
2026-02-09 12:26:23,45.7,2.8,6000.0,0.4872185478637136,556404736.0,12.0,229.0
2026-02-09 12:26:30,46.8,2.9,6000.0,0.5596765203895606,557264896.0,12.0,225.0
2026-02-09 12:26:38,49.2,3.0,6000.0,0.5258582852799849,557330432.0,12.0,221.0
2026-02-09 12:26:46,47.6,2.8,6000.0,0.5882397665979994,556695552.0,12.0,217.0
2026-02-09 12:26:53,45.3,3.0,6000.0,0.5492100311880892,555114496.0,12.0,213.0
2026-02-09 12:27:01,43.0,2.7,6000.0,0.5724863015543251,553844736.0,12.0,209.0
2026-02-09 12:27:09,44.5,2.1,6000.0,0.5593048011100028,553431040.0,12.0,205.0
2026-02-09 12:27:17,47.7,2.4,6000.0,0.5115733717716203,554221568.0,12.0,201.0
2026-02-09 12:27:24,43.0,3.5,6000.0,0.5977623485132345,553185280.0,12.0,197.0
2026-02-09 12:27:32,47.7,2.9,6000.0,0.5567648509766624,553369600.0,12.0,193.0
2026-02-09 12:27:40,46.1,2.6,6000.0,0.4864440538516959,553664512.0,12.0,189.0
2026-02-09 12:27:48,42.4,2.8,6000.0,0.574458136360831,553836544.0,12.0,184.0
2026-02-09 12:27:55,43.2,2.4,6000.0,0.596596574976246,553922560.0,12.0,181.0
2026-02-09 12:28:03,41.7,3.2,6000.0,0.5771887412310805,553459712.0,12.0,176.0
2026-02-09 12:28:11,41.0,2.2,6000.0,0.5858371457979601,551571456.0,12.0,172.0
2026-02-09 12:28:19,41.2,2.1,6000.0,0.5379304121009438,551571456.0,12.0,168.0
2026-02-09 12:28:26,41.9,3.0,6000.0,0.5886902448495964,552452096.0,12.0,165.0
2026-02-09 12:28:34,40.5,2.8,5900.0,0.614039176890735,552775680.0,12.0,161.0
2026-02-09 12:28:42,39.0,2.7,5900.0,0.5527251954796166,552919040.0,12.0,156.0
2026-02-09 12:28:50,39.3,2.7,5900.0,0.5687913310509354,552419328.0,12.0,152.0
2026-02-09 12:28:58,37.6,2.2,5900.0,0.6025914991131331,551526400.0,12.0,148.0
2026-02-09 12:29:06,39.4,2.2,5900.0,0.5692248602581832,552026112.0,12.0,145.0
2026-02-09 12:29:13,37.4,1.6,5900.0,0.5438056149593983,552611840.0,12.0,141.0
2026-02-09 12:29:21,33.7,1.7,5900.0,0.5782050160774421,553103360.0,12.0,137.0
2026-02-09 12:29:29,34.3,1.8,5900.0,0.5348830696287385,553422848.0,12.0,133.0
2026-02-09 12:29:36,33.9,1.3,5900.0,0.5923106499044586,553447424.0,12.0,130.0
2026-02-09 12:29:44,34.7,2.0,5900.0,0.6098828503730034,552763392.0,12.0,126.0
2026-02-09 12:29:52,35.5,1.7,5900.0,0.5786603178310004,552099840.0,12.0,123.0
2026-02-09 12:30:00,33.4,1.9,5900.0,0.5202093702692764,552230912.0,12.0,119.0
2026-02-09 12:30:07,29.7,1.0,5900.0,0.5300621473158418,551862272.0,12.0,116.0
2026-02-09 12:30:15,28.4,0.9,5900.0,0.5947904371865784,552189952.0,12.0,113.0
2026-02-09 12:30:23,30.2,1.3,5900.0,0.5687782225757877,549650432.0,12.0,110.0
2026-02-09 12:30:31,28.9,1.6,5900.0,0.5847707823879038,549937152.0,12.0,106.0
2026-02-09 12:30:39,28.3,1.6,5900.0,0.5563303443449159,549892096.0,12.0,103.0
2026-02-09 12:30:46,26.8,2.0,5900.0,0.5912821241812923,550498304.0,12.0,100.0
2026-02-09 12:30:54,26.6,1.1,5900.0,0.5665339214991351,550330368.0,12.0,97.0
2026-02-09 12:31:02,24.7,1.3,5900.0,0.5416827012811312,549830656.0,12.0,94.0
2026-02-09 12:31:10,25.6,1.3,5900.0,0.4995357234053605,550174720.0,12.0,91.0
2026-02-09 12:31:17,24.4,1.2,5900.0,0.4917426338007631,550174720.0,12.0,89.0
2026-02-09 12:31:25,23.4,1.7,5900.0,0.5452510493358032,549412864.0,12.0,86.0
2026-02-09 12:31:33,23.8,1.5,5900.0,0.5336468224359936,549855232.0,12.0,83.0
2026-02-09 12:31:40,22.7,1.0,5900.0,0.484088507984263,549859328.0,12.0,81.0
2026-02-09 12:31:48,23.5,1.5,5900.0,0.4796706252147718,550371328.0,12.0,79.0
2026-02-09 12:31:56,22.7,1.0,5900.0,0.5150574335498896,550395904.0,12.0,76.0
2026-02-09 12:32:04,21.0,0.8,5900.0,0.4732919744627618,550285312.0,12.0,74.0
2026-02-09 12:32:11,19.5,1.3,5900.0,0.5247447831288378,550014976.0,12.0,72.0
2026-02-09 12:32:19,20.5,0.8,5900.0,0.4225080049510187,550563840.0,12.0,70.0
2026-02-09 12:32:27,19.4,0.5,5900.0,0.5160060677387277,550690816.0,12.0,68.0
2026-02-09 12:32:34,18.7,0.8,5900.0,0.4963466682039484,550944768.0,12.0,66.0
2026-02-09 12:32:42,17.3,1.0,5900.0,0.4330170133966863,551235584.0,12.0,64.0
2026-02-09 12:32:50,18.4,0.5,5900.0,0.4079596082704022,550080512.0,12.0,63.0
2026-02-09 12:32:58,17.2,0.8,5900.0,0.4005124629226846,550187008.0,12.0,61.0
2026-02-09 12:33:06,16.7,1.4,5900.0,0.4444442385686364,550776832.0,12.0,59.0
2026-02-09 12:33:13,16.6,1.3,5900.0,0.3682120214207546,551120896.0,12.0,58.0
2026-02-09 12:33:21,17.0,0.9,5900.0,0.4019040308767971,551567360.0,12.0,57.0
2026-02-09 12:33:29,16.8,0.6,5900.0,0.359538065306761,551608320.0,12.0,56.0
2026-02-09 12:33:36,15.8,0.6,5900.0,0.4294092669255761,551395328.0,12.0,55.0
2026-02-09 12:33:44,15.8,0.9,5900.0,0.4355132381799302,552890368.0,12.0,54.0
2026-02-09 12:33:52,15.3,0.8,5900.0,0.4202138110698439,551813120.0,12.0,53.0
2026-02-09 12:34:00,14.5,1.1,5900.0,0.4017215838064727,551682048.0,12.0,52.0
2026-02-09 12:34:08,15.1,0.9,5900.0,0.4214328254845004,551374848.0,12.0,51.0
2026-02-09 12:34:15,14.3,0.8,5900.0,0.3964882938658967,551657472.0,12.0,51.0
2026-02-09 12:34:23,13.6,1.3,5900.0,0.3792016969002859,551866368.0,12.0,51.0
2026-02-09 12:34:31,13.9,0.6,5900.0,0.3888095363372711,551698432.0,12.0,50.0
2026-02-09 12:34:39,13.0,0.8,5900.0,0.3838729419638139,551968768.0,12.0,50.0
2026-02-09 12:34:46,13.6,1.4,5900.0,0.3456063114915982,552161280.0,12.0,50.0
2026-02-09 12:34:54,14.2,0.8,5900.0,0.3080970320037118,552128512.0,12.0,50.0
2026-02-09 12:35:02,14.5,0.8,5900.0,0.3643836403123341,552304640.0,12.0,50.0
2026-02-09 12:35:09,13.5,0.5,5900.0,0.3653942156852363,552632320.0,12.0,50.0
2026-02-09 12:35:17,15.0,1.3,5900.0,0.3672157445991968,552607744.0,12.0,51.0
2026-02-09 12:35:25,15.5,1.2,5900.0,0.3816758591269316,552165376.0,12.0,51.0
2026-02-09 12:35:33,14.7,1.2,5900.0,0.3534178331328455,552161280.0,12.0,52.0
2026-02-09 12:35:40,13.5,0.6,5900.0,0.3656893154261807,552071168.0,12.0,53.0
2026-02-09 12:35:48,14.4,0.5,5900.0,0.3621431171854387,552173568.0,12.0,53.0
2026-02-09 12:35:56,15.1,1.0,5900.0,0.39694121808666,552620032.0,12.0,54.0
2026-02-09 12:36:04,16.0,0.7,5900.0,0.3520300749638422,550895616.0,12.0,55.0
2026-02-09 12:36:11,15.7,0.9,5900.0,0.3827874878470828,550473728.0,12.0,56.0
2026-02-09 12:36:19,15.5,0.8,5900.0,0.3790929313517292,550522880.0,12.0,58.0
2026-02-09 12:36:27,14.8,1.0,5900.0,0.3665262996817114,550649856.0,12.0,59.0
2026-02-09 12:36:35,16.0,0.7,5900.0,0.3883646315852285,551325696.0,12.0,60.0
2026-02-09 12:36:42,16.5,0.6,5900.0,0.3618265792113611,551989248.0,12.0,62.0
2026-02-09 12:36:50,16.8,0.6,5900.0,0.3704650574187919,552308736.0,12.0,64.0
2026-02-09 12:36:58,18.6,1.0,5900.0,0.411187275780233,552341504.0,12.0,65.0
2026-02-09 12:37:06,18.4,1.4,5900.0,0.3865374967488232,552333312.0,12.0,67.0
2026-02-09 12:37:13,18.8,1.5,5900.0,0.3910522079544887,552046592.0,12.0,69.0
2026-02-09 12:37:21,18.5,0.8,5900.0,0.4213547432513124,552185856.0,12.0,71.0
2026-02-09 12:37:29,19.0,1.0,5900.0,0.3730974644373848,552189952.0,12.0,73.0
2026-02-09 12:37:37,20.0,0.7,5900.0,0.4378193108099261,552488960.0,12.0,76.0
2026-02-09 12:37:44,20.8,1.3,5900.0,0.4511320333507626,553394176.0,12.0,77.0
2026-02-09 12:37:52,22.1,0.7,5900.0,0.4190579167346396,553201664.0,12.0,80.0
2026-02-09 12:38:00,21.7,0.9,5900.0,0.4472446587164933,553500672.0,12.0,82.0
2026-02-09 12:38:08,22.8,1.2,5900.0,0.4225726627649486,553553920.0,12.0,85.0
2026-02-09 12:38:15,24.6,1.0,5900.0,0.5029544804355681,553558016.0,12.0,88.0
2026-02-09 12:38:23,24.8,1.9,5900.0,0.4362016823180789,553971712.0,12.0,90.0
2026-02-09 12:38:31,25.0,1.2,5900.0,0.5173314326604863,554311680.0,12.0,93.0
2026-02-09 12:38:39,25.1,1.1,5900.0,0.4805486665341593,554180608.0,12.0,96.0
2026-02-09 12:38:46,25.5,1.5,5900.0,0.5395772981157937,554504192.0,12.0,99.0
2026-02-09 12:38:54,25.7,1.3,5900.0,0.5077566631578336,554639360.0,12.0,102.0
2026-02-09 12:39:02,26.8,2.0,5900.0,0.5348935454296645,555085824.0,12.0,105.0
2026-02-09 12:39:09,27.3,1.6,5900.0,0.4652480123751381,554242048.0,12.0,108.0
2026-02-09 12:39:17,29.3,1.3,5900.0,0.4744634105156517,554287104.0,12.0,112.0
2026-02-09 12:39:25,26.6,1.4,5900.0,0.5476789936298171,554352640.0,12.0,115.0
2026-02-09 12:39:33,29.0,0.7,5900.0,0.5488638621399751,555433984.0,12.0,119.0
2026-02-09 12:39:41,31.0,1.6,5900.0,0.54367442290396,556699648.0,12.0,122.0
2026-02-09 12:39:48,31.2,1.4,5900.0,0.5667125085922272,556675072.0,12.0,125.0
2026-02-09 12:39:56,30.3,1.6,5900.0,0.5360824673929696,557318144.0,12.0,129.0
2026-02-09 12:40:04,31.2,1.1,5900.0,0.5250486801683875,557854720.0,12.0,132.0
2026-02-09 12:40:12,33.1,1.7,5900.0,0.592070535229143,557965312.0,12.0,136.0
2026-02-09 12:40:19,34.4,1.8,5900.0,0.5268822659099164,558403584.0,12.0,139.0
2026-02-09 12:40:28,37.2,1.9,5900.0,0.5912476315319001,558870528.0,12.0,144.0
2026-02-09 12:40:36,36.0,1.8,5900.0,0.6037974537446197,559779840.0,12.0,148.0
2026-02-09 12:40:43,36.1,2.3,5900.0,0.5860912279350752,558907392.0,12.0,151.0
2026-02-09 12:40:51,35.5,1.3,5900.0,0.6039260117268711,559222784.0,12.0,155.0
2026-02-09 12:40:59,36.7,1.5,5900.0,0.4918161771438276,558882816.0,12.0,159.0
2026-02-09 12:41:06,36.4,2.6,5900.0,0.6052907474731659,560357376.0,12.0,163.0
2026-02-09 12:41:14,38.3,2.3,5900.0,0.5930099966658587,559947776.0,12.0,167.0
2026-02-09 12:41:22,40.1,2.6,5900.0,0.5534167347403559,560058368.0,12.0,171.0
2026-02-09 12:41:30,40.1,2.4,5900.0,0.5534066363348465,561057792.0,12.0,175.0
2026-02-09 12:41:38,41.1,2.6,5900.0,0.594357278899538,561152000.0,12.0,179.0
2026-02-09 12:41:45,41.6,2.4,5900.0,0.58230608642071,561418240.0,12.0,183.0
2026-02-09 12:41:53,42.8,2.2,5900.0,0.5444763404219651,563298304.0,12.0,187.0
2026-02-09 12:42:01,42.2,1.8,5900.0,0.6123785047291196,563093504.0,12.0,191.0
2026-02-09 12:42:09,42.9,2.2,5900.0,0.6137851846069902,563593216.0,12.0,195.0
2026-02-09 12:42:16,41.8,1.6,5900.0,0.5782013148427557,563544064.0,12.0,199.0
2026-02-09 12:42:24,44.0,2.8,5900.0,0.6104971132592582,562847744.0,12.0,203.0
2026-02-09 12:42:32,44.6,2.9,5900.0,0.4816900186747735,562851840.0,12.0,207.0
2026-02-09 12:42:40,48.2,1.9,5900.0,0.5224362480758422,564989952.0,12.0,211.0
2026-02-09 12:42:47,43.6,2.5,5900.0,0.6064041358109419,564989952.0,12.0,215.0
2026-02-09 12:42:55,44.5,2.8,5900.0,0.606873533114546,565653504.0,12.0,219.0
2026-02-09 12:43:03,46.0,2.3,5900.0,0.571111292718682,566083584.0,12.0,223.0
2026-02-09 12:43:11,45.8,2.9,5900.0,0.5703578962231685,566431744.0,12.0,227.0
2026-02-09 12:43:18,40.7,2.4,5900.0,0.5065555559696652,566452224.0,12.0,231.0
2026-02-09 12:43:26,44.5,2.8,5900.0,0.5881323456447584,566919168.0,12.0,235.0
2026-02-09 12:43:34,44.4,3.5,5900.0,0.5905367725560585,568143872.0,12.0,240.0
2026-02-09 12:43:42,47.5,2.5,5900.0,0.5794372106893687,570691584.0,12.0,244.0
2026-02-09 12:43:50,45.5,2.7,5900.0,0.5561347352152994,570761216.0,12.0,248.0
2026-02-09 12:43:57,48.3,2.7,5900.0,0.5624738274404575,569499648.0,12.0,251.0
2026-02-09 12:44:05,41.2,2.3,5900.0,0.5486784870687724,567881728.0,12.0,255.0
2026-02-09 12:44:13,46.0,3.0,5900.0,0.5875693581297348,569511936.0,12.0,259.0
2026-02-09 12:44:21,45.7,3.3,5900.0,0.5279635713676718,570179584.0,12.0,263.0
2026-02-09 12:44:28,50.2,3.5,5900.0,0.5017146894686356,571088896.0,12.0,266.0
2026-02-09 12:44:36,46.0,2.4,5900.0,0.5363798371381728,571658240.0,12.0,270.0
2026-02-09 12:44:44,43.4,1.8,5900.0,0.4923432854435329,571154432.0,12.0,273.0
2026-02-09 12:44:52,48.6,2.1,5900.0,0.5818613682112657,572907520.0,12.0,277.0
2026-02-09 12:44:59,46.9,2.0,5900.0,0.5696577593116343,573050880.0,12.0,280.0
2026-02-09 12:45:07,44.8,2.2,5900.0,0.5839617825940817,574783488.0,12.0,284.0
2026-02-09 12:45:15,49.5,3.0,5900.0,0.5806734910086573,574414848.0,12.0,287.0
2026-02-09 12:45:23,39.7,3.7,5900.0,0.5168361978374153,574676992.0,12.0,290.0
2026-02-09 12:45:30,44.4,2.3,5900.0,0.5677203535206213,576045056.0,12.0,293.0
2026-02-09 12:45:38,44.5,2.1,5900.0,0.5121770257555065,576073728.0,12.0,297.0
2026-02-09 12:45:46,44.9,2.6,5900.0,0.5028555632852241,575451136.0,12.0,300.0
2026-02-09 12:45:54,42.8,2.5,5900.0,0.5535864331025527,576888832.0,12.0,303.0
2026-02-09 12:46:01,47.9,2.4,5900.0,0.554473640813804,578039808.0,12.0,306.0
2026-02-09 12:46:09,48.3,2.5,5900.0,0.5183351073530694,578199552.0,12.0,309.0
2026-02-09 12:46:17,50.4,3.5,5900.0,0.4754561281174346,578269184.0,12.0,311.0
2026-02-09 12:46:25,43.9,2.9,5900.0,0.5757862255557398,577613824.0,12.0,314.0
2026-02-09 12:46:32,51.4,2.3,5900.0,0.5338677984168252,577839104.0,12.0,317.0
2026-02-09 12:46:40,46.4,2.1,5900.0,0.460045136250746,578785280.0,12.0,319.0
2026-02-09 12:46:48,49.4,2.1,5900.0,0.5625363343199272,578158592.0,12.0,321.0
2026-02-09 12:46:56,48.7,1.9,5900.0,0.5567296291898404,580751360.0,12.0,324.0
2026-02-09 12:47:03,50.7,2.5,5900.0,0.5167650847775557,581492736.0,12.0,326.0
2026-02-09 12:47:11,50.8,3.0,5900.0,0.5065141957585605,580370432.0,12.0,328.0
2026-02-09 12:47:19,47.9,2.6,5900.0,0.5462756157491667,578985984.0,12.0,330.0
2026-02-09 12:47:27,52.9,2.8,5900.0,0.5445594055525217,578756608.0,12.0,332.0
2026-02-09 12:47:35,45.0,2.4,5900.0,0.567271713126208,580292608.0,12.0,334.0
2026-02-09 12:47:42,49.4,2.1,5900.0,0.5536345586208542,581660672.0,12.0,336.0
2026-02-09 12:47:50,47.2,2.9,5900.0,0.5478580660384311,582479872.0,12.0,338.0
2026-02-09 12:47:58,48.5,2.3,5900.0,0.5080339420999027,582729728.0,12.0,339.0
2026-02-09 12:48:06,45.8,2.2,5900.0,0.5639381592330512,581554176.0,12.0,341.0
2026-02-09 12:48:13,51.8,2.6,5900.0,0.4866607298602928,582651904.0,12.0,342.0
2026-02-09 12:48:21,51.2,2.7,5900.0,0.5315034471910006,583860224.0,12.0,343.0
2026-02-09 12:48:29,48.3,3.2,5900.0,0.5318717374588922,582516736.0,12.0,344.0
2026-02-09 12:48:37,44.6,2.1,5900.0,0.5620895773614699,581087232.0,12.0,345.0
2026-02-09 12:48:44,50.1,2.5,5900.0,0.5319699899671373,582430720.0,12.0,346.0
2026-02-09 12:48:52,43.7,2.6,6000.0,0.5055793130076747,583573504.0,12.0,347.0
2026-02-09 12:49:00,46.7,1.7,6000.0,0.5126212639667562,585916416.0,12.0,348.0
2026-02-09 12:49:08,47.7,2.4,6000.0,0.5185291119555258,585859072.0,12.0,349.0
2026-02-09 12:49:15,42.8,2.6,6000.0,0.5662143282124649,585003008.0,12.0,349.0
2026-02-09 12:49:23,46.7,2.6,6000.0,0.5057257474109597,585072640.0,12.0,349.0
2026-02-09 12:49:31,46.2,3.6,6000.0,0.5660707330336926,584495104.0,12.0,350.0
2026-02-09 12:49:39,50.4,3.4,6000.0,0.5324309004593998,585293824.0,12.0,350.0
2026-02-09 12:49:46,42.2,2.4,6000.0,0.567105713858882,584847360.0,12.0,350.0
2026-02-09 12:49:54,48.6,2.0,6000.0,0.4929530539248657,587227136.0,12.0,350.0
2026-02-09 12:50:02,49.8,2.3,6000.0,0.5381028029846496,585871360.0,12.0,350.0
2026-02-09 12:50:09,41.9,1.9,6000.0,0.5389568777607637,588455936.0,12.0,350.0
2026-02-09 12:50:17,48.1,2.4,6000.0,0.5612123374555177,588455936.0,12.0,349.0
2026-02-09 12:50:25,52.7,3.2,6000.0,0.5422549419968206,588926976.0,12.0,349.0
2026-02-09 12:50:33,55.3,4.1,6000.0,0.5309344458902765,584863744.0,12.0,348.0
2026-02-09 12:50:40,53.3,4.1,6000.0,0.554016465465847,583794688.0,12.0,348.0
2026-02-09 12:50:48,46.0,3.4,6000.0,0.5476916928905042,583073792.0,12.0,347.0
2026-02-09 12:50:56,48.5,2.0,6000.0,0.5338307974109974,583151616.0,12.0,346.0
2026-02-09 12:51:04,49.1,2.5,6000.0,0.513303144133311,584400896.0,12.0,345.0
2026-02-09 12:51:11,47.7,2.5,6000.0,0.5527971358285599,584790016.0,12.0,344.0
2026-02-09 12:51:19,43.8,1.4,6000.0,0.492568573339134,584941568.0,12.0,343.0
2026-02-09 12:51:27,47.8,2.4,6000.0,0.5534889419236221,586170368.0,12.0,341.0
2026-02-09 12:51:34,48.9,3.3,6100.0,0.5659009495149524,585314304.0,12.0,340.0
2026-02-09 12:51:42,45.5,2.1,6100.0,0.4689320387311471,585592832.0,12.0,338.0
2026-02-09 12:51:50,47.1,3.1,6100.0,0.4767325178868056,584802304.0,12.0,336.0
2026-02-09 12:51:58,47.2,3.0,6100.0,0.4910437880515217,584781824.0,12.0,335.0
2026-02-09 12:52:06,45.0,2.1,6100.0,0.5588403959463407,585891840.0,12.0,333.0
2026-02-09 12:52:13,44.4,2.1,6100.0,0.4775210693770661,584716288.0,12.0,331.0
2026-02-09 12:52:21,44.1,2.8,6100.0,0.5142359983065071,583426048.0,12.0,329.0
2026-02-09 12:52:29,46.4,2.6,6100.0,0.5236846053716016,583614464.0,12.0,327.0
2026-02-09 12:52:36,44.2,1.9,6100.0,0.5226230708312135,583958528.0,12.0,325.0
2026-02-09 12:52:44,44.4,2.8,6100.0,0.5238138967361683,585449472.0,12.0,322.0
2026-02-09 12:52:52,43.3,2.1,6100.0,0.5078010004867197,585768960.0,12.0,320.0
2026-02-09 12:53:00,46.5,2.0,6100.0,0.5079400955329774,585277440.0,12.0,317.0
2026-02-09 12:53:07,45.0,2.3,6100.0,0.5127415978178099,585113600.0,12.0,315.0
2026-02-09 12:53:15,42.3,2.4,6100.0,0.5703172027265992,584818688.0,12.0,312.0
2026-02-09 12:53:23,44.1,2.2,6100.0,0.562573541351843,585596928.0,12.0,309.0
2026-02-09 12:53:31,38.1,2.3,6100.0,0.502654070238169,586014720.0,12.0,307.0
2026-02-09 12:53:38,43.8,3.3,6100.0,0.5183150581203468,586715136.0,12.0,304.0
2026-02-09 12:53:46,41.6,2.2,6100.0,0.5523611566542073,583995392.0,12.0,301.0
2026-02-09 12:53:54,41.9,2.9,6100.0,0.5175157699826816,585138176.0,12.0,298.0
2026-02-09 13:28:59,36.3,2.7,6100.0,0.5293682863387654,604377088.0,12.0,148.0
2026-02-09 13:29:07,35.9,1.7,6100.0,0.56862465038983,606052352.0,12.0,144.0
2026-02-09 13:29:15,36.5,2.4,6100.0,0.574182136547487,605609984.0,12.0,140.0
2026-02-09 13:29:23,34.6,2.8,6100.0,0.5286581436166102,604229632.0,12.0,136.0
2026-02-09 13:29:30,35.3,2.4,6100.0,0.5467868489850578,604065792.0,12.0,133.0
2026-02-09 13:29:38,34.3,2.0,6100.0,0.5027284086258372,604475392.0,12.0,130.0
2026-02-09 13:29:46,33.8,1.8,6100.0,0.59299166507296,603283456.0,12.0,126.0
2026-02-09 13:29:54,31.7,1.3,6100.0,0.5630417916051554,602578944.0,12.0,122.0
2026-02-09 13:30:02,32.9,1.0,6100.0,0.5723197394420121,602587136.0,12.0,119.0
2026-02-09 13:30:09,29.9,1.9,6100.0,0.4781978336186865,601362432.0,12.0,116.0
2026-02-09 13:30:17,32.0,2.2,6100.0,0.5624004260073293,601640960.0,12.0,112.0
2026-02-09 13:30:25,29.3,1.7,6100.0,0.5886835905222867,601546752.0,12.0,109.0
2026-02-09 13:30:33,27.9,1.7,6100.0,0.5578590525358823,602624000.0,12.0,105.0
2026-02-09 13:30:41,29.1,1.7,6100.0,0.5298831878387122,603742208.0,12.0,102.0
2026-02-09 13:30:49,27.3,2.4,6100.0,0.5034443515152254,604127232.0,12.0,99.0
2026-02-09 13:30:56,26.4,1.3,6100.0,0.5523669331518486,603279360.0,12.0,96.0
2026-02-09 13:31:04,25.6,1.7,6100.0,0.4678890198996401,603660288.0,12.0,93.0
2026-02-09 13:31:12,25.8,1.6,6100.0,0.5366855858655227,603463680.0,12.0,90.0
2026-02-09 13:31:20,25.5,1.2,6100.0,0.5277737190096894,603840512.0,12.0,88.0
2026-02-09 13:31:28,25.2,1.3,6100.0,0.5043899452589995,603967488.0,12.0,85.0
2026-02-09 13:31:36,22.6,0.9,6100.0,0.5450669852355553,603123712.0,12.0,83.0
2026-02-09 13:31:43,23.4,1.0,6100.0,0.5062745702974004,604028928.0,12.0,80.0
2026-02-09 13:31:51,22.5,1.4,6100.0,0.545640168604451,604229632.0,12.0,78.0
2026-02-09 13:31:59,20.6,1.0,6100.0,0.4685340187078758,603910144.0,12.0,75.0
2026-02-09 13:32:07,20.0,1.0,6100.0,0.5135610936574742,604344320.0,12.0,73.0
2026-02-09 13:32:15,19.7,1.0,6100.0,0.4743796613656159,604811264.0,12.0,71.0
2026-02-09 13:32:22,19.2,0.7,6100.0,0.494640222866562,604897280.0,12.0,69.0
2026-02-09 13:32:30,18.7,1.1,6100.0,0.4557049104376802,604651520.0,12.0,67.0
2026-02-09 13:32:38,19.0,1.2,6100.0,0.4849054241620888,604405760.0,12.0,65.0
2026-02-09 13:32:46,18.5,1.3,6100.0,0.4694318889049195,604381184.0,12.0,63.0
2026-02-09 13:32:54,17.1,0.9,6100.0,0.413204606604326,604667904.0,12.0,62.0
2026-02-09 13:33:02,17.5,1.0,6100.0,0.4297217564562391,611356672.0,12.0,60.0
2026-02-09 13:33:10,16.5,0.8,6100.0,0.4068857676613902,604696576.0,12.0,59.0
2026-02-09 13:33:17,16.0,0.8,6100.0,0.44517874427785,604192768.0,12.0,58.0
2026-02-09 14:31:37,0.0,0.0,0.0,0.0,542031872.0,12.0,0.0
2026-02-09 14:31:45,0.0,0.0,0.0,0.1016239165016978,541614080.0,12.0,0.0
2026-02-09 14:31:53,0.0,0.0,0.0,0.095661314044383,541908992.0,12.0,0.0
2026-02-09 14:32:01,0.0,0.0,0.0,0.0854026283103901,542212096.0,12.0,0.0
2026-02-09 14:32:08,0.0,0.0,0.0,0.0852436700567905,542728192.0,12.0,0.0
2026-02-09 14:32:16,4.75,0.5,1200.0,0.0812917364694379,542621696.0,12.0,40.0
2026-02-09 14:32:24,12.0,1.0,1100.0,0.0799956688109628,542470144.0,12.0,50.0
2026-02-09 14:32:32,14.1,0.7,1100.0,0.1168376955024892,543412224.0,12.0,50.0
2026-02-09 14:32:40,14.1,0.6,1100.0,0.1802903323096428,546000896.0,12.0,50.0
2026-02-09 14:32:47,13.5,0.7,1100.0,0.2193310976264258,546004992.0,12.0,50.0
2026-02-09 14:32:55,13.4,0.9,1100.0,0.3031596297955638,545906688.0,12.0,50.0
2026-02-09 14:33:03,13.6,1.6,1100.0,0.3292563274940189,547479552.0,12.0,50.0
2026-02-09 14:33:11,14.7,0.8,1100.0,0.3656780599429862,547614720.0,12.0,50.0
2026-02-09 14:33:19,14.0,0.8,1100.0,0.3644624026177147,547618816.0,12.0,50.0
2026-02-09 14:33:27,14.5,0.9,1100.0,0.3247498294991128,547110912.0,12.0,50.0
2026-02-09 14:33:35,13.5,0.5,1100.0,0.3782552588587457,547426304.0,12.0,50.0
2026-02-09 14:33:42,13.7,0.8,1100.0,0.3197751569987725,547696640.0,12.0,50.0
2026-02-09 14:33:50,13.9,1.0,1100.0,0.3401521138534545,548052992.0,12.0,50.0
2026-02-09 14:33:58,14.2,1.1,1100.0,0.3613299680641751,547729408.0,12.0,50.0
2026-02-09 14:34:06,14.9,0.7,1100.0,0.3919848671112467,549126144.0,12.0,50.0
2026-02-09 14:34:14,13.9,0.6,1100.0,0.3890036558506162,548941824.0,12.0,50.0
2026-02-09 14:34:21,13.2,0.5,1000.0,0.3874810274334229,548880384.0,12.0,50.0
2026-02-09 14:34:29,13.0,0.8,1100.0,0.3538153350995796,548962304.0,12.0,50.0
2026-02-09 14:34:37,12.6,0.6,1100.0,0.3662165682997206,548675584.0,12.0,50.0
2026-02-09 14:34:45,13.5,0.9,1100.0,0.3819197896468522,548835328.0,12.0,50.0
2026-02-09 14:34:52,13.7,0.7,1100.0,0.341776983972165,548835328.0,12.0,50.0
2026-02-09 14:35:00,14.2,1.2,1000.0,0.2939565637949689,549298176.0,12.0,50.0
2026-02-09 14:35:08,13.6,0.9,1000.0,0.3523910203827159,549462016.0,12.0,50.0
2026-02-09 14:35:16,13.9,1.1,1000.0,0.342390341625623,549105664.0,12.0,50.0
2026-02-09 14:35:24,14.0,0.7,1000.0,0.3477313921819739,548007936.0,12.0,50.0
2026-02-09 14:35:31,14.0,0.4,1000.0,0.3940204624831327,549076992.0,12.0,50.0
2026-02-09 14:35:39,14.2,0.7,1000.0,0.3644676103150845,549076992.0,12.0,50.0
2026-02-09 14:35:47,14.3,1.4,1000.0,0.3594566936521952,549556224.0,12.0,50.0
2026-02-09 14:35:55,14.3,1.3,990.0,0.3797494122898283,549593088.0,12.0,50.0
2026-02-09 14:36:03,13.3,1.0,980.0,0.3349326221599501,549724160.0,12.0,50.0
2026-02-09 14:36:11,14.7,1.2,970.0,0.388428539221812,549441536.0,12.0,50.0
2026-02-09 14:36:18,14.1,0.8,950.0,0.3843805120346552,549597184.0,12.0,50.0
2026-02-09 14:36:26,13.1,0.6,1000.0,0.3476352650600725,549642240.0,12.0,50.0
2026-02-09 14:36:34,14.1,1.1,970.0,0.3291258851418685,550944768.0,12.0,50.0
2026-02-09 14:36:42,14.3,0.8,970.0,0.3593503944231626,550912000.0,12.0,50.0
2026-02-09 14:36:49,13.8,0.7,1000.0,0.354133180044606,551268352.0,12.0,50.0
2026-02-09 14:36:57,14.3,1.4,980.0,0.348427991304597,551415808.0,12.0,50.0
2026-02-09 14:37:05,14.5,1.1,980.0,0.3706868381731352,550645760.0,12.0,50.0
2026-02-09 14:37:13,14.4,0.8,970.0,0.3525425112430998,550653952.0,12.0,50.0
2026-02-09 14:37:21,14.3,0.8,970.0,0.3242608336762767,550662144.0,12.0,50.0
2026-02-09 14:37:29,13.4,1.1,970.0,0.3480687354659649,550199296.0,12.0,50.0
2026-02-09 14:37:36,13.2,0.4,960.0,0.3819093445365032,550608896.0,12.0,50.0
2026-02-09 14:37:44,14.0,0.4,950.0,0.3811076105180069,550916096.0,12.0,50.0
2026-02-09 14:37:52,13.4,0.6,950.0,0.3670626918229853,551215104.0,12.0,50.0
2026-02-09 14:38:00,14.1,0.7,950.0,0.3222442223250139,550154240.0,12.0,50.0
2026-02-09 14:38:08,13.8,1.1,940.0,0.3784571609169914,550764544.0,12.0,50.0
2026-02-09 14:38:16,14.3,0.9,950.0,0.3568856749801967,550895616.0,12.0,50.0
2026-02-09 14:38:23,13.3,0.9,940.0,0.3286344407552601,550637568.0,12.0,50.0
2026-02-09 14:38:31,13.1,0.7,940.0,0.3863874983623703,551206912.0,12.0,50.0
2026-02-09 14:38:39,13.8,0.7,930.0,0.3729572208718004,551202816.0,12.0,50.0
2026-02-09 14:38:47,13.8,0.7,960.0,0.3816618566868087,551342080.0,12.0,50.0
2026-02-09 14:38:54,14.0,1.3,960.0,0.3828951702504305,552648704.0,12.0,50.0
2026-02-09 14:39:02,14.4,1.5,950.0,0.3724102577283266,552865792.0,12.0,50.0
2026-02-09 14:39:10,13.9,0.8,960.0,0.3119333691297593,552652800.0,12.0,50.0
2026-02-09 14:39:18,14.0,0.6,960.0,0.3565761380058449,552841216.0,12.0,50.0
2026-02-09 14:39:25,13.8,1.0,960.0,0.335891049054176,552615936.0,12.0,50.0
2026-02-09 14:39:33,14.0,1.2,950.0,0.3329613902591409,552857600.0,12.0,50.0
2026-02-09 14:39:42,15.5,1.3,950.0,0.3672816011288047,552443904.0,12.0,50.0
2026-02-09 14:39:49,14.1,0.8,950.0,0.3415309240962642,552427520.0,12.0,50.0
2026-02-09 14:39:57,14.7,0.5,950.0,0.3868855824671173,552607744.0,12.0,50.0
2026-02-09 14:40:05,14.3,0.5,950.0,0.3390447023021007,552759296.0,12.0,50.0
2026-02-09 14:40:13,15.1,2.0,1000.0,0.3610793970982114,553078784.0,12.0,450.0
2026-02-09 14:40:20,35.6,5.6,1900.0,0.4027798003633526,554057728.0,12.0,800.0
2026-02-09 14:40:28,37.9,2.3,4300.0,0.4093134677001668,558317568.0,12.0,800.0
2026-02-09 14:40:36,42.2,1.6,7400.0,0.4420826206766072,612106240.0,12.0,800.0
2026-02-09 14:40:44,87.7,35.8,19000.0,0.4238960974583202,555155456.0,12.0,800.0
2026-02-09 14:40:51,192.6,180.6,18000.0,0.4102769477035085,559570944.0,12.0,800.0
2026-02-09 14:40:59,209.4,209.4,16000.0,0.4252677593897787,576425984.0,12.0,800.0
2026-02-09 14:41:07,45.8,45.1,16000.0,0.3306256629821137,576643072.0,12.0,800.0
2026-02-09 14:41:15,16.5,0.6,16000.0,0.346545316462913,571240448.0,12.0,800.0
2026-02-09 14:41:23,27.9,2.2,16000.0,0.3151834765388983,589668352.0,12.0,800.0
2026-02-09 14:41:30,14.4,1.1,16000.0,0.300112129335101,589848576.0,12.0,800.0
2026-02-09 14:41:38,137.1,134.2,21000.0,0.2790406528079864,561385472.0,12.0,800.0
2026-02-09 14:41:46,205.7,205.7,20000.0,0.2651707739741145,563834880.0,12.0,800.0
2026-02-09 14:41:54,176.7,176.7,20000.0,0.1933802410331118,579620864.0,12.0,800.0
2026-02-09 14:42:02,9.3,3.1,20000.0,0.2492578359877055,552099840.0,12.0,800.0
2026-02-09 14:42:09,34.4,1.2,20000.0,0.225508009346442,551833600.0,12.0,795.0
2026-02-09 14:42:17,17.6,1.7,20000.0,0.3073676090192656,593838080.0,12.0,755.0
2026-02-09 14:42:25,89.1,82.0,24000.0,0.3368896211336263,561041408.0,12.0,715.0
2026-02-09 14:42:33,200.4,200.4,22000.0,0.3497787483137516,553345024.0,12.0,675.0
2026-02-09 14:42:40,174.8,174.8,21000.0,0.3090279019436741,553345024.0,12.0,640.0
2026-02-09 14:42:48,26.9,21.3,21000.0,0.199247124206296,569675776.0,12.0,600.0
2026-02-09 14:42:56,24.9,1.0,21000.0,0.2937277642846801,582938624.0,12.0,560.0
2026-02-09 14:43:04,11.4,0.8,21000.0,0.2930236499623481,589889536.0,12.0,520.0
2026-02-09 14:43:12,37.5,1.0,29000.0,0.3163279423688098,587321344.0,12.0,480.0
2026-02-09 14:43:20,136.1,109.9,28000.0,0.3243003367276975,555991040.0,12.0,440.0
2026-02-09 14:43:27,132.3,132.3,27000.0,0.2727975243084213,555950080.0,12.0,405.0
2026-02-09 14:43:35,68.2,66.4,26000.0,0.3578755805025495,542466048.0,12.0,370.0
2026-02-09 14:43:43,15.8,1.5,26000.0,0.3525300201435773,548515840.0,12.0,330.0
2026-02-09 14:43:51,8.1,0.6,25000.0,0.3043301734714539,552275968.0,12.0,290.0
2026-02-09 14:43:59,47.3,2.5,23000.0,0.3177264163592528,564056064.0,12.0,250.0
2026-02-09 14:44:07,49.7,3.7,23000.0,0.3342019738937152,562409472.0,12.0,210.0
2026-02-09 14:44:15,47.8,3.0,23000.0,0.4205006947686207,551104512.0,12.0,170.0
2026-02-09 14:44:23,44.7,2.2,23000.0,0.3685654934263169,551342080.0,12.0,130.0
2026-02-09 14:44:30,34.5,2.3,22000.0,0.507590216945373,548483072.0,12.0,95.0
2026-02-09 14:44:38,24.9,1.6,22000.0,0.5611343785161261,547889152.0,12.0,55.0
2026-02-09 14:44:46,15.7,1.0,22000.0,0.5481563915823414,546897920.0,12.0,50.0
2026-02-09 14:44:54,13.5,0.6,22000.0,0.504917566689011,545796096.0,12.0,50.0
2026-02-09 14:45:01,13.9,0.7,22000.0,0.5328600276559178,545615872.0,12.0,50.0
2026-02-09 14:45:09,14.4,0.5,22000.0,0.4462455222025314,545251328.0,12.0,50.0
2026-02-09 14:45:17,13.8,0.5,22000.0,0.4545123470467994,545464320.0,12.0,50.0
2026-02-09 14:45:25,13.5,0.7,22000.0,0.412391658785478,545243136.0,12.0,50.0
2026-02-09 14:45:33,13.8,0.7,22000.0,0.3381351759810536,545476608.0,12.0,50.0
2026-02-09 14:45:41,15.3,0.8,22000.0,0.3896388569080309,545771520.0,12.0,50.0
2026-02-09 14:45:48,14.4,0.8,22000.0,0.3570462578782677,545857536.0,12.0,50.0
2026-02-09 14:45:56,13.7,1.0,22000.0,0.3508416896770397,546181120.0,12.0,50.0
2026-02-09 14:46:04,14.3,1.2,22000.0,0.368114241623958,545787904.0,12.0,50.0
2026-02-09 14:46:12,14.3,1.2,22000.0,0.3214137837238794,546070528.0,12.0,50.0
2026-02-09 14:46:20,14.1,0.9,22000.0,0.3605567744254038,546750464.0,12.0,50.0
2026-02-09 14:46:27,13.5,0.7,22000.0,0.3781012958004991,546791424.0,12.0,50.0
2026-02-09 14:46:36,14.1,0.7,22000.0,0.334423098954315,546803712.0,12.0,50.0
2026-02-09 14:46:43,13.8,0.7,22000.0,0.3892161355165488,546172928.0,12.0,50.0
2026-02-09 14:46:51,14.0,0.7,22000.0,0.3440381266923158,546480128.0,12.0,50.0
2026-02-09 14:46:59,14.4,0.8,22000.0,0.3808510304431394,546365440.0,12.0,50.0
2026-02-09 14:47:07,14.7,0.5,22000.0,0.3556645055478158,546394112.0,12.0,50.0
2026-02-09 14:47:15,14.9,0.9,22000.0,0.3927207059418314,546959360.0,12.0,50.0
2026-02-09 14:47:22,14.7,0.9,22000.0,0.3817655339917987,538320896.0,12.0,50.0
2026-02-09 14:47:30,14.2,1.2,22000.0,0.3633423801774108,538578944.0,12.0,50.0
2026-02-09 14:47:38,13.7,0.8,22000.0,0.330280582622505,538578944.0,12.0,50.0
2026-02-09 14:47:46,14.1,0.5,22000.0,0.3818123969423774,537931776.0,12.0,50.0
2026-02-09 14:47:54,14.1,0.7,22000.0,0.3590779264951687,537710592.0,12.0,50.0
2026-02-09 14:48:01,14.0,0.7,22000.0,0.3719701770101334,537956352.0,12.0,50.0
2026-02-09 14:48:09,15.0,0.7,22000.0,0.3405326336975436,538013696.0,12.0,50.0
2026-02-09 14:48:17,13.5,1.0,22000.0,0.3754620119668108,539082752.0,12.0,50.0
2026-02-09 14:48:25,13.6,0.9,22000.0,0.3617398964943389,538591232.0,12.0,50.0
2026-02-09 14:48:33,13.1,0.9,22000.0,0.3405949622501894,538726400.0,12.0,50.0
2026-02-09 14:48:40,14.4,1.4,22000.0,0.3957620309919396,538656768.0,12.0,50.0
2026-02-09 14:48:48,14.1,1.5,22000.0,0.3828553459344314,538705920.0,12.0,50.0
2026-02-09 14:48:56,14.3,1.0,22000.0,0.4207585111162062,537772032.0,12.0,50.0
2026-02-09 14:49:04,13.7,0.7,22000.0,0.4033555380429521,537772032.0,12.0,50.0
2026-02-09 14:49:12,12.6,0.8,22000.0,0.3645494962627171,538193920.0,12.0,50.0
2026-02-09 14:49:20,13.3,0.6,21000.0,0.3674614291882381,538427392.0,12.0,50.0
2026-02-09 14:49:27,13.4,0.4,21000.0,0.3599923726350692,538411008.0,12.0,50.0
2026-02-09 14:49:35,13.9,0.4,21000.0,0.3667382681580742,537808896.0,12.0,50.0
2026-02-09 14:49:43,14.5,0.9,21000.0,0.3534218682683588,538202112.0,12.0,50.0
2026-02-09 14:49:51,9.7,0.4,21000.0,0.3855078823766826,538787840.0,12.0,50.0
2026-02-09 14:49:59,3.2,0.2,21000.0,0.385377148886394,538910720.0,12.0,50.0
2026-02-09 14:50:06,2.8,0.1,21000.0,0.3601591849988146,539070464.0,12.0,50.0
2026-02-09 14:50:14,4.8,0.7,21000.0,0.3089816246310181,531013632.0,12.0,650.0
2026-02-09 14:50:22,18.9,7.0,21000.0,0.2921917825019861,531505152.0,12.0,800.0
2026-02-09 14:50:30,28.5,4.4,21000.0,0.2316857384574284,552906752.0,12.0,800.0
2026-02-09 14:50:37,36.4,2.1,21000.0,0.2754187547778602,564572160.0,12.0,800.0
2026-02-09 14:50:45,102.7,70.2,23000.0,0.312184812567562,561139712.0,12.0,800.0
2026-02-09 14:50:53,221.0,210.9,22000.0,0.2972053987384245,561766400.0,12.0,800.0
2026-02-09 14:51:01,186.5,186.5,22000.0,0.3546025127672041,547753984.0,12.0,800.0
2026-02-09 14:51:08,65.0,64.8,22000.0,0.3560263173695465,563503104.0,12.0,800.0
2026-02-09 14:51:17,26.4,0.8,22000.0,0.2304850264069761,563044352.0,12.0,800.0
2026-02-09 14:51:24,28.2,1.1,22000.0,0.3271226869591394,597495808.0,12.0,800.0
2026-02-09 14:51:32,15.4,0.4,28000.0,0.3393004193832294,600313856.0,12.0,800.0
2026-02-09 14:51:40,179.0,177.9,28000.0,0.2723725480742902,564162560.0,12.0,800.0
2026-02-09 14:51:48,210.4,210.4,26000.0,0.275836479691866,564338688.0,12.0,800.0
2026-02-09 14:51:55,214.2,214.2,25000.0,0.3083220041857498,544522240.0,12.0,800.0
2026-02-09 14:52:03,215.5,215.5,23000.0,0.2340962227885872,538689536.0,12.0,800.0
2026-02-09 14:52:11,210.9,210.9,22000.0,0.2133034808744076,538492928.0,12.0,790.0
2026-02-09 14:52:19,208.7,208.7,22000.0,0.2207794302847967,538497024.0,12.0,750.0
2026-02-09 14:52:26,211.5,211.5,22000.0,0.2394416373794678,539873280.0,12.0,715.0
2026-02-09 14:52:34,204.0,204.0,21000.0,0.2413161790445819,539521024.0,12.0,675.0
2026-02-09 14:52:42,194.0,194.0,21000.0,0.2404046965609732,538296320.0,12.0,635.0
2026-02-09 14:52:50,185.4,185.4,21000.0,0.2329199004976744,538664960.0,12.0,600.0
2026-02-09 14:52:58,171.6,171.6,21000.0,0.1987738353156671,538746880.0,12.0,560.0
2026-02-09 14:53:06,166.0,166.0,20000.0,0.2402942407147316,534794240.0,12.0,520.0
2026-02-09 14:53:13,155.6,155.6,20000.0,0.2307811132052019,531501056.0,12.0,480.0
2026-02-09 14:53:21,142.4,142.4,20000.0,0.2413874082084275,530907136.0,12.0,440.0
2026-02-09 14:53:29,131.6,131.6,20000.0,0.1917671092446855,530829312.0,12.0,400.0
2026-02-09 14:53:37,119.7,119.7,19000.0,0.1737403031471867,528560128.0,12.0,360.0
2026-02-09 14:53:44,108.1,108.1,19000.0,0.2382637713670588,529829888.0,12.0,325.0
2026-02-09 14:53:52,98.2,98.2,19000.0,0.2172096126638489,529129472.0,12.0,285.0
2026-02-09 14:54:00,84.6,84.6,19000.0,0.2222333870323964,529133568.0,12.0,245.0
2026-02-09 14:54:08,74.5,74.5,18000.0,0.1821541363587782,529129472.0,12.0,205.0
2026-02-09 14:54:15,63.0,63.0,18000.0,0.2027692044227383,519680000.0,12.0,170.0
2026-02-09 14:54:23,50.0,50.0,18000.0,0.1755651421581456,523517952.0,12.0,130.0
2026-02-09 14:54:31,40.0,40.0,18000.0,0.1785888173407274,523522048.0,12.0,90.0
2026-02-09 14:54:39,26.9,26.9,18000.0,0.1316859177339518,523755520.0,12.0,50.0
2026-02-09 14:54:46,16.6,14.9,18000.0,0.1504119997698041,540979200.0,12.0,50.0
2026-02-09 14:54:54,12.5,0.8,18000.0,0.1534611950353112,539586560.0,12.0,50.0
2026-02-09 14:55:02,11.4,0.4,18000.0,0.1730124150282822,539979776.0,12.0,50.0
2026-02-09 14:55:10,13.3,0.2,18000.0,0.1596982093877423,539365376.0,12.0,50.0
2026-02-09 14:55:17,14.8,0.7,18000.0,0.2505601978804928,542056448.0,12.0,50.0
2026-02-09 14:55:25,13.4,0.8,18000.0,0.3101413680184101,543604736.0,12.0,50.0
2026-02-09 14:55:33,14.0,0.6,18000.0,0.3465696493472099,542969856.0,12.0,50.0
2026-02-09 14:55:41,14.5,0.7,18000.0,0.3937416528170717,544694272.0,12.0,50.0
2026-02-09 14:55:49,14.5,0.8,18000.0,0.3634516406264975,544677888.0,12.0,50.0
2026-02-09 14:55:56,13.8,0.7,18000.0,0.3547456684568998,546562048.0,12.0,50.0
2026-02-09 14:56:04,14.2,0.8,18000.0,0.3782150647591994,546729984.0,12.0,50.0
2026-02-09 14:56:12,14.2,1.0,18000.0,0.3600353268645543,546390016.0,12.0,50.0
2026-02-09 14:56:20,14.0,1.1,18000.0,0.3339296624046975,546631680.0,12.0,50.0
2026-02-09 14:56:27,13.8,0.4,18000.0,0.3686860896175696,547057664.0,12.0,50.0
2026-02-09 14:56:35,13.7,0.4,18000.0,0.3461815246737896,547590144.0,12.0,50.0
2026-02-09 14:56:43,13.8,0.7,18000.0,0.3514236941223195,546672640.0,12.0,50.0
2026-02-09 14:56:51,13.3,0.5,17000.0,0.3714054014801357,417755136.0,12.0,50.0
2026-02-09 14:56:59,14.6,1.2,17000.0,0.3295859330880779,417832960.0,12.0,50.0
2026-02-09 14:57:06,15.2,1.0,17000.0,0.3927675327332248,437248000.0,12.0,50.0
2026-02-09 14:57:14,14.2,0.6,17000.0,0.3614581739922651,437637120.0,12.0,50.0
2026-02-09 14:57:22,13.7,0.6,17000.0,0.33200499202967,437448704.0,12.0,50.0
2026-02-09 14:57:30,12.9,1.3,17000.0,0.3914352725273133,438583296.0,12.0,50.0
2026-02-09 14:57:37,13.5,0.7,17000.0,0.349056388453406,438181888.0,12.0,50.0
2026-02-09 14:57:45,13.8,0.5,17000.0,0.3735527917539115,438636544.0,12.0,50.0
2026-02-09 14:57:53,14.2,1.2,17000.0,0.3620310938780921,435830784.0,12.0,50.0
2026-02-09 14:58:01,14.6,0.7,17000.0,0.3501554783299154,436461568.0,12.0,50.0
2026-02-09 14:58:08,14.2,0.6,17000.0,0.3348426433467003,436400128.0,12.0,50.0
2026-02-09 14:58:16,13.5,0.6,17000.0,0.3725706101677293,436695040.0,12.0,50.0
2026-02-09 14:58:24,14.0,0.4,17000.0,0.3693643243068931,437321728.0,12.0,50.0
2026-02-09 14:58:32,14.5,0.9,17000.0,0.3860709273062537,437280768.0,12.0,50.0
2026-02-09 14:58:39,13.6,0.5,17000.0,0.3548422285774655,437280768.0,12.0,50.0
2026-02-09 14:58:47,13.8,0.8,17000.0,0.371165210311876,437407744.0,12.0,50.0
2026-02-09 14:58:55,13.4,0.2,17000.0,0.3552326562010951,437829632.0,12.0,50.0
2026-02-09 14:59:03,13.9,0.6,17000.0,0.3494477812776363,437481472.0,12.0,50.0
2026-02-09 14:59:10,13.8,0.8,17000.0,0.3708191680284353,438480896.0,12.0,50.0
2026-02-09 14:59:18,14.3,0.3,17000.0,0.3265379791358099,438501376.0,12.0,50.0
2026-02-09 14:59:26,13.0,0.5,17000.0,0.3507886310246314,437600256.0,12.0,50.0
2026-02-09 14:59:34,14.3,0.5,17000.0,0.3333274604170091,437665792.0,12.0,50.0
2026-02-09 14:59:41,14.5,0.3,17000.0,0.3826794151251754,437919744.0,12.0,50.0
2026-02-09 14:59:49,14.2,0.9,17000.0,0.349157052097559,437518336.0,12.0,50.0
2026-02-09 14:59:57,14.6,1.4,17000.0,0.3609062146083587,438788096.0,12.0,50.0
2026-02-09 15:00:05,14.4,1.2,17000.0,0.3839555803812383,438583296.0,12.0,50.0
2026-02-09 15:00:13,14.1,1.0,16000.0,0.3744676697906012,430878720.0,12.0,450.0
2026-02-09 15:00:20,37.8,4.0,16000.0,0.399288824922725,431562752.0,12.0,800.0
2026-02-09 15:00:28,47.1,3.7,16000.0,0.3214746703609889,432066560.0,12.0,800.0
2026-02-09 15:00:36,41.4,1.7,18000.0,0.4393703189697439,483106816.0,12.0,800.0
2026-02-09 15:00:44,61.9,4.3,18000.0,0.43096484993221,491945984.0,12.0,800.0
2026-02-09 15:00:51,43.0,3.7,19000.0,0.4911880900965398,492732416.0,12.0,800.0
2026-02-09 15:00:59,48.1,2.4,19000.0,0.522345228292481,492748800.0,12.0,800.0
2026-02-09 15:01:07,67.1,3.5,19000.0,0.5110179609762334,493522944.0,12.0,800.0
2026-02-09 15:01:15,97.9,60.3,19000.0,0.5201678355634741,455458816.0,12.0,800.0
2026-02-09 15:01:23,225.3,216.0,19000.0,0.4690536900390071,462139392.0,12.0,800.0
2026-02-09 15:01:30,199.1,199.1,19000.0,0.4634642812620286,434126848.0,12.0,800.0
2026-02-09 15:01:38,32.5,30.9,19000.0,0.4360535312884568,450940928.0,12.0,800.0
2026-02-09 15:01:46,24.8,0.6,19000.0,0.3640809276400113,478187520.0,12.0,800.0
2026-02-09 15:01:54,25.6,1.8,19000.0,0.3468110345601758,494510080.0,12.0,800.0
2026-02-09 15:02:02,13.0,0.3,19000.0,0.3055553897055715,493953024.0,12.0,800.0
2026-02-09 15:02:09,156.5,154.8,20000.0,0.2760273225841748,458252288.0,12.0,800.0
2026-02-09 15:02:17,210.5,210.5,19000.0,0.265502412729449,457789440.0,12.0,760.0
2026-02-09 15:02:25,209.4,209.4,19000.0,0.2279460819022145,432627712.0,12.0,720.0
2026-02-09 15:02:33,202.1,202.1,19000.0,0.2261968405856032,431128576.0,12.0,680.0
2026-02-09 15:02:40,201.8,201.8,19000.0,0.2105882690694239,431001600.0,12.0,645.0
2026-02-09 15:02:48,193.1,193.1,19000.0,0.2019173981238764,430718976.0,12.0,605.0
2026-02-09 15:02:56,179.8,179.8,19000.0,0.2292588412375317,429256704.0,12.0,565.0
2026-02-09 15:03:04,168.7,168.7,19000.0,0.2357776114912836,424181760.0,12.0,525.0
2026-02-09 15:03:12,157.8,157.8,19000.0,0.2437950305586189,423116800.0,12.0,485.0
2026-02-09 15:03:19,146.4,146.4,18000.0,0.1958154356700322,422383616.0,12.0,450.0
2026-02-09 15:03:27,134.1,134.1,18000.0,0.2440872235812863,422154240.0,12.0,410.0
2026-02-09 15:03:35,123.1,123.1,18000.0,0.2013546513657169,422162432.0,12.0,370.0
2026-02-09 15:03:43,111.2,111.2,18000.0,0.2409481239267462,417861632.0,12.0,330.0
2026-02-09 15:03:51,99.0,99.0,18000.0,0.2252857222878136,417132544.0,12.0,290.0
2026-02-09 15:03:58,89.5,89.5,18000.0,0.2038072055214772,417087488.0,12.0,255.0
2026-02-09 15:04:06,76.3,76.3,18000.0,0.2167291760876795,417464320.0,12.0,215.0
2026-02-09 15:04:14,64.9,64.9,18000.0,0.2029199192099839,417775616.0,12.0,175.0
2026-02-09 15:04:22,52.9,52.9,18000.0,0.1657115072674958,417775616.0,12.0,135.0
2026-02-09 15:04:30,41.2,41.2,18000.0,0.1470165379558189,408985600.0,12.0,95.0
2026-02-09 15:04:37,30.8,30.8,18000.0,0.1545424975424292,408985600.0,12.0,65.0
2026-02-09 15:04:45,18.8,18.8,18000.0,0.1231133585275266,408981504.0,12.0,50.0
2026-02-09 15:04:53,14.2,14.2,18000.0,0.1214386622148047,407293952.0,12.0,50.0
2026-02-09 15:05:01,14.4,14.4,18000.0,0.0912718603225948,406724608.0,12.0,50.0
2026-02-09 15:05:09,15.3,15.3,18000.0,0.0647972053063952,406712320.0,12.0,50.0
2026-02-09 15:05:16,14.6,14.6,18000.0,0.0625711992641948,406732800.0,12.0,50.0
2026-02-09 15:05:24,14.2,14.2,18000.0,0.0558020166512792,407003136.0,12.0,50.0
2026-02-09 15:05:32,14.8,14.8,18000.0,0.0552475211458804,407400448.0,12.0,50.0
2026-02-09 15:05:40,14.8,14.8,18000.0,0.0452902102557594,407670784.0,12.0,50.0
2026-02-09 15:05:48,14.0,14.0,18000.0,0.0430093945222978,407445504.0,12.0,50.0
2026-02-09 15:05:55,15.0,15.0,18000.0,0.0505941025599979,407523328.0,12.0,50.0
2026-02-09 15:06:03,14.8,14.8,18000.0,0.0485596549094829,407617536.0,12.0,50.0
2026-02-09 15:06:11,15.5,15.5,18000.0,0.0536265397842045,407851008.0,12.0,50.0
2026-02-09 15:06:19,15.0,15.0,18000.0,0.0498476070890004,407830528.0,12.0,50.0
2026-02-09 15:06:27,15.7,15.7,18000.0,0.0476853241621727,407642112.0,12.0,50.0
2026-02-09 15:06:34,15.5,15.5,18000.0,0.0478886022311616,407646208.0,12.0,50.0
2026-02-09 15:06:42,15.5,15.5,18000.0,0.0492801219073969,407601152.0,12.0,50.0
2026-02-09 15:06:50,14.6,14.6,17000.0,0.0477702093802151,407744512.0,12.0,50.0
2026-02-09 15:06:58,15.7,15.7,17000.0,0.0416661682801155,407613440.0,12.0,50.0
2026-02-09 15:07:06,15.0,15.0,17000.0,0.0523445300987807,410193920.0,12.0,50.0
2026-02-09 15:07:13,14.7,14.7,17000.0,0.0494783221942379,410525696.0,12.0,50.0
2026-02-09 15:07:21,14.7,14.7,17000.0,0.0526270544727779,410517504.0,12.0,50.0
2026-02-09 15:07:29,16.2,16.2,17000.0,0.0734100567477277,426479616.0,12.0,50.0
2026-02-09 15:07:37,15.6,15.6,17000.0,0.0683149981244091,422866944.0,12.0,50.0
2026-02-09 15:07:45,15.2,15.2,17000.0,0.073469083453396,422899712.0,12.0,50.0
2026-02-09 15:07:52,14.5,14.5,17000.0,0.0778427351374577,423350272.0,12.0,50.0
2026-02-09 15:08:00,14.1,14.1,17000.0,0.0764960358783038,423936000.0,12.0,50.0
2026-02-09 15:08:08,14.2,14.2,17000.0,0.0508604361072494,424202240.0,12.0,50.0
2026-02-09 15:08:16,14.8,14.8,17000.0,0.0590549308946996,423473152.0,12.0,50.0
2026-02-09 15:08:24,16.3,16.3,17000.0,0.052787157155338,423813120.0,12.0,50.0
2026-02-09 15:08:31,15.1,15.1,17000.0,0.0505790399138658,423919616.0,12.0,50.0
2026-02-09 15:08:39,15.1,14.8,17000.0,0.0505781289379586,424103936.0,12.0,50.0
2026-02-09 15:08:47,12.3,2.8,17000.0,0.0639623432937007,427466752.0,12.0,50.0
2026-02-09 15:08:55,13.5,1.1,17000.0,0.0992498921821741,427872256.0,12.0,50.0
2026-02-09 15:09:03,13.5,0.9,17000.0,0.1122849232785125,428183552.0,12.0,50.0
2026-02-09 15:09:10,14.2,0.3,17000.0,0.1795720489060178,431079424.0,12.0,50.0
2026-02-09 15:09:18,14.4,1.2,17000.0,0.258488275371962,431050752.0,12.0,50.0
2026-02-09 15:09:26,14.4,1.5,17000.0,0.2958994453551513,433102848.0,12.0,50.0
2026-02-09 15:09:34,13.5,0.7,17000.0,0.3574938982866762,435204096.0,12.0,50.0
2026-02-09 15:09:41,14.0,0.7,17000.0,0.4006067020852656,435159040.0,12.0,50.0
2026-02-09 15:09:49,13.8,0.5,17000.0,0.3874255955776075,436662272.0,12.0,50.0
2026-02-09 15:09:57,13.9,0.3,17000.0,0.375639377356148,436817920.0,12.0,50.0
2026-02-09 15:10:05,14.1,0.2,17000.0,0.386265617155258,435453952.0,12.0,50.0
2026-02-09 15:10:13,13.9,0.6,17000.0,0.3621836035878718,435765248.0,12.0,550.0
2026-02-09 15:10:20,34.5,4.2,17000.0,0.356953775334894,435945472.0,12.0,800.0
2026-02-09 15:10:28,43.7,3.1,17000.0,0.3379782572465774,439533568.0,12.0,800.0
2026-02-09 15:10:36,32.7,2.5,17000.0,0.4759325935814271,492699648.0,12.0,800.0
2026-02-09 15:10:44,53.6,2.9,18000.0,0.5015847551373623,499740672.0,12.0,800.0
2026-02-09 15:10:52,51.3,3.0,18000.0,0.4829241366874468,500527104.0,12.0,800.0
2026-02-09 15:10:59,148.2,124.4,18000.0,0.4221682054438347,465330176.0,12.0,800.0
2026-02-09 15:11:07,191.4,191.4,18000.0,0.4200472092951238,462327808.0,12.0,800.0
2026-02-09 15:11:15,117.6,117.4,18000.0,0.3965152743020481,461676544.0,12.0,800.0
2026-02-09 15:11:23,8.0,1.7,18000.0,0.2563137243650392,461680640.0,12.0,800.0
2026-02-09 15:11:31,30.9,1.0,18000.0,0.2914983346079849,475435008.0,12.0,800.0
2026-02-09 15:11:38,19.0,1.2,18000.0,0.3511220603651159,493989888.0,12.0,800.0
2026-02-09 15:11:46,105.1,96.3,19000.0,0.3391585139255878,458915840.0,12.0,800.0
2026-02-09 15:11:54,214.3,214.3,19000.0,0.3321221669177684,459038720.0,12.0,800.0
2026-02-09 15:12:02,206.0,206.0,19000.0,0.3545576222633201,442589184.0,12.0,800.0
2026-02-09 15:12:09,200.4,200.4,18000.0,0.3105596820762655,442589184.0,12.0,800.0
2026-02-09 15:12:17,211.5,211.5,18000.0,0.2556395684564863,439275520.0,12.0,760.0
2026-02-09 15:12:25,210.8,210.8,18000.0,0.2342125764568687,439529472.0,12.0,720.0
2026-02-09 15:12:33,189.6,189.6,18000.0,0.2285971316518318,437633024.0,12.0,680.0
2026-02-09 15:12:41,189.6,189.6,18000.0,0.2130112906547872,436080640.0,12.0,640.0
2026-02-09 15:12:48,191.4,191.4,18000.0,0.2034694918260678,436113408.0,12.0,605.0
2026-02-09 15:12:56,179.4,179.4,17000.0,0.2122394834418766,430780416.0,12.0,565.0
2026-02-09 15:13:04,167.7,167.7,17000.0,0.2055840626947248,430850048.0,12.0,525.0
2026-02-09 15:13:12,156.5,156.5,17000.0,0.2340907140502531,430649344.0,12.0,485.0
2026-02-09 15:13:19,147.2,147.2,17000.0,0.2424553323029663,425201664.0,12.0,450.0
2026-02-09 15:13:27,130.8,130.8,17000.0,0.2439171573561116,425185280.0,12.0,410.0
2026-02-09 15:13:35,124.7,124.7,17000.0,0.2100115389585265,425447424.0,12.0,370.0
2026-02-09 15:13:43,110.2,110.2,17000.0,0.2351630123138135,426041344.0,12.0,330.0
2026-02-09 15:13:51,97.6,97.6,17000.0,0.2206127528154963,419106816.0,12.0,290.0
2026-02-09 15:13:58,88.1,88.1,16000.0,0.2268305065076781,419090432.0,12.0,255.0
2026-02-09 15:14:06,75.4,75.4,16000.0,0.2129583435906006,418570240.0,12.0,215.0
2026-02-09 15:14:14,64.1,64.1,16000.0,0.2107890026658389,418496512.0,12.0,175.0
2026-02-09 15:14:22,52.4,52.4,16000.0,0.1769647957519316,417480704.0,12.0,135.0
2026-02-09 15:14:29,42.7,42.7,16000.0,0.1705939958505083,417697792.0,12.0,100.0
2026-02-09 15:14:37,29.3,29.3,16000.0,0.1437384699977761,417710080.0,12.0,60.0
2026-02-09 15:14:45,18.4,18.4,16000.0,0.1201585908158971,417705984.0,12.0,50.0
2026-02-09 15:14:53,14.0,14.0,16000.0,0.101804818042942,417951744.0,12.0,50.0
2026-02-09 15:15:00,14.8,14.8,16000.0,0.0725295184216991,417906688.0,12.0,50.0
2026-02-09 15:15:08,14.8,14.8,16000.0,0.066248724500704,417910784.0,12.0,50.0
2026-02-09 15:15:16,14.8,14.8,16000.0,0.069376646212781,416358400.0,12.0,50.0
2026-02-09 15:15:24,15.3,15.3,16000.0,0.0587283732240613,416636928.0,12.0,50.0
2026-02-09 15:15:32,15.1,15.1,16000.0,0.0544211430784519,416636928.0,12.0,50.0
2026-02-09 15:15:39,15.1,15.1,16000.0,0.0445266799317584,416636928.0,12.0,50.0
2026-02-09 15:15:47,16.2,16.2,16000.0,0.0552734087230378,416870400.0,12.0,50.0
2026-02-09 15:15:55,14.9,14.9,16000.0,0.0564139197354784,416985088.0,12.0,50.0
2026-02-09 15:16:03,15.1,15.1,16000.0,0.0546463648513754,417239040.0,12.0,50.0
2026-02-09 15:16:10,14.9,14.9,16000.0,0.0535938748536529,417255424.0,12.0,50.0
2026-02-09 15:16:18,14.9,14.9,16000.0,0.0490508778850856,417091584.0,12.0,50.0
2026-02-09 15:16:26,15.0,15.0,16000.0,0.0519978694962916,417181696.0,12.0,50.0
2026-02-09 15:16:34,14.8,14.8,16000.0,0.0431966202376225,417435648.0,12.0,50.0
2026-02-09 15:16:41,14.6,14.6,16000.0,0.0533751194659923,416407552.0,12.0,50.0
2026-02-09 15:16:49,15.5,15.5,16000.0,0.0529763890566758,418885632.0,12.0,50.0
2026-02-09 15:16:57,15.0,15.0,16000.0,0.0540528873110491,409788416.0,12.0,50.0
2026-02-09 15:17:05,14.3,14.3,16000.0,0.0817289279408201,426790912.0,12.0,50.0
2026-02-09 15:17:13,13.9,13.9,16000.0,0.0758329542463251,427380736.0,12.0,50.0
2026-02-09 15:17:21,15.2,15.2,16000.0,0.0722567906508158,427380736.0,12.0,50.0
2026-02-09 15:17:28,15.6,15.6,16000.0,0.0670871666224555,427446272.0,12.0,50.0
2026-02-09 15:17:36,14.8,14.8,16000.0,0.0714995669355043,427433984.0,12.0,50.0
2026-02-09 15:17:44,14.9,14.9,16000.0,0.0478470515647236,424185856.0,12.0,50.0
2026-02-09 15:17:52,15.0,15.0,16000.0,0.0541718145400542,423284736.0,12.0,50.0
2026-02-09 15:18:00,15.3,15.3,16000.0,0.0580063968105076,423845888.0,12.0,50.0
2026-02-09 15:18:07,15.1,15.1,16000.0,0.0521387440856207,424230912.0,12.0,50.0
2026-02-09 15:18:15,14.3,14.3,16000.0,0.0586816118234457,424316928.0,12.0,50.0
2026-02-09 15:18:23,14.5,14.5,16000.0,0.0521421711153908,424292352.0,12.0,50.0
2026-02-09 15:18:31,15.9,15.9,16000.0,0.0562037362675929,425136128.0,12.0,50.0
2026-02-09 15:18:38,14.6,11.5,16000.0,0.0546052685982147,425324544.0,12.0,50.0
2026-02-09 15:18:46,13.4,0.7,16000.0,0.0851849659289133,427999232.0,12.0,50.0
2026-02-09 15:18:54,13.8,1.2,16000.0,0.0905678458234573,428498944.0,12.0,50.0
2026-02-09 15:19:02,13.1,1.0,16000.0,0.1486057842352397,427094016.0,12.0,50.0
2026-02-09 15:19:09,13.5,0.5,16000.0,0.248790801490824,430424064.0,12.0,50.0
2026-02-09 15:19:17,13.2,0.3,16000.0,0.3078526704825541,432275456.0,12.0,50.0
2026-02-09 15:19:25,13.3,0.6,16000.0,0.4011584932777662,433577984.0,12.0,50.0
2026-02-09 15:19:33,13.5,0.8,16000.0,0.3994359563399555,433704960.0,12.0,50.0
2026-02-09 15:19:41,13.0,0.5,16000.0,0.3505458195629738,433741824.0,12.0,50.0
2026-02-09 15:19:48,15.0,0.5,16000.0,0.373489033924804,436420608.0,12.0,50.0
2026-02-09 15:19:56,15.0,0.6,16000.0,0.367143041791879,435994624.0,12.0,50.0
2026-02-09 15:20:04,13.8,0.8,16000.0,0.3555241581301308,436097024.0,12.0,50.0
2026-02-09 15:20:12,14.5,1.1,16000.0,0.3881541898221971,436457472.0,12.0,350.0
2026-02-09 15:20:20,30.6,5.5,16000.0,0.3376735797853751,456421376.0,12.0,800.0
2026-02-09 15:20:27,42.9,4.6,16000.0,0.3829643896466739,456151040.0,12.0,800.0
2026-02-09 15:20:35,35.9,1.7,16000.0,0.4660161732031031,496074752.0,12.0,800.0
2026-02-09 15:20:43,44.9,3.0,17000.0,0.4673726011074682,499904512.0,12.0,800.0
2026-02-09 15:20:51,161.5,144.9,17000.0,0.4395797140122191,465997824.0,12.0,800.0
2026-02-09 15:20:59,154.0,154.0,17000.0,0.381581403946496,482418688.0,12.0,800.0
2026-02-09 15:21:06,42.0,39.6,17000.0,0.4124834125801545,463962112.0,12.0,800.0
2026-02-09 15:21:14,19.9,1.1,17000.0,0.304280271304488,500781056.0,12.0,800.0
2026-02-09 15:21:22,23.4,1.6,16000.0,0.3531521278282241,501022720.0,12.0,800.0
2026-02-09 15:21:30,14.5,0.8,17000.0,0.3326720609956387,501944320.0,12.0,800.0
2026-02-09 15:21:38,141.1,133.7,18000.0,0.3360139390198657,465055744.0,12.0,800.0
2026-02-09 15:21:45,194.8,194.8,17000.0,0.318111334243897,465125376.0,12.0,800.0
2026-02-09 15:21:53,218.7,218.7,17000.0,0.3275581738467301,445980672.0,12.0,800.0
2026-02-09 15:22:01,208.8,208.8,17000.0,0.2090556745986616,444968960.0,12.0,800.0
2026-02-09 15:22:09,210.9,210.9,17000.0,0.1528668680837144,445083648.0,12.0,800.0
2026-02-09 15:22:16,209.9,209.9,17000.0,0.2385605950258578,445366272.0,12.0,765.0
2026-02-09 15:22:24,213.1,213.1,17000.0,0.1960418763199211,444751872.0,12.0,725.0
2026-02-09 15:22:32,198.2,198.2,16000.0,0.2392501005241623,440668160.0,12.0,685.0
2026-02-09 15:22:40,187.8,187.8,16000.0,0.2299028739156682,439529472.0,12.0,645.0
2026-02-09 15:22:48,187.3,187.3,16000.0,0.198075705177748,439365632.0,12.0,605.0
2026-02-09 15:22:55,179.8,179.8,16000.0,0.2413851902107824,438939648.0,12.0,570.0
2026-02-09 15:23:03,170.4,170.4,16000.0,0.2379831694761477,433922048.0,12.0,530.0
2026-02-09 15:23:11,158.2,158.2,16000.0,0.2397434754833249,435560448.0,12.0,490.0
2026-02-09 15:23:19,149.0,149.0,16000.0,0.2430342693730345,435478528.0,12.0,450.0
2026-02-09 15:23:27,132.5,132.5,16000.0,0.2169933561019232,430374912.0,12.0,410.0
2026-02-09 15:23:34,122.8,122.8,16000.0,0.2050983480630575,430501888.0,12.0,375.0
2026-02-09 15:23:42,114.1,114.1,16000.0,0.2296406791610797,427712512.0,12.0,335.0
2026-02-09 15:23:50,97.8,97.8,16000.0,0.209226306885113,428445696.0,12.0,295.0
2026-02-09 15:23:58,88.4,88.4,16000.0,0.1861140234698149,428339200.0,12.0,255.0
2026-02-09 15:24:06,78.3,78.3,15000.0,0.2266090548672638,429547520.0,12.0,215.0
2026-02-09 15:24:14,64.3,64.3,15000.0,0.199651200616767,421335040.0,12.0,175.0
2026-02-09 15:24:22,51.7,51.7,15000.0,0.1722599852108211,421568512.0,12.0,135.0
2026-02-09 15:24:30,39.1,39.1,15000.0,0.1673119252344637,421720064.0,12.0,95.0
2026-02-09 15:24:38,27.6,27.6,15000.0,0.1058743859386864,421691392.0,12.0,55.0
2026-02-09 15:24:46,16.5,16.5,15000.0,0.1314417783810163,420032512.0,12.0,50.0
2026-02-09 15:24:54,14.1,14.1,15000.0,0.0795147806941724,419282944.0,12.0,50.0
2026-02-09 15:25:01,13.5,13.5,15000.0,0.0878443846810901,419438592.0,12.0,50.0
2026-02-09 15:25:09,15.1,15.1,15000.0,0.0679859452283818,419487744.0,12.0,50.0
2026-02-09 15:25:17,15.6,15.6,15000.0,0.0725512065851847,419491840.0,12.0,50.0
2026-02-09 15:25:25,15.3,15.3,15000.0,0.0581913445892874,419966976.0,12.0,50.0
2026-02-09 15:25:32,14.9,14.9,15000.0,0.0561495201785429,419631104.0,12.0,50.0
2026-02-09 15:25:40,15.5,15.5,15000.0,0.0521033352003344,420249600.0,12.0,50.0
2026-02-09 15:25:48,15.5,15.5,15000.0,0.0509135396776465,420368384.0,12.0,50.0
2026-02-09 15:25:56,15.8,15.8,15000.0,0.0496518478223647,420470784.0,12.0,50.0
2026-02-09 15:26:04,15.7,15.7,15000.0,0.0537773323596127,420446208.0,12.0,50.0
2026-02-09 15:26:12,14.7,14.7,15000.0,0.0536226392548295,420601856.0,12.0,50.0
2026-02-09 15:26:20,15.6,15.6,15000.0,0.0552714441375133,420610048.0,12.0,50.0
2026-02-09 15:26:28,14.6,14.6,15000.0,0.0484423953825337,420610048.0,12.0,50.0
2026-02-09 15:26:35,14.1,14.1,15000.0,0.0589414451365035,423051264.0,12.0,50.0
2026-02-09 15:26:43,15.5,15.5,15000.0,0.0556007526909489,423018496.0,12.0,50.0
2026-02-09 15:26:51,15.6,15.6,15000.0,0.0557918181833569,423182336.0,12.0,50.0
2026-02-09 15:26:59,14.7,14.7,15000.0,0.0714002129421855,439492608.0,12.0,50.0
2026-02-09 15:27:07,15.0,15.0,15000.0,0.0786334420769023,439492608.0,12.0,50.0
2026-02-09 15:27:14,15.2,15.2,15000.0,0.0747623200084062,440008704.0,12.0,50.0
2026-02-09 15:27:22,15.2,15.2,15000.0,0.0734241883207987,440274944.0,12.0,50.0
2026-02-09 15:27:30,15.3,15.3,15000.0,0.0681756656691769,437444608.0,12.0,50.0
2026-02-09 15:27:38,15.0,15.0,15000.0,0.0626593774935068,437448704.0,12.0,50.0
2026-02-09 15:27:46,15.5,15.5,15000.0,0.0625783001952186,438030336.0,12.0,50.0
2026-02-09 15:27:53,14.4,12.3,15000.0,0.0576918339441181,437620736.0,12.0,50.0
2026-02-09 15:28:01,13.7,1.3,15000.0,0.0785133510860718,428277760.0,12.0,50.0
2026-02-09 15:28:09,12.2,0.5,15000.0,0.1282005336241382,432947200.0,12.0,50.0
2026-02-09 15:28:17,12.9,0.6,15000.0,0.1561152721659532,433152000.0,12.0,50.0
2026-02-09 15:28:25,14.4,0.9,15000.0,0.2781664217598006,435400704.0,12.0,50.0
2026-02-09 15:28:32,14.2,0.9,15000.0,0.2682729770564004,434814976.0,12.0,50.0
2026-02-09 15:28:40,13.3,0.8,15000.0,0.3255151066170331,441122816.0,12.0,50.0
2026-02-09 15:28:48,14.5,0.7,15000.0,0.3988513211766615,441298944.0,12.0,50.0
2026-02-09 15:28:56,14.1,0.6,15000.0,0.367356641369421,440225792.0,12.0,50.0
2026-02-09 15:29:03,14.2,0.9,15000.0,0.3875185730219534,441450496.0,12.0,50.0
2026-02-09 15:29:11,14.2,0.3,15000.0,0.4057469776261682,442048512.0,12.0,50.0
2026-02-09 15:29:19,14.2,0.8,15000.0,0.3816845417242506,441069568.0,12.0,50.0
2026-02-09 15:29:27,13.5,0.8,15000.0,0.383134624642882,441958400.0,12.0,50.0
2026-02-09 15:29:35,13.7,0.4,15000.0,0.3844176907056938,441708544.0,12.0,50.0
2026-02-09 15:29:42,13.2,0.4,15000.0,0.3459503742856592,441208832.0,12.0,50.0
2026-02-09 15:29:50,14.1,0.2,15000.0,0.362399210492149,441417728.0,12.0,50.0
2026-02-09 15:29:58,13.9,0.1,15000.0,0.3188326648461543,445575168.0,12.0,50.0
2026-02-09 15:30:06,14.5,0.4,15000.0,0.3816666787767355,445423616.0,12.0,50.0
2026-02-09 15:30:14,17.6,0.8,15000.0,0.346788979079189,443396096.0,12.0,550.0
2026-02-09 15:30:22,32.7,5.5,15000.0,0.348256992760302,443572224.0,12.0,800.0
2026-02-09 15:30:29,34.1,2.9,15000.0,0.3530903574885898,447533056.0,12.0,800.0
2026-02-09 15:30:37,27.1,0.7,15000.0,0.4627254000870792,510058496.0,12.0,800.0
2026-02-09 15:30:45,91.4,51.3,16000.0,0.4344536387911594,471072768.0,12.0,800.0
2026-02-09 15:30:53,204.8,192.9,16000.0,0.4083805076480379,477368320.0,12.0,800.0
2026-02-09 15:31:00,181.2,181.2,16000.0,0.3954390848103152,477728768.0,12.0,800.0
2026-02-09 15:31:08,45.3,44.8,16000.0,0.343102129185603,492662784.0,12.0,800.0
2026-02-09 15:31:16,10.4,1.0,16000.0,0.3416882607834751,465989632.0,12.0,800.0
2026-02-09 15:31:24,27.0,1.9,16000.0,0.23402588645046,502067200.0,12.0,800.0
2026-02-09 15:31:32,13.6,1.3,17000.0,0.2989468643358504,507703296.0,12.0,800.0
2026-02-09 15:31:40,172.1,171.1,16000.0,0.2710558322269776,472182784.0,12.0,800.0
2026-02-09 15:31:47,202.7,202.7,16000.0,0.2875565458695055,472305664.0,12.0,800.0
2026-02-09 15:31:55,215.3,215.3,16000.0,0.311643237655089,443789312.0,12.0,800.0
2026-02-09 15:32:03,200.4,200.4,16000.0,0.2129444563271425,443789312.0,12.0,800.0
2026-02-09 15:32:11,214.2,214.2,16000.0,0.2500670198066573,448180224.0,12.0,790.0
2026-02-09 15:32:19,216.9,216.9,16000.0,0.2130080706153333,448098304.0,12.0,750.0
2026-02-09 15:32:26,204.8,204.8,16000.0,0.2361811053084133,446603264.0,12.0,715.0
2026-02-09 15:32:34,196.3,196.3,16000.0,0.200141077245383,442830848.0,12.0,675.0
2026-02-09 15:32:42,191.5,191.5,16000.0,0.2406065865823964,443269120.0,12.0,635.0
2026-02-09 15:32:50,186.5,186.5,16000.0,0.2395312240267356,443584512.0,12.0,595.0
2026-02-09 15:32:57,176.1,176.1,15000.0,0.1927819556214042,443617280.0,12.0,560.0
2026-02-09 15:33:05,167.6,167.6,15000.0,0.2488097810793752,437932032.0,12.0,520.0
2026-02-09 15:33:13,153.3,153.3,15000.0,0.2132857391493015,438116352.0,12.0,480.0
2026-02-09 15:33:21,144.7,144.7,15000.0,0.2519017444854165,438300672.0,12.0,440.0
2026-02-09 15:33:29,127.9,127.9,15000.0,0.2517130141864181,438386688.0,12.0,400.0
2026-02-09 15:33:36,120.7,120.7,15000.0,0.2484436286547215,432861184.0,12.0,365.0
2026-02-09 15:33:44,109.3,109.3,15000.0,0.2069575612168654,433033216.0,12.0,325.0
2026-02-09 15:33:52,96.8,96.8,15000.0,0.2380337851227908,432660480.0,12.0,285.0
2026-02-09 15:34:00,84.8,84.8,15000.0,0.1895259065450212,431017984.0,12.0,245.0
2026-02-09 15:34:08,72.9,72.9,15000.0,0.2194914262521538,430772224.0,12.0,205.0
2026-02-09 15:34:15,62.7,62.7,15000.0,0.2059337271112143,430764032.0,12.0,170.0
2026-02-09 15:34:23,50.3,50.3,15000.0,0.1878538717874331,424562688.0,12.0,130.0
2026-02-09 15:34:31,39.8,39.8,15000.0,0.1547520506896486,424562688.0,12.0,95.0
2026-02-09 15:34:39,27.6,27.6,15000.0,0.1336457608476141,424345600.0,12.0,55.0
2026-02-09 15:34:47,16.6,16.6,15000.0,0.1269008853639212,424615936.0,12.0,50.0
2026-02-09 15:34:55,15.1,15.1,15000.0,0.1089389236224447,422580224.0,12.0,50.0
2026-02-09 15:35:02,15.2,15.2,15000.0,0.0794914073116017,422809600.0,12.0,50.0
2026-02-09 15:35:10,15.3,15.3,15000.0,0.0781440755135973,423206912.0,12.0,50.0
2026-02-09 15:35:18,15.4,15.4,15000.0,0.0511488614340316,423190528.0,12.0,50.0
2026-02-09 15:35:26,14.8,14.8,15000.0,0.0567304667050754,422989824.0,12.0,50.0
2026-02-09 15:35:33,14.2,14.2,15000.0,0.0543473610276149,422268928.0,12.0,50.0
2026-02-09 15:35:41,15.3,15.3,15000.0,0.0538568666857805,422363136.0,12.0,50.0
2026-02-09 15:35:49,15.3,15.3,15000.0,0.0459695110660321,422330368.0,12.0,50.0
2026-02-09 15:35:57,0.0,0.0,0.0,0.0528698929495682,422440960.0,12.0,0.0
2026-02-09 15:36:05,0.0,0.0,0.0,0.0434493332691338,422436864.0,12.0,0.0
2026-02-09 15:36:13,0.0,0.0,0.0,0.0426539023912046,422625280.0,12.0,0.0
2026-02-09 15:36:20,0.0,0.0,0.0,0.0332938331662716,422739968.0,12.0,0.0
2026-02-09 15:36:28,0.0,0.0,0.0,0.0339091600329737,422748160.0,12.0,0.0
2026-02-09 15:36:36,0.0,0.0,0.0,0.024843476727751,422756352.0,12.0,0.0
2026-02-09 15:36:44,0.0,0.0,0.0,0.0225762121728695,425385984.0,12.0,0.0
2026-02-09 15:36:51,0.0,0.0,0.0,0.0242254035821617,425500672.0,12.0,0.0
2026-02-09 15:36:59,0.0,0.0,0.0,0.0223330973593469,425504768.0,12.0,0.0
2026-02-09 15:37:07,0.0,0.0,0.0,0.0520549571019973,443035648.0,12.0,0.0
2026-02-09 15:37:15,0.0,0.0,0.0,0.0475258653179692,442777600.0,12.0,0.0
2026-02-09 15:37:23,0.0,0.0,0.0,0.0470016005169195,443006976.0,12.0,0.0
2026-02-09 15:37:31,0.0,0.0,0.0,0.0470722798898805,439107584.0,12.0,0.0
2026-02-09 15:37:38,0.0,0.0,0.0,0.0466596680630147,439246848.0,12.0,0.0
2026-02-09 15:37:46,0.0,0.0,0.0,0.0282921982744865,438624256.0,12.0,0.0
2026-02-09 15:37:54,0.0,0.0,0.0,0.0293527201374243,438812672.0,12.0,0.0
2026-02-09 15:38:02,0.0,0.0,0.0,0.0261749959334324,438816768.0,12.0,0.0
2026-02-09 15:38:09,0.0,0.0,0.0,0.0249136301200945,439455744.0,12.0,0.0
2026-02-09 15:38:17,0.0,0.0,0.0,0.0257767771228214,439644160.0,12.0,0.0
2026-02-09 15:38:25,0.0,0.0,0.0,0.0279538626076505,439787520.0,12.0,0.0
2026-02-09 15:38:33,0.0,0.0,0.0,0.0269592215751648,440176640.0,12.0,0.0
2026-02-09 15:38:41,0.0,0.0,0.0,0.0273624076762649,440496128.0,12.0,0.0
2026-02-09 15:38:48,0.0,0.0,0.0,0.046912473567632,441729024.0,12.0,0.0
2026-02-09 15:38:56,0.0,0.0,0.0,0.0580665200829095,441454592.0,12.0,0.0
2026-02-09 15:39:04,0.0,0.0,0.0,0.0671167982534903,440479744.0,12.0,0.0
2026-02-09 15:39:12,0.0,0.0,0.0,0.0925768460308021,440725504.0,12.0,0.0
2026-02-09 15:39:20,0.0,0.0,0.0,0.1058142648970403,441008128.0,12.0,0.0
2026-02-09 15:39:27,0.0,0.0,0.0,0.0824556630307172,441339904.0,12.0,0.0
2026-02-09 15:39:35,0.0,0.0,0.0,0.0998557639396356,442146816.0,12.0,0.0
2026-02-09 15:39:43,0.0,0.0,0.0,0.0882451795014459,442327040.0,12.0,0.0
2026-02-09 15:39:51,0.0,0.0,0.0,0.090328550581128,442470400.0,12.0,0.0
2026-02-09 15:39:59,0.0,0.0,0.0,0.0791442928878402,443318272.0,12.0,0.0
2026-02-09 15:40:06,0.0,0.0,0.0,0.0835917383381871,443043840.0,12.0,0.0
2026-02-09 15:40:14,0.0,0.0,0.0,0.0855021651498383,444608512.0,12.0,0.0
2026-02-09 15:40:22,0.0,0.0,0.0,0.0871084761915904,445059072.0,12.0,0.0
2026-02-09 15:40:30,0.0,0.0,0.0,0.0742569680424914,444432384.0,12.0,0.0
2026-02-09 15:40:38,0.0,0.0,0.0,0.0828189408921293,443600896.0,12.0,0.0
2026-02-09 15:40:46,0.0,0.0,0.0,0.0873633645056221,443654144.0,12.0,0.0
2026-02-09 15:40:53,0.0,0.0,0.0,0.0806833839079027,444076032.0,12.0,0.0
2026-02-09 15:41:01,0.0,0.0,0.0,0.0831364994539477,444203008.0,12.0,0.0
2026-02-09 15:41:09,0.0,0.0,0.0,0.0830547318449586,444575744.0,12.0,0.0
2026-02-09 15:41:17,0.0,0.0,0.0,0.0897826716636189,444485632.0,12.0,0.0
2026-02-09 15:41:25,0.0,0.0,0.0,0.0846201412974793,445820928.0,12.0,0.0
2026-02-09 15:41:32,0.0,0.0,0.0,0.0879380677086,445685760.0,12.0,0.0
2026-02-09 15:41:40,0.0,0.0,0.0,0.0874232943228445,445726720.0,12.0,0.0
2026-02-09 15:41:48,0.0,0.0,0.0,0.0970753323743768,446185472.0,12.0,0.0
2026-02-09 15:41:56,0.0,0.0,0.0,0.0945047887169461,446087168.0,12.0,0.0
2026-02-09 15:42:04,0.0,0.0,0.0,0.0791669371295919,445800448.0,12.0,0.0
2026-02-09 15:42:11,0.0,0.0,0.0,0.0793739024625458,446169088.0,12.0,0.0
2026-02-09 15:42:19,0.0,0.0,0.0,0.0842517425907233,447315968.0,12.0,0.0
2026-02-09 15:42:27,0.0,0.0,0.0,0.0830786593822378,447598592.0,12.0,0.0
2026-02-09 15:42:35,0.0,0.0,0.0,0.0774811575668641,448118784.0,12.0,0.0
2026-02-09 15:42:43,0.0,0.0,0.0,0.083680818412329,447889408.0,12.0,0.0
2026-02-09 15:42:50,0.0,0.0,0.0,0.0729996077156997,448372736.0,12.0,0.0
2026-02-09 15:42:58,0.0,0.0,0.0,0.0703335580506197,448344064.0,12.0,0.0
2026-02-09 15:43:06,0.0,0.0,0.0,0.0691114742166752,448131072.0,12.0,0.0
2026-02-09 15:43:14,0.0,0.0,0.0,0.0737294108774587,448610304.0,12.0,0.0
2026-02-09 15:43:22,0.0,0.0,0.0,0.0749479826042937,448610304.0,12.0,0.0
2026-02-09 15:43:29,0.0,0.0,0.0,0.067524841629078,448610304.0,12.0,0.0
2026-02-09 15:43:37,0.0,0.0,0.0,0.0766231854625155,449105920.0,12.0,0.0
2026-02-09 15:43:45,0.0,0.0,0.0,0.0746633834613808,448561152.0,12.0,0.0
2026-02-09 15:43:53,0.0,0.0,0.0,0.0697117899728465,448856064.0,12.0,0.0
2026-02-09 15:44:01,0.0,0.0,0.0,0.0818008598988123,449155072.0,12.0,0.0
2026-02-09 15:44:08,0.0,0.0,0.0,0.0795648079228408,449847296.0,12.0,0.0
2026-02-09 15:44:16,0.0,0.0,0.0,0.0845730827763654,449912832.0,12.0,0.0
2026-02-09 15:44:24,0.0,0.0,0.0,0.0806939384747093,450015232.0,12.0,0.0
2026-02-09 15:44:32,0.0,0.0,0.0,0.0828138003912988,449961984.0,12.0,0.0
2026-02-09 15:44:40,0.0,0.0,0.0,0.0761907890243151,450281472.0,12.0,0.0
2026-02-09 15:44:47,0.0,0.0,0.0,0.0802411635126749,450936832.0,12.0,0.0
2026-02-09 15:44:55,0.0,0.0,0.0,0.0784513401412457,451108864.0,12.0,0.0
2026-02-09 15:45:03,0.0,0.0,0.0,0.0714458378237612,451264512.0,12.0,0.0
2026-02-09 15:45:11,0.0,0.0,0.0,0.0755094590836026,450846720.0,12.0,0.0
2026-02-09 15:45:18,0.0,0.0,0.0,0.074879284316897,450916352.0,12.0,0.0
2026-02-09 15:45:26,0.0,0.0,0.0,0.0870081050123757,451858432.0,12.0,0.0
2026-02-09 15:45:34,0.0,0.0,0.0,0.081703675245236,452218880.0,12.0,0.0
2026-02-09 15:45:42,0.0,0.0,0.0,0.0813613013159977,452349952.0,12.0,0.0
2026-02-09 15:45:50,0.0,0.0,0.0,0.0795999092863002,453066752.0,12.0,0.0
2026-02-09 15:45:57,0.0,0.0,0.0,0.0789437069942374,452911104.0,12.0,0.0
2026-02-09 15:46:05,0.0,0.0,0.0,0.0761377995376047,452362240.0,12.0,0.0
2026-02-09 15:46:13,0.0,0.0,0.0,0.0714908748797242,451661824.0,12.0,0.0
2026-02-09 15:46:21,14.7,14.7,15000.0,0.0817564913815759,452562944.0,12.0,50.0
2026-02-09 15:46:29,14.7,14.7,15000.0,0.077777766105365,452591616.0,12.0,50.0
2026-02-09 15:46:37,5.7,0.8,15000.0,0.0863973835433796,452734976.0,12.0,50.0
2026-02-09 15:46:44,15.2,1.3,15000.0,0.0949878814108427,455159808.0,12.0,50.0
2026-02-09 15:58:24,0.0,0.0,0.0,0.0897008202229117,450043904.0,12.0,0.0
2026-02-09 15:58:31,0.0,0.0,0.0,0.0873184449247422,450240512.0,12.0,0.0
2026-02-09 15:58:39,4.0,0.5,1300.0,0.0927378682292742,450400256.0,12.0,35.0
2026-02-09 15:58:47,10.7,0.6,1200.0,0.0908251212842298,452272128.0,12.0,50.0
2026-02-09 15:58:55,13.5,0.6,1200.0,0.124054981191417,453038080.0,12.0,50.0
2026-02-09 15:59:02,14.1,0.8,1100.0,0.1583356340793535,454377472.0,12.0,50.0
2026-02-09 15:59:10,14.4,1.1,1100.0,0.2207942745778519,457101312.0,12.0,50.0
2026-02-09 15:59:18,14.0,0.6,1100.0,0.2929927168813591,457101312.0,12.0,50.0
2026-02-09 15:59:26,14.8,1.0,1000.0,0.3353492766515014,459005952.0,12.0,50.0
2026-02-09 15:59:33,14.5,0.8,1100.0,0.3670489026919404,461434880.0,12.0,50.0
2026-02-09 15:59:41,14.7,0.7,1100.0,0.3689116992748661,461697024.0,12.0,50.0
2026-02-09 15:59:49,14.6,0.8,1000.0,0.3634102642929591,461697024.0,12.0,50.0
2026-02-09 15:59:57,13.9,0.9,1000.0,0.3941343041746749,461746176.0,12.0,50.0
2026-02-09 16:00:05,14.6,0.4,1000.0,0.3914125084841959,462389248.0,12.0,50.0
2026-02-09 16:00:13,13.6,0.7,940.0,0.3598123992836995,462684160.0,12.0,50.0
2026-02-09 16:00:20,13.5,0.6,880.0,0.3158639308874427,463097856.0,12.0,50.0
2026-02-09 16:00:28,13.9,0.7,950.0,0.3931817104617446,463204352.0,12.0,50.0
2026-02-09 16:00:36,13.7,0.6,950.0,0.3722810682585548,462630912.0,12.0,50.0
2026-02-09 16:00:44,13.5,0.5,910.0,0.3381176149569891,462663680.0,12.0,50.0
2026-02-09 16:00:51,14.0,0.8,870.0,0.3910387612337868,462790656.0,12.0,50.0
2026-02-09 16:00:59,14.1,0.9,860.0,0.3520677810160662,463273984.0,12.0,50.0
2026-02-09 16:01:07,14.0,0.8,850.0,0.3739756848482899,463740928.0,12.0,50.0
2026-02-09 16:01:15,13.8,0.7,850.0,0.3583737169836571,463753216.0,12.0,50.0
2026-02-09 16:01:23,13.7,0.9,840.0,0.3769563263233979,463237120.0,12.0,50.0
2026-02-09 16:01:31,13.5,0.5,830.0,0.3561598853832649,463683584.0,12.0,50.0
2026-02-09 16:01:38,17.5,1.4,1700.0,0.3432545952366513,464289792.0,12.0,650.0
2026-02-09 16:01:46,39.4,6.5,4600.0,0.3886451390134962,464023552.0,12.0,1450.0
2026-02-09 16:01:54,40.3,7.0,9300.0,0.3789160454268532,516894720.0,12.0,1800.0
2026-02-09 16:02:02,195.8,182.5,19000.0,0.4026759667216379,454914048.0,12.0,1800.0
2026-02-09 16:02:09,181.3,179.8,19000.0,0.3990195308145088,460042240.0,12.0,1800.0
2026-02-09 16:02:17,1.8,0.0,19000.0,0.3401838141597937,463851520.0,12.0,1800.0
2026-02-09 16:02:25,177.2,173.5,21000.0,0.3231477088641258,447299584.0,12.0,1800.0
2026-02-09 16:02:33,192.0,187.6,21000.0,0.1882483750732748,473452544.0,12.0,1800.0
2026-02-09 16:02:41,9.7,0.4,21000.0,0.1794138403207621,472944640.0,12.0,1800.0
2026-02-09 16:02:48,21.6,0.5,22000.0,0.1975011698405624,505282560.0,12.0,1800.0
2026-02-09 16:02:56,317.0,317.0,22000.0,0.2443153199528583,454971392.0,12.0,1800.0
2026-02-09 16:03:04,128.2,128.2,22000.0,0.2708028541661134,455102464.0,12.0,1800.0
2026-02-09 16:03:12,5.5,5.5,22000.0,0.2271283828105111,458190848.0,12.0,1800.0
2026-02-09 16:03:20,132.8,132.4,22000.0,0.2020180805096962,463769600.0,12.0,1800.0
2026-02-09 16:03:28,95.1,94.0,22000.0,0.121440057746435,461950976.0,12.0,1800.0
2026-02-09 16:03:35,32.9,32.3,22000.0,0.1001146414588988,458280960.0,12.0,1790.0
2026-02-09 16:03:43,5.3,1.2,22000.0,0.1083197504150833,549711872.0,12.0,1750.0
2026-02-09 16:03:51,14.3,0.3,29000.0,0.1258686358891229,449720320.0,12.0,1710.0
2026-02-09 16:03:59,14.3,0.3,29000.0,0.2364809015751987,465661952.0,12.0,1670.0
2026-02-09 16:04:07,0.0,0.0,29000.0,0.2543291262307595,458752000.0,12.0,1630.0
2026-02-09 16:04:14,72.6,72.6,29000.0,0.2502089522992698,460480512.0,12.0,1600.0
2026-02-09 16:04:22,161.3,161.1,29000.0,0.1962204641173351,460591104.0,12.0,1560.0
2026-02-09 16:04:30,27.4,10.2,29000.0,0.1542409902810758,487391232.0,12.0,1520.0
2026-02-09 16:04:38,34.4,2.4,28000.0,0.0904547165223599,488488960.0,12.0,1480.0
2026-02-09 16:04:45,45.7,2.9,28000.0,0.1371519512440461,490037248.0,12.0,1445.0
2026-02-09 16:04:53,29.9,6.5,29000.0,0.2683608351633498,583753728.0,12.0,1405.0
2026-02-09 16:05:01,112.6,94.2,30000.0,0.2660875723338635,411844608.0,12.0,1365.0
2026-02-09 16:05:09,112.6,94.2,30000.0,0.3262224512918393,428359680.0,12.0,1325.0
2026-02-09 16:05:16,112.6,94.2,30000.0,0.2542409590620617,428072960.0,12.0,1290.0
2026-02-09 16:05:24,44.1,44.1,30000.0,0.1348153818809128,427966464.0,12.0,1250.0
2026-02-09 16:05:32,74.1,74.1,30000.0,0.0836718428505261,428146688.0,12.0,1210.0
2026-02-09 16:05:40,74.1,74.1,30000.0,0.0544389606794324,428384256.0,12.0,1170.0
2026-02-09 16:05:48,40.2,40.2,30000.0,0.0342115450255657,428363776.0,12.0,1130.0
2026-02-09 16:05:55,112.9,112.9,30000.0,0.018599075528515,431153152.0,12.0,1095.0
2026-02-09 16:06:03,33.9,33.7,30000.0,0.0319368512260445,473505792.0,12.0,1055.0
2026-02-09 16:06:11,6.3,4.5,30000.0,0.0778459327260864,484593664.0,12.0,1015.0
2026-02-09 16:06:19,36.2,0.4,30000.0,0.0894237997876814,484745216.0,12.0,975.0
2026-02-09 16:06:27,33.3,2.0,30000.0,0.2100170622069301,535805952.0,12.0,935.0
2026-02-09 16:06:35,14.9,1.0,30000.0,0.2639418502536081,534581248.0,12.0,1100.0
2026-02-09 16:06:43,16.3,4.0,30000.0,0.3331346652920254,538279936.0,12.0,1800.0
2026-02-09 16:06:51,20.3,3.1,33000.0,0.4423914300140078,569528320.0,12.0,1800.0
2026-02-09 16:06:58,231.6,228.4,32000.0,0.3867737460123136,530837504.0,12.0,1800.0
2026-02-09 16:07:06,186.0,186.0,32000.0,0.3726334765026979,431468544.0,12.0,1800.0
2026-02-09 16:07:14,14.5,14.5,32000.0,0.3038234900734703,430862336.0,12.0,1800.0
2026-02-09 16:07:22,49.0,49.0,32000.0,0.1516388532916398,431042560.0,12.0,1800.0
2026-02-09 16:07:30,148.2,148.2,32000.0,0.1246176475235989,428834816.0,12.0,1800.0
2026-02-09 16:07:37,16.0,16.0,32000.0,0.0495450946328796,429101056.0,12.0,1800.0
2026-02-09 16:07:45,41.5,41.5,32000.0,0.0338792784696941,429133824.0,12.0,1800.0
2026-02-09 16:07:53,145.0,145.0,31000.0,0.0156205659492764,429400064.0,12.0,1800.0
2026-02-09 16:08:01,19.7,19.7,31000.0,0.0198563842643888,423370752.0,12.0,1800.0
2026-02-09 16:08:08,35.2,35.2,31000.0,0.02008332952904,423292928.0,12.0,1800.0
2026-02-09 16:08:16,146.3,146.3,31000.0,0.0195870030474195,423628800.0,12.0,1800.0
2026-02-09 16:08:24,34.0,34.0,31000.0,0.019368069025362,426541056.0,12.0,1800.0
2026-02-09 16:08:32,34.0,33.1,31000.0,0.0320845357985884,454594560.0,12.0,1800.0
2026-02-09 16:08:40,32.2,31.3,31000.0,0.0656370226253195,463929344.0,12.0,1765.0
2026-02-09 16:08:47,4.1,0.2,31000.0,0.0687092622971189,468529152.0,12.0,1730.0
2026-02-09 16:08:55,39.2,30.6,39000.0,0.1227442520035309,518340608.0,12.0,1690.0
2026-02-09 16:09:03,193.0,192.1,38000.0,0.1505598755625218,420986880.0,12.0,1650.0
2026-02-09 16:09:11,120.6,120.6,38000.0,0.1301744859736352,416575488.0,12.0,1610.0
2026-02-09 16:09:18,39.2,39.2,38000.0,0.1610589178666922,432132096.0,12.0,1580.0
2026-02-09 16:09:26,39.2,39.2,38000.0,0.1458511755438997,428167168.0,12.0,1575.0
2026-02-09 16:09:34,0.0,0.0,0.0,0.101842174489163,427945984.0,12.0,0.0
2026-02-09 16:09:42,0.0,0.0,0.0,0.0613455718871325,427945984.0,12.0,0.0
2026-02-09 16:09:50,0.0,0.0,0.0,0.0484920263859627,428290048.0,12.0,0.0
2026-02-09 16:09:58,0.0,0.0,0.0,0.01745300769137,425758720.0,12.0,0.0
2026-02-09 16:10:05,0.0,0.0,0.0,0.0165475744433562,425172992.0,12.0,0.0
2026-02-09 16:10:13,0.0,0.0,0.0,0.0157741745447486,424300544.0,12.0,0.0
2026-02-09 16:10:21,0.0,0.0,0.0,0.0198061335616228,424546304.0,12.0,0.0
2026-02-09 16:10:29,0.0,0.0,0.0,0.0184582320410983,424824832.0,12.0,0.0
2026-02-09 16:10:36,0.0,0.0,0.0,0.0174760383617585,424910848.0,12.0,0.0
2026-02-09 16:10:44,0.0,0.0,0.0,0.0176610369479064,425390080.0,12.0,0.0
2026-02-09 16:10:52,0.0,0.0,0.0,0.013871472211206,425570304.0,12.0,0.0
2026-02-09 16:11:00,0.0,0.0,0.0,0.0146765217601886,425709568.0,12.0,0.0
2026-02-09 16:11:08,0.0,0.0,0.0,0.0158534719897718,425836544.0,12.0,0.0
2026-02-09 16:11:16,0.0,0.0,0.0,0.0158883426352609,426622976.0,12.0,0.0
2026-02-09 16:11:23,0.0,0.0,0.0,0.0150414249745979,426270720.0,12.0,0.0
2026-02-09 16:11:31,0.0,0.0,0.0,0.0158107044061062,426270720.0,12.0,0.0
2026-02-09 16:11:39,0.0,0.0,0.0,0.0155282566831589,426639360.0,12.0,0.0
2026-02-09 16:11:47,0.0,0.0,0.0,0.0156872516613696,429494272.0,12.0,0.0
2026-02-09 16:11:54,0.0,0.0,0.0,0.0169030532728063,429477888.0,12.0,0.0
2026-02-09 16:12:02,0.0,0.0,0.0,0.0292925146586124,437813248.0,12.0,0.0
2026-02-09 16:12:10,0.0,0.0,0.0,0.0778790444191907,442875904.0,12.0,0.0
2026-02-09 16:12:18,0.0,0.0,0.0,0.1172361745828373,442974208.0,12.0,0.0
2026-02-09 16:12:26,0.0,0.0,0.0,0.2245182739435006,446734336.0,12.0,0.0
2026-02-09 16:12:33,0.0,0.0,0.0,0.2974437515991686,447545344.0,12.0,0.0
2026-02-09 16:12:41,0.0,0.0,0.0,0.3275856122946191,448241664.0,12.0,0.0
2026-02-09 16:12:49,0.0,0.0,0.0,0.3896807941702488,450293760.0,12.0,0.0
2026-02-09 16:12:57,0.0,0.0,0.0,0.3870439262519697,450629632.0,12.0,0.0
2026-02-09 16:13:05,0.0,0.0,0.0,0.3721466016166749,453447680.0,12.0,0.0
2026-02-09 16:13:13,0.0,0.0,0.0,0.3842004858612537,452943872.0,12.0,0.0
2026-02-09 16:13:20,0.0,0.0,0.0,0.3788384833425808,452902912.0,12.0,0.0
2026-02-09 16:13:28,0.0,0.0,0.0,0.3754104023971319,452272128.0,12.0,0.0
2026-02-09 16:13:36,0.0,0.0,0.0,0.3813081940876939,452333568.0,12.0,0.0
2026-02-09 16:13:44,0.0,0.0,0.0,0.3577805283152606,453328896.0,12.0,0.0
2026-02-09 16:13:52,0.0,0.0,0.0,0.3871695037307606,453472256.0,12.0,0.0
2026-02-09 16:13:59,0.0,0.0,0.0,0.3931251143658239,453496832.0,12.0,0.0
2026-02-09 16:14:07,0.0,0.0,0.0,0.3503865578755992,453496832.0,12.0,0.0
2026-02-09 16:14:15,0.0,0.0,0.0,0.4011295690738952,455708672.0,12.0,0.0
2026-02-09 16:14:23,0.0,0.0,0.0,0.3847927125530563,456036352.0,12.0,0.0
2026-02-09 16:14:31,0.0,0.0,0.0,0.45103412619963,534757376.0,12.0,0.0
2026-02-09 16:14:38,0.0,0.0,0.0,0.4277739206412707,534790144.0,12.0,0.0
2026-02-09 16:14:46,0.0,0.0,0.0,0.4286946232762577,449536000.0,12.0,0.0
2026-02-09 16:14:54,0.0,0.0,0.0,0.4309261874573842,449986560.0,12.0,0.0
2026-02-09 16:15:02,0.0,0.0,0.0,0.3305196534029725,450101248.0,12.0,0.0
2026-02-09 16:15:10,0.0,0.0,0.0,0.1793294949580172,450424832.0,12.0,0.0
2026-02-09 16:15:17,0.0,0.0,0.0,0.1280844621917935,450433024.0,12.0,0.0
2026-02-09 16:15:25,0.0,0.0,0.0,0.0193661267241921,450809856.0,12.0,0.0
2026-02-09 16:15:33,0.0,0.0,0.0,0.0169830170545169,450551808.0,12.0,0.0
2026-02-09 16:15:41,0.0,0.0,0.0,0.0171088816929583,449847296.0,12.0,0.0
2026-02-09 16:15:49,0.0,0.0,0.0,0.0160836006112394,450260992.0,12.0,0.0
2026-02-09 16:15:56,0.0,0.0,0.0,0.0182431708580494,450465792.0,12.0,0.0
2026-02-09 16:16:04,0.0,0.0,0.0,0.0201844496027886,434208768.0,12.0,0.0
2026-02-09 16:16:12,0.0,0.0,0.0,0.0207389268658792,434384896.0,12.0,0.0
2026-02-09 16:16:20,0.0,0.0,0.0,0.0187762803478611,434626560.0,12.0,0.0
2026-02-09 16:16:28,0.0,0.0,0.0,0.0183807343437876,434868224.0,12.0,0.0
2026-02-09 16:16:35,0.0,0.0,0.0,0.0188758499529238,435191808.0,12.0,0.0
2026-02-09 16:16:43,0.0,0.0,0.0,0.0163028826710284,435625984.0,12.0,0.0
2026-02-09 16:16:51,0.0,0.0,0.0,0.0165718005999631,436289536.0,12.0,0.0
2026-02-09 16:16:59,0.0,0.0,0.0,0.0158986387677761,436277248.0,12.0,0.0
2026-02-09 16:17:07,0.0,0.0,0.0,0.0172350360597485,436244480.0,12.0,0.0
2026-02-09 16:21:27,14.0,0.8,21000.0,0.0161589542632906,460849152.0,12.0,50.0
2026-02-09 16:22:00,44.3,4.6,21000.0,0.3718184730755149,507781120.0,12.0,1000.0
2026-02-09 16:23:47,0.0,0.0,0.0,0.0869031755754671,450646016.0,12.0,0.0
2026-02-09 16:23:54,0.0,0.0,0.0,0.0877639563773915,450465792.0,12.0,0.0
2026-02-09 16:24:02,0.0,0.0,0.0,0.0748876902815266,450760704.0,12.0,0.0
2026-02-09 16:24:10,0.0,0.0,0.0,0.0931059625983581,457035776.0,12.0,0.0
2026-02-09 16:24:18,0.0,0.0,0.0,0.1910210907835905,462811136.0,12.0,0.0
2026-02-09 16:24:25,0.0,0.0,0.0,0.2265915320042192,464097280.0,12.0,0.0
2026-02-09 16:24:33,0.0,0.0,0.0,0.306758264586577,463953920.0,12.0,0.0
2026-02-09 16:24:41,0.0,0.0,0.0,0.3137812318071043,463687680.0,12.0,0.0
2026-02-09 16:24:49,0.0,0.0,0.0,0.3813827979256033,464273408.0,12.0,0.0
2026-02-09 16:24:57,0.0,0.0,0.0,0.3586589711914714,464805888.0,12.0,0.0
2026-02-09 16:25:04,0.0,0.0,0.0,0.3931256433116523,466866176.0,12.0,0.0
2026-02-09 16:25:12,0.0,0.0,0.0,0.3862701081138749,466051072.0,12.0,0.0
2026-02-09 16:25:20,0.0,0.0,0.0,0.3737273098040609,466173952.0,12.0,0.0
2026-02-09 16:25:28,0.0,0.0,0.0,0.408403896590088,466219008.0,12.0,0.0
2026-02-09 16:25:35,0.0,0.0,0.0,0.3964684667304096,466157568.0,12.0,0.0
2026-02-09 16:25:43,0.0,0.0,0.0,0.3212206587818241,466464768.0,12.0,0.0
2026-02-09 16:25:51,0.0,0.0,0.0,0.3456126225567019,466259968.0,12.0,0.0
2026-02-09 16:25:59,0.0,0.0,0.0,0.3514389739105105,466370560.0,12.0,0.0
2026-02-09 16:26:07,0.0,0.0,0.0,0.3432890905339252,467304448.0,12.0,0.0
2026-02-09 16:26:14,0.0,0.0,0.0,0.3737483989114862,467886080.0,12.0,0.0
2026-02-09 16:26:22,0.0,0.0,0.0,0.3440692535662436,467816448.0,12.0,0.0
2026-02-09 16:26:30,0.0,0.0,0.0,0.3739903187312213,467537920.0,12.0,0.0
2026-02-09 16:26:38,0.0,0.0,0.0,0.3667507956296623,467660800.0,12.0,0.0
2026-02-09 16:26:46,0.0,0.0,0.0,0.3736634701770559,468070400.0,12.0,0.0
2026-02-09 16:26:53,0.0,0.0,0.0,0.3622701091868959,467767296.0,12.0,0.0
2026-02-09 16:27:01,0.0,0.0,0.0,0.3329571529748936,511631360.0,12.0,0.0
2026-02-09 16:27:09,0.0,0.0,0.0,0.3847434443165131,513028096.0,12.0,0.0
2026-02-09 16:27:17,0.0,0.0,0.0,0.4214938984797522,520982528.0,12.0,0.0
2026-02-09 16:27:25,0.0,0.0,0.0,0.4603638464919203,551383040.0,12.0,0.0
2026-02-09 16:27:32,0.0,0.0,0.0,0.4280336249207336,551600128.0,12.0,0.0
2026-02-09 16:27:40,0.0,0.0,0.0,0.3610796536746426,516087808.0,12.0,0.0
2026-02-09 16:27:48,0.0,0.0,0.0,0.408912133830375,516169728.0,12.0,0.0
2026-02-09 16:27:56,0.0,0.0,0.0,0.3747984572058069,511827968.0,12.0,0.0
2026-02-09 16:28:04,0.0,0.0,0.0,0.2748851076923425,527032320.0,12.0,0.0
2026-02-09 16:28:11,0.0,0.0,0.0,0.3167883929548729,540209152.0,12.0,0.0
2026-02-09 16:28:19,0.0,0.0,0.0,0.3074380376091402,540483584.0,12.0,0.0
2026-02-09 16:28:27,0.0,0.0,0.0,0.2858479333773404,513310720.0,12.0,0.0
2026-02-09 16:28:35,0.0,0.0,0.0,0.2854264626035609,512716800.0,12.0,0.0
2026-02-09 16:28:42,0.0,0.0,0.0,0.3210107268827228,492097536.0,12.0,0.0
2026-02-09 16:28:50,0.0,0.0,0.0,0.2624565467377822,509071360.0,12.0,0.0
2026-02-09 16:28:58,0.0,0.0,0.0,0.2594016076163249,525807616.0,12.0,0.0
2026-02-09 16:29:06,0.0,0.0,0.0,0.306836693805798,543342592.0,12.0,0.0
2026-02-09 16:29:14,0.0,0.0,0.0,0.2888213822898677,517189632.0,12.0,0.0
2026-02-09 16:29:22,0.0,0.0,0.0,0.2974405509211197,484511744.0,12.0,0.0
2026-02-09 16:29:29,0.0,0.0,0.0,0.3237024721739736,483565568.0,12.0,0.0
2026-02-09 16:29:37,0.0,0.0,0.0,0.2408861672434969,498782208.0,12.0,0.0
2026-02-09 16:29:45,0.0,0.0,0.0,0.310479522738166,520658944.0,12.0,0.0
2026-02-09 16:29:53,0.0,0.0,0.0,0.2998722030632804,520769536.0,12.0,0.0
2026-02-09 16:30:00,0.0,0.0,0.0,0.2980827855529904,526749696.0,12.0,0.0
2026-02-09 16:30:08,0.0,0.0,0.0,0.2710388347046562,496001024.0,12.0,0.0
2026-02-09 16:30:16,0.0,0.0,0.0,0.2868181756428923,487243776.0,12.0,0.0
2026-02-09 16:30:24,0.0,0.0,0.0,0.2594183307397723,487227392.0,12.0,0.0
2026-02-09 16:30:31,0.0,0.0,0.0,0.2195557785827755,468455424.0,12.0,0.0
2026-02-09 16:30:39,0.0,0.0,0.0,0.2246006990482369,468340736.0,12.0,0.0
2026-02-09 16:30:47,0.0,0.0,0.0,0.1767018389630509,468111360.0,12.0,0.0
2026-02-09 16:30:55,0.0,0.0,0.0,0.2488800837461298,461393920.0,12.0,0.0
2026-02-09 16:31:03,0.0,0.0,0.0,0.2478545990537648,461393920.0,12.0,0.0
2026-02-09 16:31:10,0.0,0.0,0.0,0.1987371338620378,459956224.0,12.0,0.0
2026-02-09 16:31:18,0.0,0.0,0.0,0.2327989900881112,459988992.0,12.0,0.0
2026-02-09 16:31:26,0.0,0.0,0.0,0.2233188271260832,459993088.0,12.0,0.0
2026-02-09 16:31:34,0.0,0.0,0.0,0.1733739611956758,463507456.0,12.0,0.0
2026-02-09 16:31:42,0.0,0.0,0.0,0.1864089270059775,456077312.0,12.0,0.0
2026-02-09 16:31:49,0.0,0.0,0.0,0.1682721535003699,453410816.0,12.0,0.0
2026-02-09 16:31:57,0.0,0.0,0.0,0.1774146078859181,471511040.0,12.0,0.0
2026-02-09 16:32:05,0.0,0.0,0.0,0.1648945474576049,479973376.0,12.0,0.0
2026-02-09 16:32:13,0.0,0.0,0.0,0.1834131690125454,518041600.0,12.0,0.0
2026-02-09 16:32:21,0.0,0.0,0.0,0.2570106259727592,548704256.0,12.0,0.0
2026-02-09 16:32:28,0.0,0.0,0.0,0.2578727786319052,509214720.0,12.0,0.0
2026-02-09 16:32:36,0.0,0.0,0.0,0.3059247122092225,507949056.0,12.0,0.0
2026-02-09 16:32:44,0.0,0.0,0.0,0.3034549040329605,487186432.0,12.0,0.0
2026-02-09 16:32:52,0.0,0.0,0.0,0.3302417805664784,486559744.0,12.0,0.0
2026-02-09 16:33:00,0.0,0.0,0.0,0.2376079490532381,484667392.0,12.0,0.0
2026-02-09 16:33:07,0.0,0.0,0.0,0.255461851469367,484544512.0,12.0,0.0
2026-02-09 16:33:15,0.0,0.0,0.0,0.1891335970534409,484659200.0,12.0,0.0
2026-02-09 16:33:23,0.0,0.0,0.0,0.2332902019441577,485662720.0,12.0,0.0
2026-02-09 16:33:31,0.0,0.0,0.0,0.2350783286640343,486559744.0,12.0,0.0
2026-02-09 16:33:39,0.0,0.0,0.0,0.232370062446916,486760448.0,12.0,0.0
2026-02-09 16:33:46,0.0,0.0,0.0,0.2321105218680377,486957056.0,12.0,0.0
2026-02-09 16:33:54,0.0,0.0,0.0,0.2294505822099628,484855808.0,12.0,0.0
2026-02-09 16:34:02,0.0,0.0,0.0,0.1945314448424011,484855808.0,12.0,0.0
2026-02-09 16:34:10,0.0,0.0,0.0,0.1691159534224191,481505280.0,12.0,0.0
2026-02-09 16:34:17,0.0,0.0,0.0,0.2365229035919475,481574912.0,12.0,0.0
2026-02-09 16:34:25,0.0,0.0,0.0,0.2345879383831134,478654464.0,12.0,0.0
2026-02-09 16:34:33,0.0,0.0,0.0,0.2349224430877995,478859264.0,12.0,0.0
2026-02-09 16:34:41,0.0,0.0,0.0,0.2366441895620091,479309824.0,12.0,0.0
2026-02-09 16:34:49,0.0,0.0,0.0,0.2024915460103679,479326208.0,12.0,0.0
2026-02-09 16:34:56,0.0,0.0,0.0,0.2402437647793522,473571328.0,12.0,0.0
2026-02-09 16:35:04,0.0,0.0,0.0,0.1671550072040748,472875008.0,12.0,0.0
2026-02-09 16:35:12,0.0,0.0,0.0,0.24180780431346,467562496.0,12.0,0.0
2026-02-09 16:35:20,0.0,0.0,0.0,0.2026134044291035,471756800.0,12.0,0.0
2026-02-09 16:35:28,0.0,0.0,0.0,0.2684475755480865,487002112.0,12.0,0.0
2026-02-09 16:35:35,0.0,0.0,0.0,0.2645731908606107,487178240.0,12.0,0.0
2026-02-09 16:35:43,0.0,0.0,0.0,0.2664694966313324,480247808.0,12.0,0.0
2026-02-09 16:35:51,0.0,0.0,0.0,0.2577902286780972,482435072.0,12.0,0.0
2026-02-09 16:35:59,0.0,0.0,710.0,0.2613385682183425,480059392.0,12.0,10.0
2026-02-09 16:36:07,8.875,8.875,670.0,0.2171002371903909,476651520.0,12.0,50.0
2026-02-09 16:36:14,14.9,14.9,650.0,0.2183692928957107,476528640.0,12.0,50.0
2026-02-09 16:36:22,15.1,15.1,650.0,0.1499300730837299,460529664.0,12.0,50.0
2026-02-09 16:36:30,15.0,15.0,650.0,0.1472209887859994,461193216.0,12.0,50.0
2026-02-09 16:36:38,14.9,14.9,650.0,0.0865858715278423,461361152.0,12.0,50.0
2026-02-09 16:36:46,15.4,15.4,640.0,0.085968450417746,458477568.0,12.0,50.0
2026-02-09 16:36:53,14.4,13.6,650.0,0.0545214954737926,459096064.0,12.0,50.0
2026-02-09 16:37:01,11.7,1.7,1100.0,0.0449856157462557,459608064.0,12.0,50.0
2026-02-09 16:37:09,11.6,0.7,1800.0,0.044146224880347,459616256.0,12.0,50.0
2026-02-09 16:37:17,12.9,0.6,1700.0,0.1691485370304168,464244736.0,12.0,50.0
2026-02-09 16:37:25,13.9,0.4,1600.0,0.2526389699327735,465489920.0,12.0,50.0
2026-02-09 16:37:32,13.8,0.9,1500.0,0.3158763593580355,465567744.0,12.0,50.0
2026-02-09 16:37:40,13.8,1.0,1500.0,0.3341867575179226,465661952.0,12.0,50.0
2026-02-09 16:37:48,13.4,0.3,1500.0,0.3043726146231345,467939328.0,12.0,50.0
2026-02-09 16:37:56,14.9,0.8,1400.0,0.3950391457619887,470020096.0,12.0,50.0
2026-02-09 16:38:04,13.6,0.7,1300.0,0.4102335568471533,469995520.0,12.0,50.0
2026-02-09 16:38:11,13.2,0.4,1300.0,0.3675051317046257,470298624.0,12.0,50.0
2026-02-09 16:38:19,13.7,0.8,1300.0,0.3780728696850836,470331392.0,12.0,50.0
2026-02-09 16:38:27,14.3,0.9,1200.0,0.3949707096458752,470458368.0,12.0,50.0
2026-02-09 16:38:35,14.0,0.6,1300.0,0.3789715510711541,470392832.0,12.0,50.0
2026-02-09 16:38:43,13.8,0.5,1200.0,0.3870773559666225,470683648.0,12.0,50.0
2026-02-09 16:38:51,14.0,0.4,1200.0,0.3629070960990838,470376448.0,12.0,50.0
2026-02-09 16:38:58,13.9,0.7,1200.0,0.3697707423126297,473722880.0,12.0,50.0
2026-02-09 16:39:06,13.5,0.4,1300.0,0.3542472298421687,473735168.0,12.0,50.0
2026-02-09 16:39:14,13.9,0.5,1200.0,0.3783353403005823,473563136.0,12.0,50.0
2026-02-09 16:39:22,13.8,0.5,1200.0,0.3509590751777811,474210304.0,12.0,50.0
2026-02-09 16:39:30,14.1,0.6,1200.0,0.3760613134172602,474812416.0,12.0,50.0
2026-02-09 16:39:37,13.8,0.8,1200.0,0.3342225482843315,474877952.0,12.0,50.0
2026-02-09 16:39:45,13.7,0.5,1200.0,0.3873584520812818,475119616.0,12.0,50.0
2026-02-09 16:39:53,15.0,0.8,1100.0,0.3674047288812837,475238400.0,12.0,50.0
2026-02-09 16:40:01,14.4,0.9,1100.0,0.3977631094762348,475545600.0,12.0,50.0
2026-02-09 16:40:09,13.4,0.6,1100.0,0.3572477376270221,475844608.0,12.0,50.0
2026-02-09 16:40:17,14.0,1.2,1100.0,0.3899709367523419,475607040.0,12.0,50.0
2026-02-09 16:40:24,14.4,1.2,1100.0,0.3981491458803936,475365376.0,12.0,50.0
2026-02-09 16:40:32,13.9,1.0,1100.0,0.3718849077190022,475656192.0,12.0,50.0
2026-02-09 16:40:40,14.6,0.5,1100.0,0.3604303685813017,476377088.0,12.0,50.0
2026-02-09 16:40:48,14.5,0.5,1000.0,0.3475792486025965,475402240.0,12.0,50.0
2026-02-09 16:40:56,14.2,0.8,1000.0,0.3956179058104728,475074560.0,12.0,50.0
2026-02-09 16:41:03,13.0,0.5,1100.0,0.3760469025116962,475635712.0,12.0,50.0
2026-02-09 16:41:11,13.8,0.4,1100.0,0.4022660297201608,475885568.0,12.0,50.0
2026-02-09 16:41:19,14.0,0.6,1000.0,0.3744772437967887,475881472.0,12.0,50.0
2026-02-09 16:41:27,13.1,0.6,1100.0,0.3972249612526974,476004352.0,12.0,50.0
2026-02-09 16:41:35,13.3,0.4,1000.0,0.399228856159424,476172288.0,12.0,50.0
2026-02-09 16:41:43,14.5,0.9,1000.0,0.3530340181747801,475611136.0,12.0,50.0
2026-02-09 16:41:51,14.5,0.5,1000.0,0.3960550337804729,476655616.0,12.0,50.0
2026-02-09 16:41:58,13.6,0.7,1000.0,0.3884497484284581,476839936.0,12.0,50.0
2026-02-09 16:42:06,13.8,0.8,1000.0,0.3875212878376569,476479488.0,12.0,50.0
2026-02-09 16:42:14,14.6,0.9,1000.0,0.3443353282798198,476721152.0,12.0,50.0
2026-02-09 16:42:22,13.8,0.7,1000.0,0.3796645944817302,477241344.0,12.0,50.0
2026-02-09 16:42:30,13.8,0.3,1000.0,0.3503406189823295,477417472.0,12.0,50.0
2026-02-09 16:42:37,14.2,0.8,1000.0,0.3533452211102446,477511680.0,12.0,50.0
2026-02-09 16:42:45,15.5,0.9,990.0,0.4027016005111645,477282304.0,12.0,50.0
2026-02-09 16:42:53,14.8,0.6,980.0,0.3499156859956092,477548544.0,12.0,50.0
2026-02-09 16:43:01,13.8,0.8,980.0,0.3721952322232085,477835264.0,12.0,50.0
2026-02-09 16:43:08,13.8,0.9,970.0,0.356494449495654,477798400.0,12.0,50.0
2026-02-09 16:43:16,13.9,0.5,970.0,0.3419877884539176,478433280.0,12.0,50.0
2026-02-09 16:43:24,14.2,0.7,960.0,0.3554088613436186,477569024.0,12.0,50.0
2026-02-09 16:43:32,13.4,0.7,950.0,0.3752385311466327,477134848.0,12.0,50.0
2026-02-09 16:43:40,13.9,0.7,940.0,0.3572384873523795,477306880.0,12.0,50.0
2026-02-09 16:43:47,14.5,1.1,930.0,0.3718574514920796,477601792.0,12.0,50.0
2026-02-09 16:43:55,14.9,0.6,930.0,0.3463616850745932,477904896.0,12.0,50.0
2026-02-09 16:44:03,20.1,2.1,1200.0,0.3954187781509931,478089216.0,12.0,650.0
2026-02-09 16:44:11,32.2,5.1,2000.0,0.3680431755213034,525881344.0,12.0,1000.0
2026-02-09 16:44:19,36.5,1.5,6500.0,0.4275546793567483,528121856.0,12.0,1000.0
2026-02-09 16:44:26,28.5,1.4,7300.0,0.4771464424292216,559378432.0,12.0,1000.0
2026-02-09 16:44:34,32.2,1.9,19000.0,0.4719811193079002,560492544.0,12.0,1000.0
2026-02-09 16:44:42,42.1,2.0,28000.0,0.4811440284780954,567132160.0,12.0,1000.0
2026-02-09 16:44:50,186.3,173.4,28000.0,0.4348545274878765,530272256.0,12.0,1000.0
2026-02-09 16:44:58,213.9,213.9,27000.0,0.3940671480722625,530956288.0,12.0,1000.0
2026-02-09 16:45:06,97.7,97.7,27000.0,0.3364900187096989,548290560.0,12.0,1000.0
2026-02-09 16:45:14,16.5,0.5,27000.0,0.3504154678984117,520785920.0,12.0,1000.0
2026-02-09 16:45:21,25.9,0.9,27000.0,0.2386096368825253,538050560.0,12.0,1000.0
2026-02-09 16:45:29,32.6,1.4,27000.0,0.2878324970333185,556953600.0,12.0,1000.0
2026-02-09 16:45:37,143.9,132.5,31000.0,0.3467715263275993,517988352.0,12.0,1000.0
2026-02-09 16:45:45,232.0,231.9,31000.0,0.3315200308730352,517926912.0,12.0,1000.0
2026-02-09 16:45:52,225.3,225.3,30000.0,0.3479438344902593,494374912.0,12.0,1000.0
2026-02-09 16:46:00,222.4,222.4,29000.0,0.222966133947319,494448640.0,12.0,980.0
2026-02-09 16:46:08,222.1,222.1,28000.0,0.222515532216802,494653440.0,12.0,940.0
2026-02-09 16:46:16,203.5,203.5,28000.0,0.1917113783103145,494649344.0,12.0,900.0
2026-02-09 16:46:24,214.2,214.2,26000.0,0.2346206251895146,488321024.0,12.0,860.0
2026-02-09 16:46:31,192.5,192.5,24000.0,0.2300913938741979,486518784.0,12.0,825.0
2026-02-09 16:46:40,203.3,203.3,22000.0,0.2331529452167379,486608896.0,12.0,780.0
2026-02-09 16:46:47,209.7,209.7,21000.0,0.1878338481892209,486629376.0,12.0,745.0
2026-02-09 16:46:55,200.9,200.9,20000.0,0.204223372625777,485298176.0,12.0,705.0
2026-02-09 16:47:03,200.7,200.7,20000.0,0.2353930458840437,480784384.0,12.0,665.0
2026-02-09 16:47:11,188.7,188.7,19000.0,0.2400650443554207,478195712.0,12.0,625.0
2026-02-09 16:47:19,183.4,183.4,18000.0,0.2387498855041851,478199808.0,12.0,585.0
2026-02-09 16:47:26,174.9,174.9,17000.0,0.2157786622013322,477831168.0,12.0,550.0
2026-02-09 16:47:34,162.1,162.1,16000.0,0.2459225288461964,472346624.0,12.0,510.0
2026-02-09 16:47:42,151.7,151.7,15000.0,0.2438600389477471,472649728.0,12.0,470.0
2026-02-09 16:47:50,136.2,136.2,14000.0,0.201044578841129,472600576.0,12.0,430.0
2026-02-09 16:47:58,129.0,129.0,14000.0,0.2477101111109615,472604672.0,12.0,390.0
2026-02-09 16:48:05,118.3,118.3,13000.0,0.2447072295552797,470732800.0,12.0,355.0
2026-02-09 16:48:13,107.0,107.0,13000.0,0.2417292042506352,470986752.0,12.0,315.0
2026-02-09 16:48:21,95.0,95.0,13000.0,0.2329860620861259,467030016.0,12.0,275.0
2026-02-09 16:48:29,82.2,82.2,12000.0,0.2225978359176492,467034112.0,12.0,240.0
2026-02-09 16:48:37,69.9,69.9,12000.0,0.2090193589327902,465620992.0,12.0,200.0
2026-02-09 16:48:44,59.2,59.2,12000.0,0.1989323031180716,466010112.0,12.0,165.0
2026-02-09 16:48:52,48.4,48.4,12000.0,0.1759209995624321,466300928.0,12.0,125.0
2026-02-09 16:49:00,36.9,36.9,11000.0,0.1671209828238536,464195584.0,12.0,85.0
2026-02-09 16:49:08,24.3,24.3,11000.0,0.1505785259029533,464224256.0,12.0,50.0
2026-02-09 16:49:16,15.8,15.8,11000.0,0.1165544443981611,464338944.0,12.0,50.0
2026-02-09 16:49:23,14.7,14.7,11000.0,0.1195414578134008,464523264.0,12.0,50.0
2026-02-09 16:49:31,15.4,15.4,11000.0,0.0864520490687825,457342976.0,12.0,50.0
2026-02-09 16:49:39,14.2,14.2,11000.0,0.0832932036991833,457682944.0,12.0,50.0
2026-02-09 16:49:47,15.2,15.2,11000.0,0.065995866200017,451067904.0,12.0,50.0
2026-02-09 16:49:55,15.0,15.0,11000.0,0.0669308415318909,451272704.0,12.0,50.0
2026-02-09 16:50:02,15.1,15.1,11000.0,0.0601691763695186,452079616.0,12.0,50.0
2026-02-09 16:50:10,14.0,14.0,11000.0,0.0547986338607063,452177920.0,12.0,50.0
2026-02-09 16:50:18,15.3,15.3,11000.0,0.0473093354852414,452251648.0,12.0,50.0
2026-02-09 16:50:26,15.4,15.4,10000.0,0.0533062271579867,450592768.0,12.0,50.0
2026-02-09 16:50:34,14.7,14.7,10000.0,0.0548806391040252,451485696.0,12.0,50.0
2026-02-09 16:50:41,15.3,15.3,10000.0,0.0510211719007417,451653632.0,12.0,50.0
2026-02-09 16:50:49,14.4,14.4,10000.0,0.0460627314107775,454361088.0,12.0,50.0
2026-02-09 16:50:57,14.8,14.8,10000.0,0.0803793660004892,470552576.0,12.0,50.0
2026-02-09 16:51:05,14.2,14.2,10000.0,0.0655309877336678,467148800.0,12.0,50.0
2026-02-09 16:51:13,14.8,14.8,10000.0,0.0745770895796879,467636224.0,12.0,50.0
2026-02-09 16:51:20,15.1,15.1,10000.0,0.0743456082151857,467345408.0,12.0,50.0
2026-02-09 16:51:28,14.8,14.8,10000.0,0.0750493866126232,467533824.0,12.0,50.0
2026-02-09 16:51:36,15.8,15.8,10000.0,0.0694504075212138,467779584.0,12.0,50.0
2026-02-09 16:51:44,15.2,15.2,9900.0,0.0476252494521744,468217856.0,12.0,50.0
2026-02-09 16:51:52,15.5,15.5,9900.0,0.0511345011368551,467574784.0,12.0,50.0
2026-02-09 16:52:00,16.1,16.1,9800.0,0.0471491256849994,468197376.0,12.0,50.0
2026-02-09 16:52:08,15.4,15.4,9700.0,0.0547744394596808,468201472.0,12.0,50.0
2026-02-09 16:52:15,15.9,15.9,9700.0,0.0490959604508642,467959808.0,12.0,50.0
2026-02-09 16:52:23,15.4,15.4,9600.0,0.0538064122882505,468160512.0,12.0,50.0
2026-02-09 16:52:31,12.4,3.1,9600.0,0.0634376590183964,465903616.0,12.0,50.0
2026-02-09 16:52:39,12.2,0.8,9600.0,0.0839571065705381,468426752.0,12.0,50.0
2026-02-09 16:52:47,11.7,0.5,9600.0,0.1481430233332497,471425024.0,12.0,50.0
2026-02-09 16:52:54,14.2,0.5,9500.0,0.2453797841342392,474238976.0,12.0,50.0
2026-02-09 16:53:02,13.7,0.7,9500.0,0.2741418104709062,474656768.0,12.0,50.0
2026-02-09 16:53:10,13.4,0.7,9400.0,0.2511007653479165,474718208.0,12.0,50.0
2026-02-09 16:53:18,13.5,0.6,9400.0,0.3639050986625595,476966912.0,12.0,50.0
2026-02-09 16:53:26,14.6,0.9,9300.0,0.3814521232276022,479244288.0,12.0,50.0
2026-02-09 16:53:33,13.7,0.8,9300.0,0.3710973018500466,479657984.0,12.0,50.0
2026-02-09 16:53:41,14.3,0.6,9200.0,0.3915252083765245,479309824.0,12.0,50.0
2026-02-09 16:53:49,14.0,0.9,9200.0,0.3509837335832832,479694848.0,12.0,50.0
2026-02-09 16:53:57,13.7,0.9,9200.0,0.3605009721322075,479981568.0,12.0,50.0
2026-02-09 16:54:05,22.2,3.1,9100.0,0.3835866356167922,480501760.0,12.0,850.0
2026-02-09 16:54:13,27.1,5.5,9000.0,0.3541412942053085,496017408.0,12.0,1000.0
2026-02-09 16:54:21,36.5,1.6,9900.0,0.3795065105893971,558399488.0,12.0,1000.0
2026-02-09 16:54:28,30.3,1.8,11000.0,0.3979792807736932,557846528.0,12.0,1000.0
2026-02-09 16:54:36,132.8,103.1,17000.0,0.3902491918179152,523046912.0,12.0,1000.0
2026-02-09 16:54:44,259.5,257.8,16000.0,0.3787745822596242,525033472.0,12.0,1000.0
2026-02-09 16:54:52,191.8,191.8,16000.0,0.3844081153511263,501633024.0,12.0,1000.0
2026-02-09 16:55:00,14.5,11.1,16000.0,0.3002218374453064,521715712.0,12.0,1000.0
2026-02-09 16:55:08,26.4,0.8,17000.0,0.2686628574655474,521613312.0,12.0,1000.0
2026-02-09 16:55:15,32.1,2.5,17000.0,0.3417239455723701,560619520.0,12.0,1000.0
2026-02-09 16:55:23,33.1,16.5,20000.0,0.3718064733425892,564170752.0,12.0,1000.0
2026-02-09 16:55:31,207.0,206.2,20000.0,0.4035150819810505,526422016.0,12.0,1000.0
2026-02-09 16:55:39,218.3,218.3,19000.0,0.354081271780269,526426112.0,12.0,1000.0
2026-02-09 16:55:47,225.5,225.5,19000.0,0.3929731805227516,496992256.0,12.0,1000.0
2026-02-09 16:55:54,222.7,222.7,18000.0,0.2525161349490115,496979968.0,12.0,1000.0
2026-02-09 16:56:02,219.3,219.3,18000.0,0.2517915739240972,501530624.0,12.0,975.0
2026-02-09 16:56:10,216.6,216.6,17000.0,0.2312628544368095,501624832.0,12.0,935.0
2026-02-09 16:56:18,223.3,223.3,17000.0,0.2254605473704624,501592064.0,12.0,895.0
2026-02-09 16:56:25,226.1,226.1,16000.0,0.2337521257516199,491626496.0,12.0,860.0
2026-02-09 16:56:33,218.1,218.1,16000.0,0.2330388162931432,492576768.0,12.0,820.0
2026-02-09 16:56:41,214.1,214.1,16000.0,0.2354518816347645,492486656.0,12.0,780.0
2026-02-09 16:56:49,216.3,216.3,15000.0,0.1918181670626229,492904448.0,12.0,740.0
2026-02-09 16:56:57,213.3,213.3,14000.0,0.2380321712029594,488722432.0,12.0,700.0
2026-02-09 16:57:05,201.0,201.0,14000.0,0.2391701756675339,485183488.0,12.0,660.0
2026-02-09 16:57:12,190.8,190.8,13000.0,0.2063667859866647,485306368.0,12.0,625.0
2026-02-09 16:57:20,183.6,183.6,13000.0,0.1869129895111888,480698368.0,12.0,585.0
2026-02-09 16:57:28,173.8,173.8,13000.0,0.1797481521850066,480219136.0,12.0,545.0
2026-02-09 16:57:36,161.7,161.7,13000.0,0.2432562614413387,481202176.0,12.0,505.0
2026-02-09 16:57:44,149.0,149.0,12000.0,0.2324576632354493,474292224.0,12.0,465.0
2026-02-09 16:57:51,141.2,141.2,12000.0,0.2460377424909938,476872704.0,12.0,430.0
2026-02-09 16:57:59,131.4,131.4,12000.0,0.2447930701742432,477036544.0,12.0,390.0
2026-02-09 16:58:07,116.4,116.4,11000.0,0.2065014247093264,476450816.0,12.0,350.0
2026-02-09 16:58:15,100.6,100.6,11000.0,0.2404248785911207,474525696.0,12.0,310.0
2026-02-09 16:58:23,92.3,92.3,11000.0,0.1816969589116091,474714112.0,12.0,270.0
2026-02-09 16:58:30,81.2,81.2,11000.0,0.1620174972325577,471572480.0,12.0,235.0
2026-02-09 16:58:38,69.0,69.0,10000.0,0.1872491635729379,471334912.0,12.0,195.0
2026-02-09 16:58:46,57.6,57.6,10000.0,0.194808035455925,469327872.0,12.0,155.0
2026-02-09 16:58:54,45.6,45.6,10000.0,0.1761000108099346,469454848.0,12.0,115.0
2026-02-09 16:59:01,34.8,34.8,10000.0,0.1597348811883601,469561344.0,12.0,80.0
2026-02-09 16:59:09,23.5,23.5,10000.0,0.136236148622923,469712896.0,12.0,50.0
2026-02-09 16:59:17,16.4,16.4,10000.0,0.1131627720622648,469864448.0,12.0,50.0
2026-02-09 16:59:25,15.2,15.2,10000.0,0.094226324538026,468213760.0,12.0,50.0
2026-02-09 16:59:33,15.3,15.3,10000.0,0.0908797990970521,468385792.0,12.0,50.0
2026-02-09 16:59:40,14.3,14.3,10000.0,0.0639004607665163,468574208.0,12.0,50.0
2026-02-09 16:59:48,15.3,15.3,10000.0,0.0632399987336492,468594688.0,12.0,50.0
2026-02-09 16:59:56,15.0,15.0,10000.0,0.0535419569359419,468684800.0,12.0,50.0
2026-02-09 17:00:04,16.0,16.0,10000.0,0.0542342774977728,466710528.0,12.0,50.0
2026-02-09 17:00:12,15.1,15.1,9900.0,0.0541622800519711,455229440.0,12.0,50.0
2026-02-09 17:00:19,14.6,14.6,9900.0,0.0516011134829723,455225344.0,12.0,50.0
2026-02-09 17:00:27,14.4,14.4,9800.0,0.0551571475732736,455708672.0,12.0,50.0
2026-02-09 17:00:35,15.4,15.4,9800.0,0.0546449733602754,458366976.0,12.0,50.0
2026-02-09 17:00:43,15.4,15.4,9800.0,0.0553615537904513,458571776.0,12.0,50.0
2026-02-09 17:00:51,15.1,15.1,9700.0,0.0526166723876167,458760192.0,12.0,50.0
2026-02-09 17:00:58,16.1,16.1,9700.0,0.068700342816034,473829376.0,12.0,50.0
2026-02-09 17:01:06,15.3,15.3,9700.0,0.0758345745991978,471642112.0,12.0,50.0
2026-02-09 17:01:14,15.1,15.1,9600.0,0.0774273587709347,472018944.0,12.0,50.0
2026-02-09 17:01:22,15.6,15.6,9600.0,0.0813327307959563,472285184.0,12.0,50.0
2026-02-09 17:01:29,15.0,15.0,9600.0,0.0735143559363392,472285184.0,12.0,50.0
2026-02-09 17:01:37,15.0,15.0,9600.0,0.0647443864248493,472698880.0,12.0,50.0
2026-02-09 17:01:45,14.1,14.1,9500.0,0.0565256535468522,473133056.0,12.0,50.0
2026-02-09 17:01:53,15.0,15.0,9500.0,0.0618874049664453,473235456.0,12.0,50.0
2026-02-09 17:02:00,15.5,15.5,9500.0,0.0600090934527599,473526272.0,12.0,50.0
2026-02-09 17:02:08,14.0,8.8,9500.0,0.057651572304281,473927680.0,12.0,50.0
2026-02-09 17:02:16,13.6,0.9,9400.0,0.0762506676701566,471785472.0,12.0,50.0
2026-02-09 17:02:24,13.1,0.6,9400.0,0.0864621211220532,476884992.0,12.0,50.0
2026-02-09 17:02:32,14.5,0.8,9400.0,0.2124646896434845,476950528.0,12.0,50.0
2026-02-09 17:02:40,13.4,1.0,9400.0,0.2442763116974881,479141888.0,12.0,50.0
2026-02-09 17:02:47,13.5,1.0,9400.0,0.374167444218202,479137792.0,12.0,50.0
2026-02-09 17:02:55,13.4,0.3,9400.0,0.3632824970977096,481607680.0,12.0,50.0
2026-02-09 17:03:03,13.3,0.8,9300.0,0.3977925804538056,482160640.0,12.0,50.0
2026-02-09 17:03:11,13.0,0.7,9300.0,0.4237469688258418,485150720.0,12.0,50.0
2026-02-09 17:03:18,14.6,0.9,9300.0,0.4087340572145681,484798464.0,12.0,50.0
2026-02-09 17:03:26,14.2,1.2,9300.0,0.3750694712153712,484134912.0,12.0,50.0
2026-02-09 17:03:34,13.6,0.6,9300.0,0.3649540219352554,484229120.0,12.0,50.0
2026-02-09 17:03:42,14.0,0.7,9200.0,0.3522939161327816,484446208.0,12.0,50.0
2026-02-09 17:03:50,13.6,0.5,9200.0,0.384695350937383,484560896.0,12.0,50.0
2026-02-09 17:03:57,14.4,0.5,9200.0,0.3557092208019777,484982784.0,12.0,150.0
2026-02-09 17:04:05,23.7,3.4,9200.0,0.4047898411761841,488194048.0,12.0,950.0
2026-02-09 17:04:13,38.0,5.8,9200.0,0.3917735126672482,488738816.0,12.0,1000.0
2026-02-09 17:04:21,41.2,2.6,9700.0,0.4080008424777022,552120320.0,12.0,1000.0
2026-02-09 17:04:29,34.1,2.0,10000.0,0.4714236087694379,561655808.0,12.0,1000.0
2026-02-09 17:04:36,59.0,2.5,13000.0,0.5168108854740211,565280768.0,12.0,1000.0
2026-02-09 17:04:44,65.7,3.9,13000.0,0.5051154040918986,568463360.0,12.0,1000.0
2026-02-09 17:04:52,56.5,2.8,14000.0,0.4818738595218243,571305984.0,12.0,1000.0
2026-02-09 17:05:00,52.7,2.7,16000.0,0.4327078127438444,572284928.0,12.0,1000.0
2026-02-09 17:05:08,48.1,3.1,16000.0,0.4646363045366367,572067840.0,12.0,1000.0
2026-02-09 17:05:15,41.4,2.6,17000.0,0.4941500429250339,569585664.0,12.0,1000.0
2026-02-09 17:05:23,47.5,13.0,19000.0,0.458174534070539,568541184.0,12.0,1000.0
2026-02-09 17:05:31,198.9,183.0,19000.0,0.4267413255001461,532873216.0,12.0,1000.0
2026-02-09 17:05:39,200.4,200.4,19000.0,0.3629538218339342,532754432.0,12.0,1000.0
2026-02-09 17:05:47,133.3,133.3,19000.0,0.3365509207813044,526213120.0,12.0,1000.0
2026-02-09 17:05:54,15.6,0.4,19000.0,0.2854139465514352,552849408.0,12.0,1000.0
2026-02-09 17:06:02,23.7,1.3,19000.0,0.3366936558505333,554504192.0,12.0,975.0
2026-02-09 17:06:10,33.8,1.6,19000.0,0.3022245081485614,566091776.0,12.0,935.0
2026-02-09 17:06:18,145.2,134.5,21000.0,0.2897644871202314,530464768.0,12.0,895.0
2026-02-09 17:06:25,236.5,236.5,20000.0,0.345004888516063,497856512.0,12.0,860.0
2026-02-09 17:06:33,220.5,220.5,20000.0,0.3401680244153597,497983488.0,12.0,820.0
2026-02-09 17:06:41,213.2,213.2,20000.0,0.2564798536202954,498159616.0,12.0,780.0
2026-02-09 17:06:49,210.6,210.6,20000.0,0.2442920966503566,498159616.0,12.0,740.0
2026-02-09 17:06:57,209.0,209.0,19000.0,0.219302536853654,494821376.0,12.0,700.0
2026-02-09 17:07:04,204.3,204.3,19000.0,0.2467746869203471,494735360.0,12.0,665.0
2026-02-09 17:07:12,193.3,193.3,19000.0,0.2429660578111377,488046592.0,12.0,625.0
2026-02-09 17:07:20,181.7,181.7,19000.0,0.2446964771483737,486035456.0,12.0,585.0
2026-02-09 17:07:28,169.4,169.4,19000.0,0.2450909819518835,486637568.0,12.0,545.0
2026-02-09 17:07:36,162.5,162.5,18000.0,0.2458806735418398,487014400.0,12.0,505.0
2026-02-09 17:07:43,154.9,154.9,18000.0,0.2434657841093718,479232000.0,12.0,470.0
2026-02-09 17:07:51,138.9,138.9,18000.0,0.1763277066650627,479236096.0,12.0,430.0
2026-02-09 17:08:00,124.9,124.9,18000.0,0.189764823549258,479801344.0,12.0,385.0
2026-02-09 17:08:07,116.8,116.8,17000.0,0.2084226874149451,479965184.0,12.0,350.0
2026-02-09 17:08:15,106.9,106.9,17000.0,0.2421750551005723,478396416.0,12.0,310.0
2026-02-09 17:08:23,91.5,91.5,17000.0,0.2346568599110668,475463680.0,12.0,270.0
2026-02-09 17:08:31,82.0,82.0,17000.0,0.2181294860954371,473563136.0,12.0,230.0
2026-02-09 17:08:39,69.2,69.2,17000.0,0.2129691136233712,473767936.0,12.0,195.0
2026-02-09 17:08:46,57.8,57.8,17000.0,0.1742220260585523,473968640.0,12.0,160.0
2026-02-09 17:08:54,46.0,46.0,17000.0,0.1707134841409432,475103232.0,12.0,120.0
2026-02-09 17:09:02,34.1,34.1,17000.0,0.1721991668459756,474423296.0,12.0,80.0
2026-02-09 17:09:10,22.5,22.5,17000.0,0.1264190721419175,472117248.0,12.0,50.0
2026-02-09 17:09:17,15.8,15.8,17000.0,0.1164908702977895,472121344.0,12.0,50.0
2026-02-09 17:09:25,15.3,15.3,17000.0,0.1010381466616673,472260608.0,12.0,50.0
2026-02-09 17:09:33,14.6,14.6,17000.0,0.0738397811666449,472264704.0,12.0,50.0
2026-02-09 17:09:41,14.9,14.9,17000.0,0.0661271546169122,472440832.0,12.0,50.0
2026-02-09 17:09:49,14.8,14.8,16000.0,0.0527515214999973,472506368.0,12.0,50.0
2026-02-09 17:09:56,15.8,15.8,16000.0,0.0514212367654181,471650304.0,12.0,50.0
2026-02-09 17:10:04,15.8,15.8,16000.0,0.0487765845224382,471638016.0,12.0,50.0
2026-02-09 17:10:12,14.4,14.4,16000.0,0.0531939168889619,467361792.0,12.0,50.0
2026-02-09 17:10:20,15.1,15.1,16000.0,0.0468795046631656,460779520.0,12.0,50.0
2026-02-09 17:10:28,15.1,15.1,16000.0,0.0514370701768589,460480512.0,12.0,50.0
2026-02-09 17:10:35,14.6,14.6,16000.0,0.0490454985820654,460484608.0,12.0,50.0
2026-02-09 17:10:43,14.8,14.8,16000.0,0.0535490959303702,460193792.0,12.0,50.0
2026-02-09 17:10:51,14.4,14.4,16000.0,0.0560865997435225,460439552.0,12.0,50.0
2026-02-09 17:10:59,14.5,14.5,16000.0,0.0455540951621323,460419072.0,12.0,50.0
2026-02-09 17:11:06,14.8,14.8,16000.0,0.0458579668840869,461168640.0,12.0,50.0
2026-02-09 17:11:14,15.0,15.0,16000.0,0.049207492170137,461393920.0,12.0,50.0
2026-02-09 17:11:22,15.6,15.6,16000.0,0.0504218170466558,461651968.0,12.0,50.0
2026-02-09 17:11:30,15.2,15.2,16000.0,0.0475175562225076,463888384.0,12.0,50.0
2026-02-09 17:11:38,13.6,11.6,16000.0,0.0527689791386384,463585280.0,12.0,50.0
2026-02-09 17:11:45,12.5,1.1,16000.0,0.0772165143585366,480505856.0,12.0,50.0
2026-02-09 17:11:53,14.2,0.6,16000.0,0.1199972080764742,479723520.0,12.0,50.0
2026-02-09 17:12:01,13.7,1.0,16000.0,0.1983566487669336,483614720.0,12.0,50.0
2026-02-09 17:12:09,12.7,0.8,16000.0,0.2186595596640659,483655680.0,12.0,50.0
2026-02-09 17:12:17,14.5,0.7,16000.0,0.3233018482784937,484720640.0,12.0,50.0
2026-02-09 17:12:24,14.4,0.8,16000.0,0.3419108041447395,484921344.0,12.0,50.0
2026-02-09 17:12:32,14.5,0.7,16000.0,0.3668293188223221,484941824.0,12.0,50.0
2026-02-09 17:12:40,14.2,0.8,16000.0,0.3779489738484856,487370752.0,12.0,50.0
2026-02-09 17:12:48,14.4,0.5,16000.0,0.383245700587316,489541632.0,12.0,50.0
2026-02-09 17:12:55,14.7,0.9,16000.0,0.3476196591674225,489738240.0,12.0,50.0
2026-02-09 17:13:03,14.3,0.8,16000.0,0.3180403361066833,489746432.0,12.0,50.0
2026-02-09 17:13:11,13.6,0.4,16000.0,0.3649438729349089,488427520.0,12.0,50.0
2026-02-09 17:13:19,13.9,0.9,16000.0,0.3467516065964217,488701952.0,12.0,50.0
2026-02-09 17:13:27,14.4,0.7,16000.0,0.3974122521968415,489480192.0,12.0,50.0
2026-02-09 17:13:34,14.1,0.6,16000.0,0.3974329937241423,489680896.0,12.0,50.0
2026-02-09 17:13:42,14.3,0.7,16000.0,0.385840384044065,489914368.0,12.0,50.0
2026-02-09 17:13:50,13.6,1.1,16000.0,0.3257072874793063,490102784.0,12.0,50.0
2026-02-09 17:13:58,13.6,0.6,16000.0,0.3979564823394472,492371968.0,12.0,150.0
2026-02-09 17:14:06,30.9,4.5,16000.0,0.390719569247353,492486656.0,12.0,950.0
2026-02-09 17:14:13,45.3,7.0,16000.0,0.3798595724085481,542236672.0,12.0,1000.0
2026-02-09 17:14:21,30.9,1.7,16000.0,0.4053084099103099,543506432.0,12.0,1000.0
2026-02-09 17:14:29,29.9,1.9,17000.0,0.4730810561207471,552914944.0,12.0,1000.0
2026-02-09 17:14:37,141.9,97.7,18000.0,0.4174998697115034,536821760.0,12.0,1000.0
2026-02-09 17:14:45,214.2,209.4,18000.0,0.4339477014465455,537444352.0,12.0,1000.0
2026-02-09 17:14:52,193.2,193.2,18000.0,0.3936362885291118,515026944.0,12.0,1000.0
2026-02-09 17:15:00,36.7,35.9,18000.0,0.2975629270957027,542769152.0,12.0,1000.0
2026-02-09 17:15:08,14.9,0.6,18000.0,0.2639027905224712,543100928.0,12.0,1000.0
2026-02-09 17:15:16,31.2,0.8,18000.0,0.3016423568051057,560680960.0,12.0,1000.0
2026-02-09 17:15:24,31.0,15.2,20000.0,0.2961404609550231,536592384.0,12.0,1000.0
2026-02-09 17:15:31,173.2,164.9,19000.0,0.3314084101867366,541372416.0,12.0,1000.0
2026-02-09 17:15:39,200.0,200.0,19000.0,0.3437381767423678,541110272.0,12.0,1000.0
2026-02-09 17:15:47,197.1,197.1,19000.0,0.2650392817077964,541085696.0,12.0,1000.0
2026-02-09 17:15:55,202.5,202.5,19000.0,0.2529947041979303,507682816.0,12.0,1000.0
2026-02-09 17:16:02,201.5,201.5,19000.0,0.243822028492641,511897600.0,12.0,975.0
2026-02-09 17:16:10,214.5,214.5,19000.0,0.2192336209301304,511987712.0,12.0,935.0
2026-02-09 17:16:18,204.8,204.8,18000.0,0.1909703573170127,512032768.0,12.0,895.0
2026-02-09 17:16:26,215.1,215.1,18000.0,0.2299308082166649,510586880.0,12.0,855.0
2026-02-09 17:16:34,203.9,203.9,18000.0,0.227267879565789,507101184.0,12.0,815.0
2026-02-09 17:16:41,208.7,208.7,18000.0,0.2271816847830463,506122240.0,12.0,780.0
2026-02-09 17:16:49,195.1,195.1,17000.0,0.1915680522076349,505815040.0,12.0,740.0
2026-02-09 17:16:57,202.1,202.1,17000.0,0.1914840666339692,500035584.0,12.0,700.0
2026-02-09 17:17:05,195.6,195.6,17000.0,0.2353016203835369,495706112.0,12.0,660.0
2026-02-09 17:17:13,193.3,193.3,17000.0,0.2353112386218035,495869952.0,12.0,620.0
2026-02-09 17:17:20,186.0,186.0,16000.0,0.1922182863151741,488423424.0,12.0,585.0
2026-02-09 17:17:28,168.9,168.9,16000.0,0.2356450966191686,488423424.0,12.0,545.0
2026-02-09 17:17:36,160.9,160.9,16000.0,0.238158943265915,488951808.0,12.0,505.0
2026-02-09 17:17:44,154.5,154.5,16000.0,0.2390204577377795,489115648.0,12.0,465.0
2026-02-09 17:17:51,139.6,139.6,16000.0,0.2356913662333552,485675008.0,12.0,430.0
2026-02-09 17:17:59,127.1,127.1,16000.0,0.2050425584117725,486014976.0,12.0,390.0
2026-02-09 17:18:07,116.5,116.5,15000.0,0.2349471142725547,482996224.0,12.0,350.0
2026-02-09 17:18:15,103.5,103.5,15000.0,0.2003715573445637,482996224.0,12.0,310.0
2026-02-09 17:18:23,92.9,92.9,15000.0,0.2321668990231481,484806656.0,12.0,270.0
2026-02-09 17:18:30,82.6,82.6,15000.0,0.1893978397248411,476377088.0,12.0,240.0
2026-02-09 17:18:38,71.4,71.4,15000.0,0.2156927187262384,476385280.0,12.0,200.0
2026-02-09 17:18:46,58.9,58.9,15000.0,0.1688612783662396,476475392.0,12.0,160.0
2026-02-09 17:18:54,47.6,47.6,15000.0,0.1877880031360367,477253632.0,12.0,120.0
2026-02-09 17:19:02,35.1,35.1,15000.0,0.1702095153680501,477360128.0,12.0,80.0
2026-02-09 17:19:09,25.7,25.7,15000.0,0.1272686803924953,477356032.0,12.0,50.0
2026-02-09 17:19:17,15.5,15.5,15000.0,0.1278970910763995,475316224.0,12.0,50.0
2026-02-09 17:19:25,15.6,15.6,15000.0,0.1100126314333733,474877952.0,12.0,50.0
2026-02-09 17:19:33,15.6,15.6,15000.0,0.0747522013628319,474976256.0,12.0,50.0
2026-02-09 17:19:41,14.3,14.3,15000.0,0.0737234070584593,475353088.0,12.0,50.0
2026-02-09 17:19:49,14.8,14.8,15000.0,0.0512564091271049,475086848.0,12.0,50.0
2026-02-09 17:19:56,14.0,14.0,15000.0,0.0584902507015311,475209728.0,12.0,50.0
2026-02-09 17:20:04,15.0,15.0,15000.0,0.0551534580369741,475078656.0,12.0,50.0
2026-02-09 17:20:12,15.4,15.4,15000.0,0.0545398711938975,475078656.0,12.0,50.0
2026-02-09 17:20:20,14.0,14.0,14000.0,0.0480738034825996,475176960.0,12.0,50.0
2026-02-09 17:20:28,15.1,15.1,14000.0,0.0560880078874285,475181056.0,12.0,50.0
2026-02-09 17:20:35,15.0,15.0,14000.0,0.0560556423989727,478081024.0,12.0,50.0
2026-02-09 17:20:43,15.2,15.2,14000.0,0.0549571927099473,478261248.0,12.0,50.0
2026-02-09 17:20:51,15.8,15.8,14000.0,0.0560604859861479,478322688.0,12.0,50.0
2026-02-09 17:20:59,15.5,15.5,14000.0,0.078314795091352,494903296.0,12.0,50.0
2026-02-09 17:21:07,16.3,16.3,14000.0,0.0693508459865671,491134976.0,12.0,50.0
2026-02-09 17:21:14,14.6,14.6,14000.0,0.0732959641819476,491491328.0,12.0,50.0
2026-02-09 17:21:22,15.5,15.5,14000.0,0.0747574045848917,491495424.0,12.0,50.0
2026-02-09 17:21:30,14.3,14.3,14000.0,0.0648484582163412,491216896.0,12.0,50.0
2026-02-09 17:21:38,15.0,15.0,14000.0,0.0585850166536687,491257856.0,12.0,50.0
2026-02-09 17:21:46,15.2,15.2,14000.0,0.0549955457738525,491757568.0,12.0,50.0
2026-02-09 17:21:53,14.2,14.2,14000.0,0.0529164831322241,491966464.0,12.0,50.0
2026-02-09 17:22:01,14.9,14.9,14000.0,0.0535832208663296,487354368.0,12.0,50.0
2026-02-09 17:22:09,16.1,16.1,14000.0,0.0522587341098995,487747584.0,12.0,50.0
2026-02-09 17:22:17,15.7,15.7,14000.0,0.0529762754623203,483532800.0,12.0,50.0
2026-02-09 17:22:25,15.0,15.0,14000.0,0.0543194816284385,483250176.0,12.0,50.0
2026-02-09 17:22:32,15.0,15.0,14000.0,0.0526037829359713,484126720.0,12.0,50.0
2026-02-09 17:22:40,13.1,5.2,14000.0,0.0524998255216076,482119680.0,12.0,50.0
2026-02-09 17:22:48,13.0,0.8,14000.0,0.1102093100397723,487198720.0,12.0,50.0
2026-02-09 17:22:56,14.0,0.9,14000.0,0.1438053610587642,489832448.0,12.0,50.0
2026-02-09 17:23:04,13.8,1.0,14000.0,0.1974883503773688,488689664.0,12.0,50.0
2026-02-09 17:23:12,13.9,0.7,14000.0,0.2347197456159986,488681472.0,12.0,50.0
2026-02-09 17:23:19,14.1,0.4,14000.0,0.287628945378143,490115072.0,12.0,50.0
2026-02-09 17:23:27,13.7,0.5,14000.0,0.4063777776330836,493178880.0,12.0,50.0
2026-02-09 17:23:35,14.9,1.0,14000.0,0.4035701479935228,493416448.0,12.0,50.0
2026-02-09 17:23:43,12.9,0.8,14000.0,0.3755895731769261,493621248.0,12.0,50.0
2026-02-09 17:23:51,14.9,0.6,14000.0,0.3928346531744672,496705536.0,12.0,50.0
2026-02-09 17:23:58,13.7,1.0,14000.0,0.3539452794215911,496599040.0,12.0,150.0
2026-02-09 17:24:06,22.6,3.7,14000.0,0.3984734989400726,495120384.0,12.0,950.0
2026-02-09 17:24:14,42.7,5.2,14000.0,0.4290015219575505,552796160.0,12.0,1000.0
2026-02-09 17:24:22,53.1,3.3,14000.0,0.4495950248522333,552943616.0,12.0,1000.0
2026-02-09 17:24:29,36.5,2.5,14000.0,0.4498430761044974,552718336.0,12.0,1000.0
2026-02-09 17:24:37,48.5,2.1,15000.0,0.5278805585081715,582029312.0,12.0,1000.0
2026-02-09 17:24:45,74.9,25.5,16000.0,0.5238688144796322,543645696.0,12.0,1000.0
2026-02-09 17:24:53,195.5,185.4,16000.0,0.5313160430055549,549318656.0,12.0,1000.0
2026-02-09 17:25:01,130.3,130.3,16000.0,0.4716553048833561,549511168.0,12.0,1000.0
2026-02-09 17:25:08,17.9,2.1,16000.0,0.4178912698787556,575696896.0,12.0,1000.0
2026-02-09 17:25:16,129.9,115.4,18000.0,0.361809594177339,524201984.0,12.0,1000.0
2026-02-09 17:25:24,240.5,240.5,17000.0,0.2912030843770558,522375168.0,12.0,1000.0
2026-02-09 17:25:32,212.6,212.6,17000.0,0.2973757295328774,516788224.0,12.0,1000.0
2026-02-09 17:25:42,72.7,72.7,17000.0,0.2930383451254418,515383296.0,12.0,1000.0
2026-02-09 17:25:49,181.5,181.5,17000.0,0.2319660160103457,515219456.0,12.0,1000.0
2026-02-09 17:25:57,202.8,202.8,17000.0,0.1699592523501411,515534848.0,12.0,1000.0
2026-02-09 17:26:05,213.3,213.3,16000.0,0.2055090011774037,514478080.0,12.0,955.0
2026-02-09 17:26:13,214.5,214.5,16000.0,0.2087823247235912,510283776.0,12.0,915.0
2026-02-09 17:26:21,211.6,211.6,16000.0,0.2101178021848481,508764160.0,12.0,875.0
2026-02-09 17:26:28,212.4,212.4,16000.0,0.2184767309780984,508207104.0,12.0,840.0
2026-02-09 17:26:36,211.6,211.6,16000.0,0.1907188164658775,508604416.0,12.0,800.0
2026-02-09 17:26:44,212.3,212.3,16000.0,0.2307472216100871,501501952.0,12.0,760.0
2026-02-09 17:26:52,208.5,208.5,15000.0,0.1949261390152168,501620736.0,12.0,720.0
2026-02-09 17:26:59,200.2,200.2,15000.0,0.1719550659357415,501735424.0,12.0,685.0
2026-02-09 17:27:07,195.9,195.9,15000.0,0.2386202577289133,500023296.0,12.0,645.0
2026-02-09 17:27:15,188.3,188.3,15000.0,0.2390588816083188,498630656.0,12.0,605.0
2026-02-09 17:27:23,179.5,179.5,15000.0,0.2334168364602176,496599040.0,12.0,565.0
2026-02-09 17:27:30,167.5,167.5,15000.0,0.2423604681486159,490713088.0,12.0,530.0
2026-02-09 17:27:38,158.3,158.3,14000.0,0.2125911537557117,490770432.0,12.0,490.0
2026-02-09 17:27:46,147.8,147.8,14000.0,0.2437246351899004,492568576.0,12.0,450.0
2026-02-09 17:27:54,132.4,132.4,14000.0,0.211764416729976,492482560.0,12.0,410.0
2026-02-09 17:28:01,123.8,123.8,14000.0,0.241731304945628,487419904.0,12.0,380.0
2026-02-09 17:28:09,111.9,111.9,14000.0,0.2110241436096561,487428096.0,12.0,340.0
2026-02-09 17:28:17,98.1,98.1,14000.0,0.1896973313822335,487448576.0,12.0,300.0
2026-02-09 17:28:26,86.2,86.2,14000.0,0.2286968507883753,488632320.0,12.0,255.0
2026-02-09 17:28:33,77.2,77.2,14000.0,0.2042161443208435,486862848.0,12.0,220.0
2026-02-09 17:28:41,66.7,66.7,14000.0,0.1958714710844981,486838272.0,12.0,180.0
2026-02-09 17:28:49,53.1,53.1,13000.0,0.1598085351043573,486838272.0,12.0,140.0
2026-02-09 17:28:57,40.7,40.7,13000.0,0.1534442426957065,479141888.0,12.0,100.0
2026-02-09 17:29:05,30.2,30.2,13000.0,0.1567423980969101,479465472.0,12.0,60.0
2026-02-09 17:29:12,20.1,20.1,13000.0,0.1284349803655354,477675520.0,12.0,50.0
2026-02-09 17:29:20,14.4,14.4,13000.0,0.1121576365381555,477990912.0,12.0,50.0
2026-02-09 17:29:28,14.2,14.2,13000.0,0.0882566068200673,478261248.0,12.0,50.0
2026-02-09 17:29:36,14.4,14.4,13000.0,0.0709818682476691,477532160.0,12.0,50.0
2026-02-09 17:29:44,15.5,15.5,13000.0,0.0655113645324327,476274688.0,12.0,50.0
2026-02-09 17:29:51,15.1,15.1,13000.0,0.0520550793929915,476270592.0,12.0,50.0
2026-02-09 17:29:59,15.5,15.5,13000.0,0.0470750669590272,476262400.0,12.0,50.0
2026-02-09 17:30:07,14.8,14.8,13000.0,0.0499683073094008,476471296.0,12.0,50.0
2026-02-09 17:30:15,15.1,15.1,13000.0,0.0467357504820743,476704768.0,12.0,50.0
2026-02-09 17:30:22,14.9,14.9,13000.0,0.0493350967287911,476676096.0,12.0,50.0
2026-02-09 17:30:30,15.0,15.0,13000.0,0.0538689509669418,479207424.0,12.0,50.0
2026-02-09 17:30:38,15.0,15.0,13000.0,0.0671739080750349,494641152.0,12.0,50.0
2026-02-09 17:30:46,14.9,14.9,13000.0,0.0709844595725864,492638208.0,12.0,50.0
2026-02-09 17:30:54,14.7,14.7,13000.0,0.068576354670417,492380160.0,12.0,50.0
2026-02-09 17:31:01,15.3,15.3,13000.0,0.0712601404137935,492593152.0,12.0,50.0
2026-02-09 17:31:09,15.2,15.2,13000.0,0.0742732245989737,492838912.0,12.0,50.0
2026-02-09 17:31:17,14.8,14.8,13000.0,0.05118389331723,493633536.0,12.0,50.0
2026-02-09 17:31:25,15.9,15.9,13000.0,0.0578374741687495,493993984.0,12.0,50.0
2026-02-09 17:31:32,15.0,15.0,13000.0,0.0528043139972119,493645824.0,12.0,50.0
2026-02-09 17:31:40,15.2,15.2,13000.0,0.0538430248253764,493453312.0,12.0,50.0
2026-02-09 17:31:48,15.4,15.4,13000.0,0.045342536826267,493744128.0,12.0,50.0
2026-02-09 17:31:56,15.2,15.2,13000.0,0.053319771339139,493826048.0,12.0,50.0
2026-02-09 17:32:03,15.2,15.2,13000.0,0.0540913537212718,493633536.0,12.0,50.0
2026-02-09 17:32:11,15.2,15.2,13000.0,0.0568033696337822,493633536.0,12.0,50.0
2026-02-09 17:32:19,12.0,6.5,13000.0,0.051571242502812,493793280.0,12.0,50.0
2026-02-09 17:32:27,12.8,0.3,13000.0,0.0653770708502904,494067712.0,12.0,50.0
2026-02-09 17:32:35,12.5,0.8,13000.0,0.1795484749202244,498974720.0,12.0,50.0
2026-02-09 17:32:42,14.3,0.5,13000.0,0.2155740307688142,499376128.0,12.0,50.0
2026-02-09 17:32:50,14.1,0.4,13000.0,0.2466433259344097,500092928.0,12.0,50.0
2026-02-09 17:32:58,13.9,0.5,13000.0,0.3015354290020603,501673984.0,12.0,50.0
2026-02-09 17:33:06,15.0,0.6,13000.0,0.3975482129925182,503582720.0,12.0,50.0
2026-02-09 17:33:14,13.0,1.0,13000.0,0.321730492372315,504950784.0,12.0,50.0
2026-02-09 17:33:21,13.7,0.5,13000.0,0.3770639658103366,505331712.0,12.0,50.0
2026-02-09 17:33:29,13.9,0.5,13000.0,0.3157474476370279,505323520.0,12.0,50.0
2026-02-09 17:33:37,14.3,0.6,13000.0,0.3262649100267386,505749504.0,12.0,50.0
2026-02-09 17:33:45,14.3,0.7,13000.0,0.3652648178813574,505585664.0,12.0,50.0
2026-02-09 17:33:52,13.8,0.6,13000.0,0.3791709902701654,505769984.0,12.0,50.0
2026-02-09 17:34:00,14.3,1.2,13000.0,0.3700567317670762,506105856.0,12.0,450.0
2026-02-09 17:34:08,37.4,8.2,13000.0,0.3321258343891188,505909248.0,12.0,1000.0
2026-02-09 17:34:16,42.9,5.5,13000.0,0.4008783806701495,537616384.0,12.0,1000.0
2026-02-09 17:34:24,33.6,2.0,13000.0,0.4242364086068075,583446528.0,12.0,1000.0
2026-02-09 17:34:31,38.8,1.8,14000.0,0.4716500946408604,582950912.0,12.0,1000.0
2026-02-09 17:34:39,76.1,3.3,15000.0,0.3939398873785439,583053312.0,12.0,1000.0
2026-02-09 17:34:47,155.1,122.2,15000.0,0.4032847296411728,546496512.0,12.0,1000.0
2026-02-09 17:34:55,211.6,211.1,15000.0,0.3874191165915753,517746688.0,12.0,1000.0
2026-02-09 17:35:03,144.8,144.7,15000.0,0.3679856755769805,520957952.0,12.0,1000.0
2026-02-09 17:35:10,14.9,14.1,15000.0,0.3225531593181545,541401088.0,12.0,1000.0
2026-02-09 17:35:18,17.8,0.4,15000.0,0.2978592101465444,554745856.0,12.0,1000.0
2026-02-09 17:35:26,31.1,2.0,15000.0,0.3505886743315151,580804608.0,12.0,1000.0
2026-02-09 17:35:34,67.7,53.8,16000.0,0.2803701655999024,543604736.0,12.0,1000.0
2026-02-09 17:35:42,229.1,229.1,16000.0,0.3068387426620848,543858688.0,12.0,1000.0
2026-02-09 17:35:49,216.9,216.9,16000.0,0.268438038377473,544129024.0,12.0,1000.0
2026-02-09 17:35:57,225.3,225.3,16000.0,0.2681530066846084,518770688.0,12.0,1000.0
2026-02-09 17:36:05,224.9,224.9,16000.0,0.231666335308195,520847360.0,12.0,960.0
2026-02-09 17:36:13,231.8,231.8,16000.0,0.2118031812069663,517582848.0,12.0,920.0
2026-02-09 17:36:20,223.7,223.7,16000.0,0.2326110171029811,517931008.0,12.0,885.0
2026-02-09 17:36:28,223.0,223.0,15000.0,0.1890270761956844,517877760.0,12.0,845.0
2026-02-09 17:36:36,217.7,217.7,15000.0,0.2361668146527292,511918080.0,12.0,805.0
2026-02-09 17:36:44,222.0,222.0,15000.0,0.2285840550699944,511193088.0,12.0,765.0
2026-02-09 17:36:52,211.0,211.0,15000.0,0.2408789883730908,508121088.0,12.0,725.0
2026-02-09 17:36:59,209.9,209.9,15000.0,0.2097056673626919,508149760.0,12.0,690.0
2026-02-09 17:37:07,201.2,201.2,14000.0,0.1832467553004397,508309504.0,12.0,650.0
2026-02-09 17:37:15,187.3,187.3,14000.0,0.2457776068218846,503627776.0,12.0,610.0
2026-02-09 17:37:23,180.4,180.4,14000.0,0.2410792913457517,500162560.0,12.0,570.0
2026-02-09 17:37:31,170.6,170.6,14000.0,0.2419459800085177,500146176.0,12.0,525.0
2026-02-09 17:37:38,161.0,161.0,14000.0,0.1989282640712341,500146176.0,12.0,490.0
2026-02-09 17:37:46,151.4,151.4,14000.0,0.2460676144496546,492376064.0,12.0,455.0
2026-02-09 17:37:54,136.5,136.5,13000.0,0.2450939339419282,495321088.0,12.0,415.0
2026-02-09 17:38:02,124.2,124.2,13000.0,0.2420053300465255,495554560.0,12.0,375.0
2026-02-09 17:38:09,114.7,114.7,13000.0,0.2066705746511303,495341568.0,12.0,340.0
2026-02-09 17:38:17,103.8,103.8,13000.0,0.197274472980999,495394816.0,12.0,300.0
2026-02-09 17:38:25,89.7,89.7,13000.0,0.2261151368864314,487473152.0,12.0,260.0
2026-02-09 17:38:33,77.7,77.7,13000.0,0.1983560472011218,486985728.0,12.0,220.0
2026-02-09 17:38:41,68.0,68.0,13000.0,0.1986956300278997,489160704.0,12.0,180.0
2026-02-09 17:38:49,53.6,53.6,13000.0,0.1997994878546057,489381888.0,12.0,140.0
2026-02-09 17:38:56,42.6,42.6,13000.0,0.1691276401953512,486600704.0,12.0,105.0
2026-02-09 17:39:04,31.3,31.3,13000.0,0.1434401443381404,486776832.0,12.0,65.0
2026-02-09 17:39:12,19.5,19.5,13000.0,0.1358185558863223,487911424.0,12.0,50.0
2026-02-09 17:39:20,14.9,14.9,13000.0,0.0842268096672966,487993344.0,12.0,50.0
2026-02-09 17:39:27,15.0,15.0,13000.0,0.0925024225767546,487997440.0,12.0,50.0
2026-02-09 17:39:35,14.6,14.6,13000.0,0.06831168911325,488398848.0,12.0,50.0
2026-02-09 17:39:43,14.6,14.6,13000.0,0.0682819095354865,486998016.0,12.0,50.0
2026-02-09 17:39:51,14.8,14.8,13000.0,0.0559939167582762,487194624.0,12.0,50.0
2026-02-09 17:39:59,14.9,14.9,13000.0,0.0548655918977716,487206912.0,12.0,50.0
2026-02-09 17:40:07,16.5,16.5,13000.0,0.054222693101424,487337984.0,12.0,50.0
2026-02-09 17:40:14,14.9,14.9,13000.0,0.0497104606550892,487444480.0,12.0,50.0
2026-02-09 17:40:22,14.8,14.8,13000.0,0.0527471263105295,487161856.0,12.0,50.0
2026-02-09 17:40:30,15.1,15.1,13000.0,0.0471450285364363,485830656.0,12.0,50.0
2026-02-09 17:40:38,14.6,14.6,13000.0,0.0540982436190146,485699584.0,12.0,50.0
2026-02-09 17:40:46,15.5,15.5,13000.0,0.0564803040986731,488796160.0,12.0,50.0
2026-02-09 17:40:54,15.7,15.7,13000.0,0.0550684527317262,478294016.0,12.0,50.0
2026-02-09 17:41:01,14.7,14.7,13000.0,0.0569129105300816,478519296.0,12.0,50.0
2026-02-09 17:41:09,14.6,14.6,13000.0,0.0742988409711145,495149056.0,12.0,50.0
2026-02-09 17:41:17,14.5,14.5,13000.0,0.0765562988390229,495685632.0,12.0,50.0
2026-02-09 17:41:25,14.7,14.7,13000.0,0.0683744738530149,496648192.0,12.0,50.0
2026-02-09 17:41:32,14.7,14.7,13000.0,0.067051693783404,495710208.0,12.0,50.0
2026-02-09 17:41:40,14.5,14.5,13000.0,0.0704856122103697,495951872.0,12.0,50.0
2026-02-09 17:41:48,15.3,15.3,13000.0,0.0463093641228139,496160768.0,12.0,50.0
2026-02-09 17:41:56,15.0,15.0,13000.0,0.0546919684786827,496041984.0,12.0,50.0
2026-02-09 17:42:04,14.3,14.3,13000.0,0.0526266030171701,492523520.0,12.0,50.0
2026-02-09 17:42:11,15.2,15.2,13000.0,0.0556504476273514,492650496.0,12.0,50.0
2026-02-09 17:42:19,15.2,15.2,13000.0,0.056098242332885,492830720.0,12.0,50.0
2026-02-09 17:42:27,15.0,15.0,13000.0,0.0585070446211119,492474368.0,12.0,50.0
2026-02-09 17:42:35,14.2,14.2,13000.0,0.059404777847259,492384256.0,12.0,50.0
2026-02-09 17:42:42,12.6,9.9,13000.0,0.0595201156362432,492589056.0,12.0,50.0
2026-02-09 17:42:50,12.4,0.4,13000.0,0.0794829792652553,496263168.0,12.0,50.0
2026-02-09 17:42:58,12.2,0.4,13000.0,0.0978498086168976,496279552.0,12.0,50.0
2026-02-09 17:43:06,13.8,0.5,13000.0,0.1891873788467927,499347456.0,12.0,50.0
2026-02-09 17:43:14,14.7,0.6,13000.0,0.2448277694169455,501284864.0,12.0,50.0
2026-02-09 17:43:22,13.5,1.1,13000.0,0.306124549503348,501420032.0,12.0,50.0
2026-02-09 17:43:29,14.0,0.8,13000.0,0.366752956589155,501448704.0,12.0,50.0
2026-02-09 17:43:37,14.3,0.7,13000.0,0.3735815102003171,504119296.0,12.0,50.0
2026-02-09 17:43:45,14.2,1.1,13000.0,0.3984301793235553,503029760.0,12.0,50.0
2026-02-09 17:43:53,13.5,0.6,13000.0,0.3484026732011409,503185408.0,12.0,50.0
2026-02-09 17:44:01,16.6,1.3,13000.0,0.3739889815823069,505761792.0,12.0,450.0
2026-02-09 17:44:08,35.6,8.2,13000.0,0.385804525282478,507678720.0,12.0,1000.0
2026-02-09 17:44:16,43.7,4.3,13000.0,0.381235739715863,507699200.0,12.0,1000.0
2026-02-09 17:44:24,28.5,2.1,13000.0,0.3953362979742615,580567040.0,12.0,1000.0
2026-02-09 17:44:32,38.8,2.0,13000.0,0.45434829853215,581140480.0,12.0,1000.0
2026-02-09 17:44:40,180.1,158.7,14000.0,0.3971893958555801,551530496.0,12.0,1000.0
2026-02-09 17:44:47,216.3,216.3,14000.0,0.3639045117578855,551526400.0,12.0,1000.0
2026-02-09 17:44:55,163.9,163.9,14000.0,0.3836560944682704,543121408.0,12.0,1000.0
2026-02-09 17:45:03,10.9,1.9,14000.0,0.2728616104946569,552882176.0,12.0,1000.0
2026-02-09 17:45:11,30.5,1.1,14000.0,0.2801083430293064,569565184.0,12.0,1000.0
2026-02-09 17:45:18,33.8,2.3,14000.0,0.3035058153285254,571752448.0,12.0,1000.0
2026-02-09 17:45:26,121.8,107.4,16000.0,0.3681290452211909,548671488.0,12.0,1000.0
2026-02-09 17:45:34,239.8,239.8,16000.0,0.3665852773488409,550006784.0,12.0,1000.0
2026-02-09 17:45:42,208.4,208.4,15000.0,0.3775453751859357,524582912.0,12.0,1000.0
2026-02-09 17:45:50,210.0,210.0,15000.0,0.364545806373415,521412608.0,12.0,1000.0
2026-02-09 17:45:57,226.0,226.0,15000.0,0.3236627326163669,521330688.0,12.0,1000.0
2026-02-09 17:46:05,224.6,224.6,15000.0,0.1988855142355009,520949760.0,12.0,960.0
2026-02-09 17:46:13,213.9,213.9,15000.0,0.2340158667313241,521793536.0,12.0,920.0
2026-02-09 17:46:21,221.9,221.9,14000.0,0.1951193730300983,522256384.0,12.0,880.0
2026-02-09 17:46:29,218.6,218.6,14000.0,0.1707234761034396,522326016.0,12.0,840.0
2026-02-09 17:46:36,219.8,219.8,14000.0,0.2347250169204202,520339456.0,12.0,805.0
2026-02-09 17:46:44,214.3,214.3,14000.0,0.2339162623843824,513531904.0,12.0,765.0
2026-02-09 17:46:52,218.7,218.7,14000.0,0.2305983774140971,513769472.0,12.0,725.0
2026-02-09 17:47:00,205.9,205.9,14000.0,0.197308201370589,508055552.0,12.0,685.0
2026-02-09 17:47:08,197.2,197.2,13000.0,0.2386987527899339,508055552.0,12.0,645.0
2026-02-09 17:47:16,186.7,186.7,13000.0,0.2420547836179687,505118720.0,12.0,605.0
2026-02-09 17:47:24,177.4,177.4,13000.0,0.2131295251675971,506810368.0,12.0,565.0
2026-02-09 17:47:32,164.3,164.3,13000.0,0.2433647039068188,504614912.0,12.0,525.0
2026-02-09 17:47:40,157.8,157.8,13000.0,0.2441643180583633,505081856.0,12.0,485.0
2026-02-09 17:47:47,146.1,146.1,13000.0,0.205551731758567,504750080.0,12.0,450.0
2026-02-09 17:47:55,132.8,132.8,13000.0,0.2403915467234504,500043776.0,12.0,415.0
2026-02-09 17:48:03,122.0,122.0,13000.0,0.2338224877751892,499474432.0,12.0,375.0
2026-02-09 17:48:11,108.4,108.4,13000.0,0.2368990959828291,497082368.0,12.0,335.0
2026-02-09 17:48:19,99.2,99.2,13000.0,0.2347264734718707,497119232.0,12.0,295.0
2026-02-09 17:48:27,86.4,86.4,13000.0,0.1934223978818476,497364992.0,12.0,255.0
2026-02-09 17:48:35,77.4,77.4,13000.0,0.2193150565143259,492085248.0,12.0,215.0
2026-02-09 17:48:42,65.2,65.2,13000.0,0.1803061837898615,492212224.0,12.0,180.0
2026-02-09 17:48:50,53.0,53.0,13000.0,0.1543733223283032,491417600.0,12.0,140.0
2026-02-09 17:48:58,40.0,40.0,13000.0,0.1795120305084173,491442176.0,12.0,100.0
2026-02-09 17:49:06,28.9,28.9,13000.0,0.1569633596998125,491331584.0,12.0,60.0
2026-02-09 17:49:14,18.3,18.3,13000.0,0.1158312115182532,491585536.0,12.0,50.0
2026-02-09 17:49:21,15.5,15.5,13000.0,0.1148893986903309,491720704.0,12.0,50.0
2026-02-09 17:49:29,14.6,14.6,13000.0,0.0799872227831928,491950080.0,12.0,50.0
2026-02-09 17:49:37,15.6,15.6,13000.0,0.0777936548835082,490622976.0,12.0,50.0
2026-02-09 17:49:45,15.0,15.0,13000.0,0.0621225222933156,490983424.0,12.0,50.0
2026-02-09 17:49:52,14.4,14.4,13000.0,0.0549930562167437,490983424.0,12.0,50.0
2026-02-09 17:50:00,15.0,15.0,13000.0,0.0420635584335416,491278336.0,12.0,50.0
2026-02-09 17:50:08,15.1,15.1,13000.0,0.0479945172043964,490967040.0,12.0,50.0
2026-02-09 17:50:16,14.8,14.8,13000.0,0.0457735435611798,490336256.0,12.0,50.0
2026-02-09 17:50:23,14.8,14.8,13000.0,0.0471926540886501,490307584.0,12.0,50.0
2026-02-09 17:50:31,15.3,15.3,13000.0,0.0513648367177534,490512384.0,12.0,50.0
2026-02-09 17:50:39,14.4,14.4,13000.0,0.0514584922936222,492888064.0,12.0,50.0
2026-02-09 17:50:47,14.8,14.8,13000.0,0.047119087206762,493010944.0,12.0,50.0
2026-02-09 17:50:55,15.4,15.4,13000.0,0.0718508131122019,508907520.0,12.0,50.0
2026-02-09 17:51:02,14.3,14.3,13000.0,0.0732689733661506,509038592.0,12.0,50.0
2026-02-09 17:51:10,14.0,14.0,13000.0,0.0626711354046071,499130368.0,12.0,50.0
2026-02-09 17:51:18,13.9,13.9,13000.0,0.0654801125479874,499232768.0,12.0,50.0
2026-02-09 17:51:26,14.2,14.2,13000.0,0.0718109838382377,500629504.0,12.0,50.0
2026-02-09 17:51:33,13.8,13.8,12000.0,0.050546261362882,497180672.0,12.0,50.0
2026-02-09 17:51:41,14.7,14.7,12000.0,0.055965192542072,496123904.0,12.0,50.0
2026-02-09 17:51:49,15.4,15.4,12000.0,0.0564553734772946,496140288.0,12.0,50.0
2026-02-09 17:51:57,15.4,15.4,12000.0,0.0506993294091955,496693248.0,12.0,50.0
2026-02-09 17:52:04,14.6,14.6,12000.0,0.0601433473536826,497319936.0,12.0,50.0
2026-02-09 17:52:12,14.7,14.7,12000.0,0.0596063059567756,497610752.0,12.0,50.0
2026-02-09 17:52:20,13.9,13.9,12000.0,0.0560104980781056,497668096.0,12.0,50.0
2026-02-09 17:52:28,14.6,14.6,12000.0,0.0579671005403005,497999872.0,12.0,50.0
2026-02-09 17:52:36,13.9,13.9,12000.0,0.0572097953162765,497639424.0,12.0,50.0
2026-02-09 17:52:44,13.9,11.7,12000.0,0.0567047375947735,497909760.0,12.0,50.0
2026-02-09 17:52:52,13.1,1.0,12000.0,0.0639743001394113,497963008.0,12.0,50.0
2026-02-09 17:52:59,13.6,0.9,12000.0,0.0909011708751062,500961280.0,12.0,50.0
2026-02-09 17:53:07,13.6,1.0,12000.0,0.1562366554013008,500080640.0,12.0,50.0
2026-02-09 17:53:15,13.2,0.9,12000.0,0.2642976555730454,503730176.0,12.0,50.0
2026-02-09 17:53:23,14.2,0.7,12000.0,0.2884868849824005,503738368.0,12.0,50.0
2026-02-09 17:53:31,13.4,0.7,12000.0,0.3875077953610716,506589184.0,12.0,50.0
2026-02-09 17:53:39,13.8,0.9,12000.0,0.4077402937040367,506585088.0,12.0,50.0
2026-02-09 17:53:47,14.1,0.6,12000.0,0.4008530923198831,509956096.0,12.0,50.0
2026-02-09 17:53:55,13.6,0.8,12000.0,0.3993674510949813,509308928.0,12.0,50.0
2026-02-09 17:54:03,16.5,1.7,12000.0,0.3611315712822026,509300736.0,12.0,650.0
2026-02-09 17:54:11,44.4,6.8,12000.0,0.4050333660930667,556978176.0,12.0,1000.0
2026-02-09 17:54:19,36.3,3.2,12000.0,0.4100102781754074,562577408.0,12.0,1000.0
2026-02-09 17:54:28,28.7,1.8,13000.0,0.4455998896919429,570859520.0,12.0,1000.0
2026-02-09 17:54:36,133.5,99.6,13000.0,0.4254019964116929,557121536.0,12.0,1000.0
2026-02-09 17:54:44,248.4,248.0,13000.0,0.4546159590240193,574291968.0,12.0,1000.0
2026-02-09 17:54:52,50.4,50.3,13000.0,0.4292430333885418,550461440.0,12.0,1000.0
2026-02-09 17:55:00,12.2,0.5,13000.0,0.355879775392947,557326336.0,12.0,1000.0
2026-02-09 17:55:08,138.1,116.8,15000.0,0.260907093730519,541921280.0,12.0,1000.0
2026-02-09 17:55:16,206.8,198.6,14000.0,0.2295198084907227,557211648.0,12.0,1000.0
2026-02-09 17:55:24,227.3,227.3,14000.0,0.274025510686255,529784832.0,12.0,1000.0
2026-02-09 17:55:32,221.0,221.0,14000.0,0.2405582489119488,529899520.0,12.0,1000.0
2026-02-09 17:55:40,228.4,228.4,14000.0,0.2053814210250812,529412096.0,12.0,1000.0
2026-02-09 17:55:48,224.0,224.0,14000.0,0.2539270072618386,529805312.0,12.0,1000.0
2026-02-09 17:55:56,213.0,213.0,14000.0,0.2570152082274023,528875520.0,12.0,1000.0
2026-02-09 17:56:04,216.3,216.3,14000.0,0.1605188595308338,528879616.0,12.0,965.0
2026-02-09 17:56:12,205.4,205.4,13000.0,0.2331623071490011,525185024.0,12.0,925.0
2026-02-09 17:56:20,220.4,220.4,13000.0,0.2337500426128545,522952704.0,12.0,885.0
2026-02-09 17:56:28,218.0,218.0,13000.0,0.1829914522758925,522932224.0,12.0,845.0
2026-02-09 17:56:36,216.4,216.4,13000.0,0.2322034244780993,520884224.0,12.0,800.0
2026-02-09 17:56:45,219.7,219.7,13000.0,0.229109979072281,521392128.0,12.0,760.0
2026-02-09 17:56:53,216.1,216.1,13000.0,0.2315628357293163,517320704.0,12.0,715.0
2026-02-09 17:57:01,207.5,207.5,13000.0,0.2362658035018038,517267456.0,12.0,675.0
2026-02-09 17:57:09,197.9,197.9,13000.0,0.1860990025093131,517246976.0,12.0,635.0
2026-02-09 17:57:17,186.3,186.3,13000.0,0.2394892781640072,513507328.0,12.0,595.0
2026-02-09 17:57:25,177.2,177.2,12000.0,0.2005837543105287,511377408.0,12.0,555.0
2026-02-09 17:57:33,164.2,164.2,12000.0,0.2341996847517684,505176064.0,12.0,515.0
2026-02-09 17:57:41,151.8,151.8,12000.0,0.2423668965057573,505303040.0,12.0,475.0
2026-02-09 17:57:49,143.6,143.6,12000.0,0.1962597241147583,505303040.0,12.0,440.0
2026-02-09 17:57:57,128.1,128.1,12000.0,0.2431388452672764,507002880.0,12.0,400.0
2026-02-09 17:58:06,117.8,117.8,12000.0,0.2398543275994263,501022720.0,12.0,355.0
2026-02-09 17:58:14,106.5,106.5,12000.0,0.2395173157132326,500359168.0,12.0,315.0
2026-02-09 17:58:22,90.8,90.8,12000.0,0.225996073487507,499556352.0,12.0,275.0
2026-02-09 17:58:30,80.3,80.3,12000.0,0.223252815600154,499785728.0,12.0,235.0
2026-02-09 17:58:38,71.5,71.5,12000.0,0.1750073255614291,499757056.0,12.0,195.0
2026-02-09 17:58:46,54.9,54.9,12000.0,0.1907753693145448,500572160.0,12.0,155.0
2026-02-09 17:58:54,46.0,46.0,12000.0,0.1649820128877677,499380224.0,12.0,115.0
2026-02-09 17:59:02,33.5,33.5,12000.0,0.1518557647394697,499503104.0,12.0,75.0
2026-02-09 17:59:10,22.7,22.7,12000.0,0.1295290033189854,489480192.0,12.0,50.0
2026-02-09 17:59:18,15.2,15.2,12000.0,0.1137239676594109,489418752.0,12.0,50.0
2026-02-09 17:59:26,15.5,15.5,12000.0,0.0966882427402659,489771008.0,12.0,50.0
2026-02-09 17:59:34,15.6,15.6,12000.0,0.0612379262923784,489746432.0,12.0,50.0
2026-02-09 17:59:42,15.3,15.3,12000.0,0.0605500699856055,489861120.0,12.0,50.0
2026-02-09 17:59:50,14.7,14.7,12000.0,0.0491823175982054,489992192.0,12.0,50.0
2026-02-09 17:59:58,14.8,14.8,12000.0,0.0450523342341337,490012672.0,12.0,50.0
2026-02-09 18:00:06,14.8,14.8,12000.0,0.0518036437182538,490012672.0,12.0,50.0
2026-02-09 18:00:14,15.7,15.7,12000.0,0.0477304738106531,492855296.0,12.0,50.0
2026-02-09 18:00:23,14.9,14.9,12000.0,0.055127970782449,492548096.0,12.0,50.0
2026-02-09 18:00:31,15.2,15.2,12000.0,0.0737073741361492,508178432.0,12.0,50.0
2026-02-09 18:00:39,15.7,15.7,12000.0,0.0862113299333073,508178432.0,12.0,50.0
2026-02-09 18:00:47,15.5,15.5,12000.0,0.0755175012943621,508620800.0,12.0,50.0
2026-02-09 18:00:55,14.5,14.5,12000.0,0.0759845209422879,504999936.0,12.0,50.0
2026-02-09 18:01:03,14.4,14.4,12000.0,0.0716837933770344,505171968.0,12.0,50.0
2026-02-09 18:01:11,15.6,15.6,12000.0,0.0594886931767659,505180160.0,12.0,50.0
2026-02-09 18:01:19,15.1,15.1,12000.0,0.0499053416473455,505503744.0,12.0,50.0
2026-02-09 18:01:27,15.5,15.5,12000.0,0.0568725835645317,505626624.0,12.0,50.0
2026-02-09 18:01:35,14.3,14.3,12000.0,0.0565505530878569,505606144.0,12.0,50.0
2026-02-09 18:01:43,14.5,14.5,12000.0,0.050856618248224,505749504.0,12.0,50.0
2026-02-09 18:01:51,14.4,14.4,12000.0,0.0560060670071631,506318848.0,12.0,50.0
2026-02-09 18:01:59,15.1,15.1,12000.0,0.0499707751766102,506544128.0,12.0,50.0
2026-02-09 18:02:06,14.3,14.3,12000.0,0.0466950011032987,506535936.0,12.0,50.0
2026-02-09 18:02:14,16.0,16.0,12000.0,0.0509193014584938,507195392.0,12.0,50.0
2026-02-09 18:02:22,14.9,14.9,12000.0,0.0548866473760372,507314176.0,12.0,50.0
2026-02-09 18:02:30,15.3,15.3,12000.0,0.0527660335324387,506724352.0,12.0,50.0
2026-02-09 18:02:38,13.8,4.5,12000.0,0.0694063383249998,507572224.0,12.0,50.0
2026-02-09 18:02:45,13.1,0.7,12000.0,0.0717533130967293,507166720.0,12.0,50.0
2026-02-09 18:02:53,13.1,0.7,12000.0,0.1119361482064255,506097664.0,12.0,50.0
2026-02-09 18:03:01,14.4,1.3,12000.0,0.2216622390760171,511418368.0,12.0,50.0
2026-02-09 18:03:09,14.0,0.9,12000.0,0.2238924262311824,511733760.0,12.0,50.0
2026-02-09 18:03:17,13.2,0.5,12000.0,0.3047874201395055,514629632.0,12.0,50.0
2026-02-09 18:03:24,13.8,0.5,12000.0,0.3704457250998831,516440064.0,12.0,50.0
2026-02-09 18:03:32,14.7,0.7,12000.0,0.3510618184323367,516726784.0,12.0,50.0
2026-02-09 18:03:40,13.9,1.0,12000.0,0.333052977929172,516718592.0,12.0,50.0
2026-02-09 18:03:48,14.2,0.5,12000.0,0.3681691712507575,516939776.0,12.0,50.0
2026-02-09 18:03:56,14.1,0.4,12000.0,0.3731581263837741,517222400.0,12.0,50.0
2026-02-09 18:04:03,20.5,3.2,12000.0,0.3178023413243666,516849664.0,12.0,750.0
2026-02-09 18:04:11,29.8,6.3,12000.0,0.3769900693779682,529780736.0,12.0,1000.0
2026-02-09 18:04:19,43.9,2.3,12000.0,0.349980254117866,530042880.0,12.0,1000.0
2026-02-09 18:04:27,32.1,1.9,12000.0,0.45812055569968,593190912.0,12.0,1000.0
2026-02-09 18:04:35,94.8,57.4,13000.0,0.4637163481917021,554528768.0,12.0,1000.0
2026-02-09 18:04:42,225.9,213.3,13000.0,0.4250102990126613,567066624.0,12.0,1000.0
2026-02-09 18:04:50,206.2,206.2,12000.0,0.4390552670178034,529907712.0,12.0,1000.0
2026-02-09 18:04:58,54.3,53.3,12000.0,0.4127633358434721,548061184.0,12.0,1000.0
2026-02-09 18:05:06,15.7,0.1,13000.0,0.2670909748194255,547966976.0,12.0,1000.0
2026-02-09 18:05:14,35.5,2.1,13000.0,0.2679564860301481,591716352.0,12.0,1000.0
2026-02-09 18:05:21,12.7,0.9,13000.0,0.3447302857210643,589819904.0,12.0,1000.0
2026-02-09 18:05:29,161.8,156.3,14000.0,0.3329464789307945,552591360.0,12.0,1000.0
2026-02-09 18:05:37,205.9,205.9,14000.0,0.3231496806040799,552378368.0,12.0,1000.0
2026-02-09 18:05:45,218.0,218.0,13000.0,0.3450027713243283,532873216.0,12.0,1000.0
2026-02-09 18:05:53,215.9,215.9,13000.0,0.2439449815579301,532340736.0,12.0,1000.0
2026-02-09 18:06:00,203.9,203.9,13000.0,0.1678166767236794,530411520.0,12.0,985.0
2026-02-09 18:06:08,202.4,202.4,13000.0,0.2373600515134585,530137088.0,12.0,945.0
2026-02-09 18:06:16,206.0,206.0,13000.0,0.2243808625576719,532570112.0,12.0,905.0
2026-02-09 18:06:24,214.0,214.0,13000.0,0.2315713146661629,532533248.0,12.0,865.0
2026-02-09 18:06:31,218.0,218.0,13000.0,0.2317674105861089,525574144.0,12.0,830.0
2026-02-09 18:06:39,203.4,203.4,13000.0,0.1649010340972115,525574144.0,12.0,790.0
2026-02-09 18:06:47,213.6,213.6,13000.0,0.2395173994761307,523595776.0,12.0,750.0
2026-02-09 18:06:55,210.3,210.3,13000.0,0.2422024275821805,522559488.0,12.0,710.0
2026-02-09 18:07:03,204.3,204.3,13000.0,0.245328643483436,522563584.0,12.0,670.0
2026-02-09 18:07:10,195.0,195.0,12000.0,0.1909176393775307,514838528.0,12.0,635.0
2026-02-09 18:07:18,184.8,184.8,12000.0,0.238840862557515,515481600.0,12.0,595.0
2026-02-09 18:07:26,178.4,178.4,12000.0,0.2428411979089616,513679360.0,12.0,555.0
2026-02-09 18:07:34,164.9,164.9,12000.0,0.2387896145402066,513638400.0,12.0,515.0
2026-02-09 18:07:41,158.6,158.6,12000.0,0.2440068906434155,510205952.0,12.0,485.0
2026-02-09 18:07:49,145.5,145.5,12000.0,0.2119834816375082,510210048.0,12.0,445.0
2026-02-09 18:07:57,133.0,133.0,12000.0,0.2412919727920958,507211776.0,12.0,405.0
2026-02-09 18:08:05,119.7,119.7,12000.0,0.2032723492826579,507310080.0,12.0,365.0
2026-02-09 18:08:13,110.0,110.0,12000.0,0.2282962416710106,503177216.0,12.0,325.0
2026-02-09 18:08:20,98.1,98.1,12000.0,0.2018360050484612,504659968.0,12.0,290.0
2026-02-09 18:08:28,86.0,86.0,12000.0,0.2284124273436843,504770560.0,12.0,250.0
2026-02-09 18:08:36,74.0,74.0,12000.0,0.2119911205436914,503267328.0,12.0,210.0
2026-02-09 18:08:44,62.3,62.3,12000.0,0.1789627497430222,503525376.0,12.0,170.0
2026-02-09 18:08:51,51.4,51.4,12000.0,0.1698785134954286,504041472.0,12.0,135.0
2026-02-09 18:08:59,37.6,37.6,12000.0,0.1743767176105829,504041472.0,12.0,95.0
2026-02-09 18:09:07,27.1,27.1,12000.0,0.1324653145786508,503971840.0,12.0,55.0
2026-02-09 18:09:15,17.0,17.0,12000.0,0.124709335553682,501653504.0,12.0,50.0
2026-02-09 18:09:23,14.2,14.2,12000.0,0.1117796994792789,501874688.0,12.0,50.0
2026-02-09 18:09:30,14.7,14.7,12000.0,0.0834542774894806,501424128.0,12.0,50.0
2026-02-09 18:09:38,14.7,14.7,12000.0,0.0689143802938235,501424128.0,12.0,50.0
2026-02-09 18:09:46,15.0,15.0,12000.0,0.0730715495476172,488775680.0,12.0,50.0
2026-02-09 18:09:54,15.1,15.1,12000.0,0.0563443443480954,489914368.0,12.0,50.0
2026-02-09 18:10:02,15.8,15.8,12000.0,0.0569077702600489,489422848.0,12.0,50.0
2026-02-09 18:10:09,14.8,14.8,12000.0,0.0498195774714636,489443328.0,12.0,50.0
2026-02-09 18:10:17,15.7,15.7,12000.0,0.0523167901293034,488386560.0,12.0,50.0
2026-02-09 18:10:25,15.2,15.2,12000.0,0.0597401341902577,490983424.0,12.0,50.0
2026-02-09 18:10:33,15.3,15.3,12000.0,0.0568000508508519,491245568.0,12.0,50.0
2026-02-09 18:10:40,15.7,15.7,12000.0,0.0559306711917927,491573248.0,12.0,50.0
2026-02-09 18:10:48,16.0,16.0,12000.0,0.0724018635444905,506667008.0,12.0,50.0
2026-02-09 18:10:56,15.4,15.4,12000.0,0.0845219889943365,506896384.0,12.0,50.0
2026-02-09 18:11:04,14.5,14.5,12000.0,0.0785443602972348,507518976.0,12.0,50.0
2026-02-09 18:11:12,14.1,14.1,12000.0,0.0750033101760993,507486208.0,12.0,50.0
2026-02-09 18:11:19,14.7,14.7,12000.0,0.0783733746771991,507219968.0,12.0,50.0
2026-02-09 18:11:27,14.6,14.6,12000.0,0.0551823195230684,507830272.0,12.0,50.0
2026-02-09 18:11:35,14.7,14.7,12000.0,0.0569403812803998,505638912.0,12.0,50.0
2026-02-09 18:11:43,14.6,14.6,12000.0,0.0557580672424691,505090048.0,12.0,50.0
2026-02-09 18:11:51,14.4,14.4,12000.0,0.0501358718572158,505090048.0,12.0,50.0
2026-02-09 18:11:58,14.4,14.4,12000.0,0.0499650660429631,505479168.0,12.0,50.0
2026-02-09 18:12:06,15.5,15.5,12000.0,0.0584573198094646,505819136.0,12.0,50.0
2026-02-09 18:12:14,15.3,15.3,12000.0,0.0579729482672269,506224640.0,12.0,50.0
2026-02-09 18:12:22,12.9,5.3,12000.0,0.0530329825309275,506228736.0,12.0,50.0
2026-02-09 18:12:30,12.0,0.9,12000.0,0.0788866773433527,509517824.0,12.0,50.0
2026-02-09 18:12:37,13.1,1.1,12000.0,0.1313617089581597,508485632.0,12.0,50.0
2026-02-09 18:12:45,14.0,0.8,12000.0,0.2240105841842801,512913408.0,12.0,50.0
2026-02-09 18:12:53,14.0,0.8,12000.0,0.2932638806626357,512651264.0,12.0,50.0
2026-02-09 18:13:01,12.8,0.7,12000.0,0.3158627622006707,512897024.0,12.0,50.0
2026-02-09 18:13:08,13.8,1.0,12000.0,0.3640789089604511,514801664.0,12.0,50.0
2026-02-09 18:13:16,13.9,1.0,12000.0,0.3693880877258033,517136384.0,12.0,50.0
2026-02-09 18:13:24,14.2,1.1,12000.0,0.3695225572410883,517730304.0,12.0,50.0
2026-02-09 18:13:32,14.6,0.9,12000.0,0.3547393326078332,517144576.0,12.0,50.0
2026-02-09 18:13:40,13.7,0.8,12000.0,0.359852889591174,518959104.0,12.0,50.0
2026-02-09 18:13:47,14.0,0.7,12000.0,0.3901839185652589,517902336.0,12.0,50.0
2026-02-09 18:13:55,13.9,0.7,12000.0,0.3909089527853996,518094848.0,12.0,50.0
2026-02-09 18:14:03,19.8,2.5,12000.0,0.4030341724345756,518365184.0,12.0,750.0
2026-02-09 18:14:11,43.5,6.8,12000.0,0.3842440328269645,532877312.0,12.0,1000.0
2026-02-09 18:14:18,49.0,4.2,12000.0,0.4034176828647358,538722304.0,12.0,1000.0
2026-02-09 18:14:26,37.2,2.5,12000.0,0.4669573361761962,593629184.0,12.0,1000.0
2026-02-09 18:14:34,52.3,2.0,12000.0,0.4510161085923339,597024768.0,12.0,1000.0
2026-02-09 18:14:42,68.4,3.8,13000.0,0.4948536094275143,607031296.0,12.0,1000.0
2026-02-09 18:14:50,194.7,173.5,13000.0,0.4635357570879556,571138048.0,12.0,1000.0
2026-02-09 18:14:57,203.1,203.1,13000.0,0.4347908639336825,570392576.0,12.0,1000.0
2026-02-09 18:15:05,174.6,174.6,13000.0,0.432126279312995,554569728.0,12.0,1000.0
2026-02-09 18:15:13,9.9,1.5,13000.0,0.3841896099633842,554573824.0,12.0,1000.0
2026-02-09 18:15:21,34.2,0.6,13000.0,0.3397488274509699,599769088.0,12.0,1000.0
2026-02-09 18:15:29,43.7,2.3,13000.0,0.3477136098272111,599769088.0,12.0,1000.0
2026-02-09 18:15:36,120.8,106.5,13000.0,0.3165112285537272,561250304.0,12.0,1000.0
2026-02-09 18:15:44,255.4,255.4,13000.0,0.3297681528102174,560603136.0,12.0,1000.0
2026-02-09 18:15:52,214.0,214.0,13000.0,0.3536265509302704,534581248.0,12.0,1000.0
2026-02-09 18:16:00,224.7,224.7,13000.0,0.3300389432526852,534736896.0,12.0,985.0
2026-02-09 18:16:08,221.1,221.1,13000.0,0.2165484694984646,534491136.0,12.0,945.0
2026-02-09 18:16:15,218.1,218.1,13000.0,0.2333612497568449,537116672.0,12.0,910.0
2026-02-09 18:16:23,226.4,226.4,13000.0,0.2333707332182835,535203840.0,12.0,870.0
2026-02-09 18:16:31,226.1,226.1,13000.0,0.2282992291100397,535117824.0,12.0,830.0
2026-02-09 18:16:39,219.1,219.1,13000.0,0.1909746014382561,535068672.0,12.0,790.0
2026-02-09 18:16:46,216.1,216.1,13000.0,0.2352826783229566,527355904.0,12.0,755.0
2026-02-09 18:16:54,213.4,213.4,13000.0,0.2309077127671765,526737408.0,12.0,715.0
2026-02-09 18:17:02,206.9,206.9,13000.0,0.2354299314963403,522846208.0,12.0,675.0
2026-02-09 18:17:10,196.6,196.6,12000.0,0.2399555764055091,522678272.0,12.0,635.0
2026-02-09 18:17:18,193.0,193.0,12000.0,0.1992004788209901,522682368.0,12.0,595.0
2026-02-09 18:17:25,177.7,177.7,12000.0,0.2428210769110057,519708672.0,12.0,560.0
2026-02-09 18:17:33,164.6,164.6,12000.0,0.2427865875967043,519704576.0,12.0,525.0
2026-02-09 18:17:41,153.6,153.6,12000.0,0.2450980764807119,514428928.0,12.0,485.0
2026-02-09 18:17:49,139.1,139.1,12000.0,0.2400037606097719,514162688.0,12.0,445.0
2026-02-09 18:17:56,133.6,133.6,12000.0,0.2430272083690716,512540672.0,12.0,410.0
2026-02-09 18:18:04,122.4,122.4,12000.0,0.2360142556530531,512544768.0,12.0,370.0
2026-02-09 18:18:12,109.8,109.8,12000.0,0.2318630850662451,511393792.0,12.0,330.0
2026-02-09 18:18:20,96.4,96.4,12000.0,0.1975526570581363,506642432.0,12.0,290.0
2026-02-09 18:18:28,85.4,85.4,12000.0,0.2232728516983476,506253312.0,12.0,245.0
2026-02-09 18:18:35,76.4,76.4,12000.0,0.2190569553830187,506642432.0,12.0,210.0
2026-02-09 18:18:43,63.4,63.4,12000.0,0.2011567649763136,505708544.0,12.0,170.0
2026-02-09 18:18:51,52.3,52.3,12000.0,0.1974271218781234,505901056.0,12.0,130.0
2026-02-09 18:18:59,39.7,39.7,12000.0,0.1585022431075083,505794560.0,12.0,90.0
2026-02-09 18:19:07,26.7,26.7,12000.0,0.1517680062731108,505397248.0,12.0,50.0
2026-02-09 18:19:14,17.4,17.4,12000.0,0.1307554503194406,505192448.0,12.0,50.0
2026-02-09 18:19:22,15.6,15.6,12000.0,0.0925254252894731,505335808.0,12.0,50.0
2026-02-09 18:19:30,15.2,15.2,12000.0,0.0902703613979529,504950784.0,12.0,50.0
2026-02-09 18:19:38,15.0,15.0,12000.0,0.0557554922694674,504950784.0,12.0,50.0
2026-02-09 18:19:46,14.6,14.6,12000.0,0.0569296117245533,504692736.0,12.0,50.0
2026-02-09 18:19:53,15.4,15.4,12000.0,0.0466618262571542,504606720.0,12.0,50.0
2026-02-09 18:20:01,14.9,14.9,12000.0,0.0551253325019909,504942592.0,12.0,50.0
2026-02-09 18:20:09,13.9,13.9,12000.0,0.0538934224168577,504942592.0,12.0,50.0
2026-02-09 18:20:17,14.5,14.5,12000.0,0.0488379926849338,504868864.0,12.0,50.0
2026-02-09 18:20:24,14.0,14.0,12000.0,0.0526534216768939,504795136.0,12.0,50.0
2026-02-09 18:20:32,14.7,14.7,12000.0,0.046599197840069,504963072.0,12.0,50.0
2026-02-09 18:20:40,14.5,14.5,12000.0,0.0499117947681635,505245696.0,12.0,50.0
2026-02-09 18:20:48,14.0,14.0,12000.0,0.0446287906978675,507953152.0,12.0,50.0
2026-02-09 18:20:55,14.8,14.8,12000.0,0.0516843038409428,507940864.0,12.0,50.0
2026-02-09 18:21:04,14.7,14.7,12000.0,0.04976276772031,516259840.0,12.0,50.0
2026-02-09 18:21:11,16.0,16.0,12000.0,0.0832820027419436,509296640.0,12.0,50.0
2026-02-09 18:21:19,14.1,14.1,12000.0,0.0761248976517704,509296640.0,12.0,50.0
2026-02-09 18:21:27,15.7,15.7,12000.0,0.0676374792822023,509820928.0,12.0,50.0
2026-02-09 18:21:35,14.3,14.3,12000.0,0.0730019978608949,510357504.0,12.0,50.0
2026-02-09 18:21:43,14.1,14.1,12000.0,0.0525228002058473,510525440.0,12.0,50.0
2026-02-09 18:21:51,15.0,15.0,12000.0,0.0542229884212921,510853120.0,12.0,50.0
2026-02-09 18:21:59,15.3,15.3,12000.0,0.0529592247483659,510853120.0,12.0,50.0
2026-02-09 18:22:07,15.7,15.7,12000.0,0.0536367103332941,511410176.0,12.0,50.0
2026-02-09 18:22:15,13.6,12.2,12000.0,0.0529651366819459,512286720.0,12.0,50.0
2026-02-09 18:22:22,12.5,2.9,12000.0,0.0571290964569431,512520192.0,12.0,50.0
2026-02-09 18:22:30,12.7,0.4,12000.0,0.0630409488912977,511885312.0,12.0,50.0
2026-02-09 18:22:38,12.7,1.3,12000.0,0.1692311687192019,516685824.0,12.0,50.0
2026-02-09 18:22:46,14.0,0.7,12000.0,0.2386979298896921,516624384.0,12.0,50.0
2026-02-09 18:22:54,13.7,0.6,12000.0,0.2242766613514242,519368704.0,12.0,50.0
2026-02-09 18:23:01,13.4,1.1,12000.0,0.3390220629713683,519979008.0,12.0,50.0
2026-02-09 18:23:09,14.5,1.2,12000.0,0.3424294414019693,520531968.0,12.0,50.0
2026-02-09 18:23:17,14.3,0.7,12000.0,0.3440010772997281,519536640.0,12.0,50.0
2026-02-09 18:23:25,14.1,0.7,12000.0,0.3810161225040127,522469376.0,12.0,50.0
2026-02-09 18:23:33,13.6,0.4,12000.0,0.3583509893316286,523051008.0,12.0,50.0
2026-02-09 18:23:40,14.2,0.8,12000.0,0.348508553741081,523890688.0,12.0,50.0
2026-02-09 18:23:48,14.1,0.9,12000.0,0.3477255422446076,523055104.0,12.0,50.0
2026-02-09 18:23:56,13.1,0.5,12000.0,0.3998258765464412,523661312.0,12.0,50.0
2026-02-09 18:24:04,18.8,3.1,12000.0,0.3665225630172662,524075008.0,12.0,750.0
2026-02-09 18:24:12,30.9,6.9,12000.0,0.3752250587654592,523759616.0,12.0,1000.0
2026-02-09 18:24:19,28.5,1.7,12000.0,0.2998814409168996,523784192.0,12.0,1000.0
2026-02-09 18:24:27,24.8,1.8,12000.0,0.434836083092767,600018944.0,12.0,1000.0
2026-02-09 18:24:35,125.2,95.9,12000.0,0.4296144660531353,562540544.0,12.0,1000.0
2026-02-09 18:24:43,223.2,223.1,12000.0,0.3924181833535116,577085440.0,12.0,1000.0
2026-02-09 18:24:50,225.2,225.3,12000.0,0.4050976902517377,541085696.0,12.0,1000.0
2026-02-09 18:24:58,42.6,42.6,12000.0,0.3571433164820644,557907968.0,12.0,1000.0
2026-02-09 18:25:06,8.5,1.7,12000.0,0.3181206477149653,578920448.0,12.0,1000.0
2026-02-09 18:25:14,32.5,0.7,13000.0,0.2920017521431438,595763200.0,12.0,1000.0
2026-02-09 18:25:22,27.9,1.6,13000.0,0.2948433246731398,595767296.0,12.0,1000.0
2026-02-09 18:25:30,176.2,176.1,13000.0,0.2757581647506752,571355136.0,12.0,1000.0
2026-02-09 18:25:37,210.0,210.0,13000.0,0.3231391079746375,571355136.0,12.0,1000.0
2026-02-09 18:25:45,226.0,226.0,13000.0,0.324475407623286,543338496.0,12.0,1000.0
2026-02-09 18:25:53,226.8,226.8,13000.0,0.2732096731190375,543424512.0,12.0,1000.0
2026-02-09 18:26:01,215.2,215.2,13000.0,0.228943282639181,543645696.0,12.0,980.0
2026-02-09 18:26:08,221.7,221.7,13000.0,0.200497888266961,543719424.0,12.0,945.0
2026-02-09 18:26:16,226.5,226.5,13000.0,0.2388103321821349,538812416.0,12.0,900.0
2026-02-09 18:26:24,215.5,215.5,13000.0,0.1957213194499437,538472448.0,12.0,860.0
2026-02-09 18:26:32,221.4,221.4,12000.0,0.2332307474312038,535040000.0,12.0,820.0
2026-02-09 18:26:40,211.1,211.1,12000.0,0.2381314916744361,535109632.0,12.0,780.0
2026-02-09 18:26:47,216.3,216.3,12000.0,0.1899393617231894,534183936.0,12.0,745.0
2026-02-09 18:26:55,216.6,216.6,12000.0,0.2408880890756798,531423232.0,12.0,710.0
2026-02-09 18:27:03,204.4,204.4,12000.0,0.2396582746383972,527634432.0,12.0,670.0
2026-02-09 18:27:11,194.3,194.3,12000.0,0.2401311322843783,522465280.0,12.0,630.0
2026-02-09 18:27:18,185.7,185.7,12000.0,0.2384588943293459,522465280.0,12.0,595.0
2026-02-09 18:27:26,177.5,177.5,12000.0,0.2152122257313996,522690560.0,12.0,555.0
2026-02-09 18:27:34,161.6,161.6,12000.0,0.2451758060478099,518086656.0,12.0,515.0
2026-02-09 18:27:42,149.1,149.1,12000.0,0.2077427871003791,519413760.0,12.0,475.0
2026-02-09 18:27:50,139.8,139.8,12000.0,0.2156828852091795,519618560.0,12.0,435.0
2026-02-09 18:27:57,129.1,129.1,12000.0,0.2443567177858229,517726208.0,12.0,400.0
2026-02-09 18:28:05,118.7,118.7,12000.0,0.2168613221964636,518250496.0,12.0,360.0
2026-02-09 18:28:13,108.5,108.5,12000.0,0.2427305719922887,516747264.0,12.0,320.0
2026-02-09 18:28:21,96.3,96.3,12000.0,0.2330986318743446,511561728.0,12.0,280.0
2026-02-09 18:28:28,83.3,83.3,12000.0,0.2341042514659917,511336448.0,12.0,245.0
2026-02-09 18:28:36,74.3,74.4,12000.0,0.2070463904123716,510009344.0,12.0,205.0
2026-02-09 18:28:44,61.5,61.5,12000.0,0.209198183692729,510005248.0,12.0,165.0
2026-02-09 18:28:52,49.8,49.8,12000.0,0.1878506410592633,510414848.0,12.0,125.0
2026-02-09 18:28:59,38.4,38.4,12000.0,0.1880021422661836,510414848.0,12.0,90.0
2026-02-09 18:29:07,26.5,26.5,12000.0,0.1546945643623021,510300160.0,12.0,50.0
2026-02-09 18:29:15,16.6,16.6,12000.0,0.0989746281667865,510267392.0,12.0,50.0
2026-02-09 18:29:23,14.9,14.9,12000.0,0.1020092907881766,508473344.0,12.0,50.0
2026-02-09 18:29:31,14.5,14.5,12000.0,0.0825933343230797,508661760.0,12.0,50.0
2026-02-09 18:29:38,15.4,15.4,12000.0,0.0660004829098624,508686336.0,12.0,50.0
2026-02-09 18:29:46,14.6,14.6,12000.0,0.0631240937128575,508399616.0,12.0,50.0
2026-02-09 18:29:54,15.3,15.3,12000.0,0.0571006829647916,508612608.0,12.0,50.0
2026-02-09 18:30:02,15.1,15.1,12000.0,0.0551958171363647,508157952.0,12.0,50.0
2026-02-09 18:30:09,14.8,14.8,12000.0,0.0473496557836142,507895808.0,12.0,50.0
2026-02-09 18:30:17,15.3,15.3,12000.0,0.0549145531563059,507916288.0,12.0,50.0
2026-02-09 18:30:25,14.9,14.9,12000.0,0.0483320326010805,508014592.0,12.0,50.0
2026-02-09 18:30:33,14.9,14.9,12000.0,0.0512421773418642,508116992.0,12.0,50.0
2026-02-09 18:30:40,15.4,15.4,12000.0,0.0500293806571749,511119360.0,12.0,50.0
2026-02-09 18:30:48,14.6,14.6,12000.0,0.0521864440883318,511119360.0,12.0,50.0
2026-02-09 18:30:56,15.0,15.0,12000.0,0.0786771498034464,528048128.0,12.0,50.0
2026-02-09 18:31:04,14.3,14.3,12000.0,0.0855693162078287,522674176.0,12.0,50.0
2026-02-09 18:31:12,14.5,14.5,12000.0,0.0821759334535496,522911744.0,12.0,50.0
2026-02-09 18:31:19,14.7,14.7,12000.0,0.0738070199884496,519151616.0,12.0,50.0
2026-02-09 18:31:27,14.4,14.4,12000.0,0.0830952525156791,515039232.0,12.0,50.0
2026-02-09 18:31:35,15.2,15.2,12000.0,0.0680596425695871,516022272.0,12.0,50.0
2026-02-09 18:31:43,14.5,14.5,12000.0,0.0685972191360987,516501504.0,12.0,50.0
2026-02-09 18:31:50,13.6,12.7,12000.0,0.0649707795599098,515756032.0,12.0,50.0
2026-02-09 18:31:58,11.9,2.3,12000.0,0.0521786526612804,515756032.0,12.0,50.0
2026-02-09 18:32:06,12.2,0.5,12000.0,0.134656767032006,519368704.0,12.0,50.0
2026-02-09 18:32:14,11.8,0.3,11000.0,0.1791861048287036,520224768.0,12.0,50.0
2026-02-09 18:32:22,13.5,0.7,11000.0,0.2300108162901792,520482816.0,12.0,50.0
2026-02-09 18:32:30,13.7,0.8,11000.0,0.2729848516519263,521957376.0,12.0,50.0
2026-02-09 18:32:37,13.7,0.4,11000.0,0.3671113952304622,523755520.0,12.0,50.0
2026-02-09 18:32:45,14.0,0.8,11000.0,0.4003832497193359,523636736.0,12.0,50.0
2026-02-09 18:32:53,13.4,0.4,11000.0,0.3722619047158677,523821056.0,12.0,50.0
2026-02-09 18:33:01,14.4,0.9,11000.0,0.4013340822494123,526880768.0,12.0,50.0
2026-02-09 18:33:08,15.0,1.2,11000.0,0.4108852523242173,527142912.0,12.0,50.0
2026-02-09 18:33:16,14.1,1.0,11000.0,0.3966384173171516,526430208.0,12.0,50.0
2026-02-09 18:33:24,14.7,1.0,11000.0,0.3905344232743721,526155776.0,12.0,50.0
2026-02-09 18:33:32,14.0,0.5,11000.0,0.383860394156392,526090240.0,12.0,50.0
2026-02-09 18:33:40,14.3,0.7,11000.0,0.401683829923724,526336000.0,12.0,50.0
2026-02-09 18:33:47,13.8,0.8,11000.0,0.3131885223151706,526700544.0,12.0,50.0
2026-02-09 18:33:55,13.7,0.7,11000.0,0.4138539675731003,528166912.0,12.0,50.0
2026-02-09 18:34:03,21.4,2.3,11000.0,0.4050988582766199,528945152.0,12.0,750.0
2026-02-09 18:34:11,41.2,7.9,11000.0,0.3908052929709222,529342464.0,12.0,1000.0
2026-02-09 18:34:18,36.2,3.9,11000.0,0.4042542590465748,535179264.0,12.0,1000.0
2026-02-09 18:34:26,24.4,1.4,12000.0,0.4171181765678287,593354752.0,12.0,1000.0
2026-02-09 18:34:34,66.9,41.3,12000.0,0.4384195101399575,577019904.0,12.0,1000.0
2026-02-09 18:34:42,228.9,228.8,12000.0,0.4046577430832577,548134912.0,12.0,1000.0
2026-02-09 18:34:50,191.1,191.1,12000.0,0.4123678030231638,547688448.0,12.0,1000.0
2026-02-09 18:34:57,36.4,36.4,12000.0,0.2832277953814859,563773440.0,12.0,1000.0
2026-02-09 18:35:05,9.7,0.4,12000.0,0.2700811075499059,573272064.0,12.0,1000.0
2026-02-09 18:35:13,32.6,1.1,12000.0,0.2636963001866288,591114240.0,12.0,1000.0
2026-02-09 18:35:21,14.3,1.0,12000.0,0.3457769623184583,611495936.0,12.0,1000.0
2026-02-09 18:35:29,11.8,0.7,12000.0,0.3665951775601932,614244352.0,12.0,1000.0
2026-02-09 18:35:36,36.4,1.4,13000.0,0.3848238373819824,612978688.0,12.0,1000.0
2026-02-09 18:35:44,76.8,3.4,13000.0,0.3656509949660573,621993984.0,12.0,1000.0
2026-02-09 18:35:52,67.1,5.4,13000.0,0.3987934225036796,622125056.0,12.0,1000.0
2026-02-09 18:36:00,41.8,2.7,13000.0,0.3739703637244825,607809536.0,12.0,980.0
2026-02-09 18:36:07,34.2,1.7,13000.0,0.4722216278779452,607821824.0,12.0,945.0
2026-02-09 18:36:15,90.9,56.0,14000.0,0.4227415746538273,569929728.0,12.0,905.0
2026-02-09 18:36:23,234.0,233.8,14000.0,0.4420198706092068,570593280.0,12.0,865.0
2026-02-09 18:36:31,214.4,214.4,14000.0,0.389272368361063,571052032.0,12.0,825.0
2026-02-09 18:36:38,205.1,205.1,13000.0,0.2195262421469462,570859520.0,12.0,790.0
2026-02-09 18:36:46,215.2,215.2,13000.0,0.2537751332146018,537862144.0,12.0,750.0
2026-02-09 18:36:54,208.0,208.0,13000.0,0.2204322972511471,532393984.0,12.0,715.0
2026-02-09 18:37:02,203.9,203.9,13000.0,0.2406164007855908,532611072.0,12.0,675.0
2026-02-09 18:37:10,191.7,191.7,13000.0,0.1973574430540081,532705280.0,12.0,635.0
2026-02-09 18:37:17,184.2,184.2,13000.0,0.2401226020863189,532729856.0,12.0,600.0
2026-02-09 18:37:25,178.8,178.8,13000.0,0.2394069122089674,523083776.0,12.0,560.0
2026-02-09 18:37:33,163.1,163.1,13000.0,0.2138142231731395,522264576.0,12.0,520.0
2026-02-09 18:37:41,155.8,155.8,13000.0,0.2381926536814157,522276864.0,12.0,480.0
2026-02-09 18:37:48,142.7,142.7,13000.0,0.2057118185640371,523083776.0,12.0,445.0
2026-02-09 18:37:56,131.7,131.7,13000.0,0.2478427526709194,520339456.0,12.0,405.0
2026-02-09 18:38:04,120.3,120.3,13000.0,0.2115615109510034,520335360.0,12.0,365.0
2026-02-09 18:38:12,106.7,106.7,13000.0,0.2423747323400343,520302592.0,12.0,325.0
2026-02-09 18:38:20,95.9,95.9,13000.0,0.2344895597224333,520044544.0,12.0,285.0
2026-02-09 18:38:27,85.1,85.1,13000.0,0.2325401209516117,523358208.0,12.0,250.0
2026-02-09 18:38:35,76.3,76.3,13000.0,0.1887185089412375,520953856.0,12.0,210.0
2026-02-09 18:38:43,62.6,62.6,13000.0,0.205282194970105,513970176.0,12.0,170.0
2026-02-09 18:38:51,49.8,49.8,13000.0,0.1736054612233879,511967232.0,12.0,130.0
2026-02-09 18:38:59,38.2,38.2,13000.0,0.1762534854317132,511959040.0,12.0,90.0
2026-02-09 18:39:06,27.2,27.2,13000.0,0.1331961175915549,511918080.0,12.0,55.0
2026-02-09 18:39:14,16.1,16.1,13000.0,0.1392910322126133,512192512.0,12.0,50.0
2026-02-09 18:39:22,14.9,14.9,13000.0,0.0963005194154889,512028672.0,12.0,50.0
2026-02-09 18:39:30,15.7,15.7,13000.0,0.0968867178601052,511221760.0,12.0,50.0
2026-02-09 18:39:38,15.3,15.3,13000.0,0.0700076457134695,511234048.0,12.0,50.0
2026-02-09 18:39:46,14.9,14.9,13000.0,0.0637364919971604,511578112.0,12.0,50.0
2026-02-09 18:39:53,14.7,14.7,13000.0,0.0568034730353385,511348736.0,12.0,50.0
2026-02-09 18:40:01,15.8,15.8,13000.0,0.0480458716096906,511569920.0,12.0,50.0
2026-02-09 18:40:09,15.0,15.0,13000.0,0.0533197796027111,511553536.0,12.0,50.0
2026-02-09 18:40:17,15.2,15.2,13000.0,0.0483256434313029,511565824.0,12.0,50.0
2026-02-09 18:40:24,15.1,15.1,13000.0,0.0539398123302131,511787008.0,12.0,50.0
2026-02-09 18:40:32,15.5,15.5,13000.0,0.0498615303807458,511922176.0,12.0,50.0
2026-02-09 18:40:40,15.4,15.4,13000.0,0.0510485381400974,512184320.0,12.0,50.0
2026-02-09 18:40:48,15.7,15.7,13000.0,0.043120409076543,512188416.0,12.0,50.0
2026-02-09 18:40:55,15.1,15.1,13000.0,0.0554009952915689,512425984.0,12.0,50.0
2026-02-09 18:41:03,14.5,14.5,13000.0,0.0551849347744706,512393216.0,12.0,50.0
2026-02-09 18:41:11,15.4,15.4,13000.0,0.055125577277921,512016384.0,12.0,50.0
2026-02-09 18:41:19,15.0,15.0,13000.0,0.0562464970408775,511696896.0,12.0,50.0
2026-02-09 18:41:26,14.6,14.6,13000.0,0.0441993199146334,514310144.0,12.0,50.0
2026-02-09 18:41:34,14.0,14.0,13000.0,0.0516004831692896,531177472.0,12.0,50.0
2026-02-09 18:41:42,15.2,15.2,13000.0,0.0755056532036615,531304448.0,12.0,50.0
2026-02-09 18:41:50,15.3,15.3,13000.0,0.0670324013346849,531308544.0,12.0,50.0
2026-02-09 18:41:57,14.8,14.8,13000.0,0.0700624267756523,531394560.0,12.0,50.0
2026-02-09 18:42:05,14.7,14.7,13000.0,0.0626734877412476,531763200.0,12.0,50.0
2026-02-09 18:42:13,13.7,13.7,13000.0,0.0674282639162337,531173376.0,12.0,50.0
2026-02-09 18:42:21,15.1,15.1,13000.0,0.051215952617945,531349504.0,12.0,50.0
2026-02-09 18:42:29,15.3,15.3,13000.0,0.0501105297858336,527654912.0,12.0,50.0
2026-02-09 18:42:36,15.4,15.4,13000.0,0.0573655498594175,519905280.0,12.0,50.0
2026-02-09 18:42:44,14.9,14.9,13000.0,0.0560538902393104,519774208.0,12.0,50.0
2026-02-09 18:42:52,15.3,15.3,13000.0,0.0573621792690931,520282112.0,12.0,50.0
2026-02-09 18:43:00,15.7,15.7,13000.0,0.0507673986958846,520654848.0,12.0,50.0
2026-02-09 18:43:07,13.9,13.9,13000.0,0.0516492453037875,520794112.0,12.0,50.0
2026-02-09 18:43:15,15.6,15.6,13000.0,0.0557271784505173,521060352.0,12.0,50.0
2026-02-09 18:43:23,13.6,11.9,13000.0,0.0535770067338892,521277440.0,12.0,50.0
2026-02-09 18:43:31,13.2,0.5,13000.0,0.057708302697623,521543680.0,12.0,50.0
2026-02-09 18:43:38,13.7,0.4,13000.0,0.064747626394525,521674752.0,12.0,50.0
2026-02-09 18:43:46,12.6,0.3,12000.0,0.1817678816840719,526639104.0,12.0,50.0
2026-02-09 18:43:54,14.1,0.6,12000.0,0.2237029985682537,526409728.0,12.0,50.0
2026-02-09 18:44:02,17.0,2.0,12000.0,0.2498554031433937,526774272.0,12.0,650.0
2026-02-09 18:44:09,37.1,8.1,12000.0,0.363354402421312,528121856.0,12.0,1000.0
2026-02-09 18:44:17,45.3,6.0,12000.0,0.3867962040840919,539291648.0,12.0,1000.0
2026-02-09 18:44:25,30.2,2.6,13000.0,0.4283300314003394,599408640.0,12.0,1000.0
2026-02-09 18:44:33,34.5,1.7,13000.0,0.4257696078666642,601903104.0,12.0,1000.0
2026-02-09 18:44:41,65.5,3.5,13000.0,0.4887448743210365,616341504.0,12.0,1000.0
2026-02-09 18:44:48,173.9,152.8,13000.0,0.4563303553935473,579297280.0,12.0,1000.0
2026-02-09 18:44:56,216.4,216.4,13000.0,0.4124722026229522,577830912.0,12.0,1000.0
2026-02-09 18:45:04,148.4,148.4,13000.0,0.3981518503500496,572960768.0,12.0,1000.0
2026-02-09 18:45:12,6.1,2.2,13000.0,0.29572224281571,573095936.0,12.0,1000.0
2026-02-09 18:45:20,28.0,1.1,13000.0,0.2660117322803603,598351872.0,12.0,1000.0
2026-02-09 18:45:28,30.8,1.8,13000.0,0.3511780984528829,615886848.0,12.0,1000.0
2026-02-09 18:45:35,54.9,39.8,14000.0,0.3372448559214123,577474560.0,12.0,1000.0
2026-02-09 18:45:43,225.2,224.8,14000.0,0.3809922420049405,581058560.0,12.0,1000.0
2026-02-09 18:45:51,215.1,215.1,14000.0,0.3811091850090983,549699584.0,12.0,1000.0
2026-02-09 18:45:59,218.2,218.2,14000.0,0.3525758501930255,549195776.0,12.0,990.0
2026-02-09 18:46:07,219.1,219.1,14000.0,0.2292641877031914,549429248.0,12.0,950.0
2026-02-09 18:46:15,219.1,219.1,14000.0,0.1734676277090563,483414016.0,12.0,910.0
2026-02-09 18:46:22,0.0,0.0,14000.0,0.1431009460664791,486731776.0,12.0,875.0
2026-02-09 18:46:30,132.2,132.2,14000.0,0.1125907929228851,493158400.0,12.0,835.0
2026-02-09 18:46:38,201.1,201.1,14000.0,0.0400975734201033,493125632.0,12.0,795.0
2026-02-09 18:46:46,221.1,221.1,14000.0,0.0868437674421343,529051648.0,12.0,755.0
2026-02-09 18:46:53,216.7,216.7,14000.0,0.122027016277172,524996608.0,12.0,725.0
2026-02-09 18:47:01,208.7,208.7,14000.0,0.1524138628384737,524017664.0,12.0,685.0
2026-02-09 18:47:09,195.4,195.4,14000.0,0.1775657586042326,523984896.0,12.0,645.0
2026-02-09 18:47:17,186.8,186.8,14000.0,0.1774289407789848,524156928.0,12.0,600.0
2026-02-09 18:47:24,180.3,180.3,14000.0,0.2209413358408108,521347072.0,12.0,565.0
2026-02-09 18:47:32,165.4,165.4,14000.0,0.2356675063871492,517038080.0,12.0,525.0
2026-02-09 18:47:40,154.8,154.8,14000.0,0.2004663492466316,521465856.0,12.0,485.0
2026-02-09 18:47:48,145.0,145.0,14000.0,0.2438298362008605,521691136.0,12.0,445.0
2026-02-09 18:47:55,133.3,133.3,14000.0,0.2455426333250036,513363968.0,12.0,410.0
2026-02-09 18:48:03,120.3,120.3,14000.0,0.240823001376914,514662400.0,12.0,370.0
2026-02-09 18:48:11,114.4,114.4,14000.0,0.2382290045275192,514883584.0,12.0,330.0
2026-02-09 18:48:19,99.9,99.9,14000.0,0.1924595119352279,514871296.0,12.0,290.0
2026-02-09 18:48:27,88.1,88.1,14000.0,0.2285915059173261,514170880.0,12.0,250.0
2026-02-09 18:48:34,77.7,77.7,14000.0,0.2011147196856745,514428928.0,12.0,215.0
2026-02-09 18:48:42,64.1,64.1,13000.0,0.2056021385861997,508551168.0,12.0,175.0
2026-02-09 18:48:50,51.5,51.5,13000.0,0.1690041485005643,507449344.0,12.0,135.0
2026-02-09 18:48:58,42.5,42.5,13000.0,0.1858500279570356,507449344.0,12.0,95.0
2026-02-09 18:49:06,29.0,29.0,13000.0,0.1421187966258348,507834368.0,12.0,60.0
2026-02-09 18:49:13,21.2,21.2,13000.0,0.1202385628842469,508080128.0,12.0,50.0
2026-02-09 18:49:21,15.5,15.5,13000.0,0.108319001076239,507977728.0,12.0,50.0
2026-02-09 18:49:29,15.1,15.1,13000.0,0.0882408493728774,507981824.0,12.0,50.0
2026-02-09 18:49:37,15.3,15.3,13000.0,0.0750366599283181,506277888.0,12.0,50.0
2026-02-09 18:49:44,14.5,14.5,13000.0,0.0616312136784472,506408960.0,12.0,50.0
2026-02-09 18:49:52,14.8,14.8,13000.0,0.0586567676187112,506458112.0,12.0,50.0
2026-02-09 18:50:00,15.5,15.5,13000.0,0.0500668354720201,506716160.0,12.0,50.0
2026-02-09 18:50:08,15.7,15.7,13000.0,0.049947196725946,506769408.0,12.0,50.0
2026-02-09 18:50:16,15.2,15.2,13000.0,0.0560795475360559,507531264.0,12.0,50.0
2026-02-09 18:50:23,15.2,15.2,13000.0,0.0554351994124543,507514880.0,12.0,50.0
2026-02-09 18:50:31,14.8,14.8,13000.0,0.0561400579349175,507432960.0,12.0,50.0
2026-02-09 18:50:39,14.8,14.8,13000.0,0.0498167074248162,507387904.0,12.0,50.0
2026-02-09 18:50:47,15.1,15.1,13000.0,0.0571810435199194,510259200.0,12.0,50.0
2026-02-09 18:50:54,14.0,14.0,13000.0,0.05624638165391,509571072.0,12.0,50.0
2026-02-09 18:51:02,15.3,15.3,13000.0,0.0556031281793716,509693952.0,12.0,50.0
2026-02-09 18:51:10,15.1,15.1,13000.0,0.080254327702826,526807040.0,12.0,50.0
2026-02-09 18:51:18,14.4,14.4,13000.0,0.064026137056751,526811136.0,12.0,50.0
2026-02-09 18:51:25,12.6,6.1,13000.0,0.0692056854650499,527237120.0,12.0,50.0
2026-02-09 18:51:33,12.9,0.8,13000.0,0.101158441434133,527597568.0,12.0,50.0
2026-02-09 18:51:41,13.2,0.6,13000.0,0.1664054499806875,529813504.0,12.0,50.0
2026-02-09 18:51:49,14.7,0.6,13000.0,0.189280853451026,531402752.0,12.0,50.0
2026-02-09 18:51:57,13.5,0.4,13000.0,0.267636495287493,524759040.0,12.0,50.0
2026-02-09 18:52:05,13.3,0.6,13000.0,0.2967150736234811,527011840.0,12.0,50.0
2026-02-09 18:52:12,13.2,0.7,13000.0,0.3801730277524501,525565952.0,12.0,50.0
2026-02-09 18:52:20,13.7,1.1,13000.0,0.3663460985700569,527216640.0,12.0,50.0
2026-02-09 18:52:28,14.8,0.8,13000.0,0.4089298018445573,528646144.0,12.0,50.0
2026-02-09 18:52:36,14.4,1.2,13000.0,0.370417409209488,527953920.0,12.0,50.0
2026-02-09 18:52:44,14.5,1.0,13000.0,0.3473759356959092,527179776.0,12.0,50.0
2026-02-09 18:52:51,13.3,0.6,13000.0,0.367893809449673,527499264.0,12.0,50.0
2026-02-09 18:52:59,13.8,0.6,13000.0,0.3582912739037088,527859712.0,12.0,50.0
2026-02-09 18:53:07,13.5,1.0,13000.0,0.3969479647382248,528236544.0,12.0,50.0
2026-02-09 18:53:15,13.3,0.6,13000.0,0.3808180481447387,528650240.0,12.0,50.0
2026-02-09 18:53:22,13.6,0.8,13000.0,0.3252287883190912,528646144.0,12.0,50.0
2026-02-09 18:53:30,13.5,0.4,13000.0,0.3760654186672059,530407424.0,12.0,50.0
2026-02-09 18:53:38,14.6,0.7,13000.0,0.3319335974752748,530403328.0,12.0,50.0
2026-02-09 18:53:46,14.1,1.2,13000.0,0.3767434759063287,533565440.0,12.0,50.0
2026-02-09 18:53:53,14.7,0.8,13000.0,0.3748128521422955,533762048.0,12.0,50.0
2026-02-09 18:54:01,17.5,1.9,13000.0,0.3700359532829545,532955136.0,12.0,550.0
2026-02-09 18:54:09,35.4,7.9,13000.0,0.3675577793258163,532713472.0,12.0,1000.0
2026-02-09 18:54:17,49.9,5.3,13000.0,0.4105643066687173,536109056.0,12.0,1000.0
2026-02-09 18:54:24,33.9,2.2,13000.0,0.4764035790897601,608272384.0,12.0,1000.0
2026-02-09 18:54:32,48.4,2.9,14000.0,0.4891776072430018,608387072.0,12.0,1000.0
2026-02-09 18:54:40,171.6,152.9,14000.0,0.4201549198434391,575385600.0,12.0,1000.0
2026-02-09 18:54:48,198.8,198.8,14000.0,0.462715028098164,591695872.0,12.0,1000.0
2026-02-09 18:54:55,121.2,120.4,14000.0,0.4518964539320088,572911616.0,12.0,1000.0
2026-02-09 18:55:03,7.1,1.3,14000.0,0.353679793330362,588132352.0,12.0,1000.0
2026-02-09 18:55:11,35.8,1.2,14000.0,0.2919014039509078,601923584.0,12.0,1000.0
2026-02-09 18:55:19,21.4,1.4,14000.0,0.3063426082857627,605429760.0,12.0,1000.0
2026-02-09 18:55:27,136.3,126.0,15000.0,0.3531606029871652,581451776.0,12.0,1000.0
2026-02-09 18:55:34,237.4,237.4,15000.0,0.3594979105489367,577667072.0,12.0,1000.0
2026-02-09 18:55:42,223.9,223.9,14000.0,0.3368643633185485,577138688.0,12.0,1000.0
2026-02-09 18:55:50,228.1,228.1,14000.0,0.3145057936294256,550506496.0,12.0,1000.0
2026-02-09 18:55:58,213.2,213.2,14000.0,0.2282247731042589,550567936.0,12.0,995.0
2026-02-09 18:56:05,220.8,220.8,14000.0,0.1811485940669933,550998016.0,12.0,960.0
2026-02-09 18:56:13,221.1,221.1,14000.0,0.2237611737906566,554631168.0,12.0,915.0
2026-02-09 18:56:21,225.8,225.8,14000.0,0.2275212339183555,550137856.0,12.0,880.0
2026-02-09 18:56:29,210.7,210.7,14000.0,0.2314763531333532,550141952.0,12.0,840.0
2026-02-09 18:56:37,218.0,218.0,14000.0,0.2336543480483525,549900288.0,12.0,800.0
2026-02-09 18:56:45,211.8,211.8,14000.0,0.2317764215127025,542298112.0,12.0,760.0
2026-02-09 18:56:52,208.4,208.4,14000.0,0.2274447844547483,542482432.0,12.0,725.0
2026-02-09 18:57:00,203.3,203.3,14000.0,0.1914226602641808,537690112.0,12.0,685.0
2026-02-09 18:57:08,195.7,195.7,14000.0,0.2040031584613701,537972736.0,12.0,645.0
2026-02-09 18:57:16,189.7,189.7,14000.0,0.2377017425036376,541007872.0,12.0,605.0
2026-02-09 18:57:23,180.4,180.4,14000.0,0.2059513952541224,536883200.0,12.0,570.0
2026-02-09 18:57:31,167.1,167.1,14000.0,0.2077103444669928,536883200.0,12.0,530.0
2026-02-09 18:57:39,157.7,157.7,13000.0,0.1822719732891987,536883200.0,12.0,490.0
2026-02-09 18:57:47,144.4,144.4,13000.0,0.2122931937419959,533422080.0,12.0,450.0
2026-02-09 18:57:55,134.8,134.8,13000.0,0.2426335835505774,527532032.0,12.0,410.0
2026-02-09 18:58:02,123.7,123.7,13000.0,0.2397632578873348,525991936.0,12.0,375.0
2026-02-09 18:58:10,110.4,110.4,13000.0,0.2318750565191206,527011840.0,12.0,335.0
2026-02-09 18:58:18,98.3,98.3,13000.0,0.2283255719932549,527040512.0,12.0,295.0
2026-02-09 18:58:26,88.7,88.7,13000.0,0.2188497790423927,524775424.0,12.0,255.0
2026-02-09 18:58:33,79.4,79.4,13000.0,0.1623570070673438,524775424.0,12.0,225.0
2026-02-09 18:58:41,65.0,65.0,13000.0,0.1912198017455594,524500992.0,12.0,185.0
2026-02-09 18:58:49,54.2,54.2,13000.0,0.1641396791922919,524791808.0,12.0,145.0
2026-02-09 18:58:57,41.5,41.5,13000.0,0.1408244044584835,524509184.0,12.0,105.0
2026-02-09 18:59:05,31.2,31.2,13000.0,0.1516004650256267,516911104.0,12.0,65.0
2026-02-09 18:59:12,21.3,21.3,13000.0,0.1166236911043421,517001216.0,12.0,50.0
2026-02-09 18:59:20,15.5,15.5,13000.0,0.1043260052278085,517234688.0,12.0,50.0
2026-02-09 18:59:28,15.1,15.1,13000.0,0.0864493504610929,517210112.0,12.0,50.0
2026-02-09 18:59:36,14.5,14.5,13000.0,0.0653463401967264,515649536.0,12.0,50.0
2026-02-09 18:59:44,14.9,14.9,13000.0,0.0629111236633058,515059712.0,12.0,50.0
2026-02-09 18:59:51,14.9,14.9,13000.0,0.05810212827303,515088384.0,12.0,50.0
2026-02-09 18:59:59,15.4,15.4,13000.0,0.0493273627570529,515088384.0,12.0,50.0
2026-02-09 19:00:07,14.8,14.8,13000.0,0.0509113491420331,515313664.0,12.0,50.0
2026-02-09 19:00:15,14.9,14.9,13000.0,0.0530472284581751,515584000.0,12.0,50.0
2026-02-09 19:00:22,14.8,14.8,13000.0,0.0463993841102569,515493888.0,12.0,50.0
2026-02-09 19:00:30,14.0,14.0,13000.0,0.0376770832301655,518479872.0,12.0,50.0
2026-02-09 19:00:38,16.1,16.1,13000.0,0.0477288242514172,518492160.0,12.0,50.0
2026-02-09 19:00:46,15.3,15.3,13000.0,0.0730378230382633,533581824.0,12.0,50.0
2026-02-09 19:00:54,14.9,14.9,13000.0,0.0798350612919644,533803008.0,12.0,50.0
2026-02-09 19:01:02,15.0,15.0,13000.0,0.0749178484100248,533803008.0,12.0,50.0
2026-02-09 19:01:09,15.1,15.1,13000.0,0.0728994893198205,531496960.0,12.0,50.0
2026-02-09 19:01:17,14.6,14.6,13000.0,0.0751071587485222,531668992.0,12.0,50.0
2026-02-09 19:01:25,14.3,14.3,13000.0,0.057737706383642,532336640.0,12.0,50.0
2026-02-09 19:01:33,14.9,14.9,13000.0,0.0559630876402435,532336640.0,12.0,50.0
2026-02-09 19:01:40,15.2,15.2,13000.0,0.0464621385235958,531963904.0,12.0,50.0
2026-02-09 19:01:48,14.6,14.6,13000.0,0.0528662735571171,532348928.0,12.0,50.0
2026-02-09 19:01:56,14.2,14.2,13000.0,0.0465379702973316,532709376.0,12.0,50.0
2026-02-09 19:02:04,15.0,15.0,13000.0,0.0510338155020176,532688896.0,12.0,50.0
2026-02-09 19:02:12,15.5,15.5,13000.0,0.053091760895084,532967424.0,12.0,50.0
2026-02-09 19:02:19,14.0,6.3,13000.0,0.0522401670886937,532570112.0,12.0,50.0
2026-02-09 19:02:27,13.2,1.0,13000.0,0.0640855884166871,532844544.0,12.0,50.0
2026-02-09 19:02:35,13.7,1.1,13000.0,0.1515140921416276,537665536.0,12.0,50.0
2026-02-09 19:02:43,13.8,0.8,13000.0,0.215109780031214,537612288.0,12.0,50.0
2026-02-09 19:02:50,13.4,0.6,13000.0,0.2186620356317784,537673728.0,12.0,50.0
2026-02-09 19:02:58,12.8,0.8,13000.0,0.3769030598064749,540762112.0,12.0,50.0
2026-02-09 19:03:06,14.7,0.4,13000.0,0.3719694692105006,543703040.0,12.0,50.0
2026-02-09 19:03:14,14.0,0.5,13000.0,0.3914767625227824,543588352.0,12.0,50.0
2026-02-09 19:03:22,14.8,0.8,13000.0,0.4017309225629592,542769152.0,12.0,50.0
2026-02-09 19:03:30,15.0,0.8,13000.0,0.3883695854862004,543330304.0,12.0,50.0
2026-02-09 19:03:37,13.5,0.4,13000.0,0.3892159177671453,543481856.0,12.0,50.0
2026-02-09 19:03:45,14.3,0.6,13000.0,0.3769883424506771,543477760.0,12.0,50.0
2026-02-09 19:03:53,14.4,0.8,13000.0,0.341063111438772,543674368.0,12.0,50.0
2026-02-09 19:04:01,15.7,1.0,13000.0,0.3822647959558011,544051200.0,12.0,450.0
2026-02-09 19:04:08,33.6,6.4,13000.0,0.3704808845042383,546672640.0,12.0,1000.0
2026-02-09 19:04:16,44.0,4.5,13000.0,0.3630992220749589,547000320.0,12.0,1000.0
2026-02-09 19:04:24,39.5,2.8,13000.0,0.3803928185116492,613404672.0,12.0,1000.0
2026-02-09 19:04:32,41.5,1.5,13000.0,0.4376866805743278,627490816.0,12.0,1000.0
2026-02-09 19:04:40,65.3,3.0,14000.0,0.4996919469737304,628842496.0,12.0,1000.0
2026-02-09 19:04:47,67.1,3.0,14000.0,0.4652823337721158,624529408.0,12.0,1000.0
2026-02-09 19:04:55,56.6,3.6,14000.0,0.5337006741837235,623529984.0,12.0,1000.0
2026-02-09 19:05:03,57.0,2.8,14000.0,0.4600814067574722,624164864.0,12.0,1000.0
2026-02-09 19:05:11,65.3,5.1,14000.0,0.5201790299079861,628592640.0,12.0,1000.0
2026-02-09 19:05:19,173.7,143.2,14000.0,0.480687834111823,588017664.0,12.0,1000.0
2026-02-09 19:05:26,220.3,218.8,14000.0,0.4631487603982446,558821376.0,12.0,1000.0
2026-02-09 19:05:34,185.5,185.2,14000.0,0.4043156985253686,575508480.0,12.0,1000.0
2026-02-09 19:05:42,55.4,55.0,14000.0,0.4021691030680234,583110656.0,12.0,1000.0
2026-02-09 19:05:50,25.6,0.4,15000.0,0.2949747587370164,603607040.0,12.0,1000.0
2026-02-09 19:05:58,42.1,1.9,15000.0,0.3096512744254727,621633536.0,12.0,990.0
2026-02-09 19:06:05,111.9,99.8,15000.0,0.3059271296213696,585232384.0,12.0,955.0
2026-02-09 19:06:13,244.7,244.7,15000.0,0.349489550531706,584781824.0,12.0,915.0
2026-02-09 19:06:21,219.9,219.9,15000.0,0.3475261479389649,554762240.0,12.0,875.0
2026-02-09 19:06:29,218.4,218.4,15000.0,0.2731569923140359,554377216.0,12.0,835.0
2026-02-09 19:06:36,219.6,219.6,15000.0,0.2524314777410057,553758720.0,12.0,800.0
2026-02-09 19:06:44,211.6,211.6,15000.0,0.2341006743186928,549175296.0,12.0,760.0
2026-02-09 19:06:52,210.2,210.2,15000.0,0.2443421066560912,544677888.0,12.0,720.0
2026-02-09 19:07:00,201.7,201.7,15000.0,0.2300415098579296,542633984.0,12.0,680.0
2026-02-09 19:07:08,198.1,198.1,15000.0,0.2354536562214055,542978048.0,12.0,640.0
2026-02-09 19:07:16,188.5,188.5,14000.0,0.2028544158579915,543105024.0,12.0,600.0
2026-02-09 19:07:23,178.6,178.6,14000.0,0.2323238728723103,537968640.0,12.0,570.0
2026-02-09 19:07:31,166.9,166.9,14000.0,0.2405686823242885,538615808.0,12.0,530.0
2026-02-09 19:07:39,153.0,153.0,14000.0,0.2380202877226367,538615808.0,12.0,490.0
2026-02-09 19:07:47,142.4,142.4,14000.0,0.1974058473128028,538800128.0,12.0,450.0
2026-02-09 19:07:55,132.5,132.5,14000.0,0.2430968887239736,534761472.0,12.0,410.0
2026-02-09 19:08:02,122.0,122.0,14000.0,0.2374400991752308,532844544.0,12.0,375.0
2026-02-09 19:08:10,111.5,111.5,14000.0,0.2062838656110898,532234240.0,12.0,335.0
2026-02-09 19:08:18,96.7,96.7,14000.0,0.1863818607526501,532267008.0,12.0,295.0
2026-02-09 19:08:26,84.0,84.0,14000.0,0.2241317701882056,524419072.0,12.0,255.0
2026-02-09 19:08:34,74.6,74.6,14000.0,0.2142414662856987,524656640.0,12.0,215.0
2026-02-09 19:08:41,63.6,63.6,14000.0,0.1918052150215084,524828672.0,12.0,180.0
2026-02-09 19:08:49,52.1,52.1,14000.0,0.1878832765332922,524836864.0,12.0,140.0
2026-02-09 19:08:57,40.9,40.9,14000.0,0.133985885475582,526323712.0,12.0,95.0
2026-02-09 19:09:05,28.2,28.2,14000.0,0.1403136247760829,526368768.0,12.0,55.0
2026-02-09 19:09:13,18.6,18.6,14000.0,0.1215451127637735,526368768.0,12.0,50.0
2026-02-09 19:09:20,14.6,14.6,14000.0,0.0873686269686667,524496896.0,12.0,50.0
2026-02-09 19:09:28,14.9,14.9,14000.0,0.0868451127034386,524443648.0,12.0,50.0
2026-02-09 19:09:36,14.6,14.6,14000.0,0.0708997916582444,524771328.0,12.0,50.0
2026-02-09 19:09:44,14.5,14.5,14000.0,0.0599123662714375,524845056.0,12.0,50.0
2026-02-09 19:09:52,16.4,16.4,14000.0,0.0595173279032363,525086720.0,12.0,50.0
2026-02-09 19:10:00,14.8,14.8,14000.0,0.055954703764629,525099008.0,12.0,50.0
2026-02-09 19:10:07,14.5,14.5,14000.0,0.0462932303081245,525103104.0,12.0,50.0
2026-02-09 19:10:15,15.1,15.1,14000.0,0.0611937332599276,525099008.0,12.0,50.0
2026-02-09 19:10:23,15.2,15.2,14000.0,0.0601243683652919,525041664.0,12.0,50.0
2026-02-09 19:10:31,15.0,15.0,14000.0,0.057283450913414,524955648.0,12.0,50.0
2026-02-09 19:10:38,14.3,14.3,14000.0,0.0532839418447502,524980224.0,12.0,50.0
2026-02-09 19:10:46,14.6,14.6,14000.0,0.055436773583171,525082624.0,12.0,50.0
2026-02-09 19:10:54,14.8,14.8,14000.0,0.0494704922646049,525152256.0,12.0,50.0
2026-02-09 19:11:02,14.9,14.9,14000.0,0.0531620405640207,525377536.0,12.0,50.0
2026-02-09 19:11:09,15.6,15.6,14000.0,0.0447891373443067,528138240.0,12.0,50.0
2026-02-09 19:11:17,15.8,15.8,14000.0,0.0448784995913687,515604480.0,12.0,50.0
2026-02-09 19:11:25,14.3,14.3,14000.0,0.0731152486265765,531853312.0,12.0,50.0
2026-02-09 19:11:33,15.2,15.2,14000.0,0.077547682525789,532115456.0,12.0,50.0
2026-02-09 19:11:41,15.7,15.7,14000.0,0.0757532043459573,532144128.0,12.0,50.0
2026-02-09 19:11:48,15.4,15.4,14000.0,0.0670230955348325,532242432.0,12.0,50.0
2026-02-09 19:11:56,14.7,14.7,14000.0,0.0692747988817709,531849216.0,12.0,50.0
2026-02-09 19:12:04,15.2,15.2,14000.0,0.0464635549814084,532029440.0,12.0,50.0
2026-02-09 19:12:12,15.6,15.6,14000.0,0.0537560093132118,532213760.0,12.0,50.0
2026-02-09 19:12:19,15.6,15.6,14000.0,0.054166173811618,532447232.0,12.0,50.0
2026-02-09 19:12:27,16.5,16.5,14000.0,0.0491250057834683,529534976.0,12.0,50.0
2026-02-09 19:12:35,15.2,15.2,14000.0,0.0585992673197034,530161664.0,12.0,50.0
2026-02-09 19:12:43,14.7,14.7,14000.0,0.0553898521834105,530100224.0,12.0,50.0
2026-02-09 19:12:51,15.5,15.5,14000.0,0.0603522967909009,530378752.0,12.0,50.0
2026-02-09 19:12:59,14.6,14.6,14000.0,0.0588932121476891,530034688.0,12.0,50.0
2026-02-09 19:13:07,15.4,15.4,14000.0,0.0503129353470784,530534400.0,12.0,50.0
2026-02-09 19:13:14,13.0,6.2,14000.0,0.0597887102345216,531566592.0,12.0,50.0
2026-02-09 19:13:22,12.7,0.9,14000.0,0.0799159461268775,531206144.0,12.0,50.0
2026-02-09 19:13:30,12.2,0.6,14000.0,0.0971803633211256,530702336.0,12.0,50.0
2026-02-09 19:13:38,13.3,0.8,14000.0,0.2023035338226917,536326144.0,12.0,50.0
2026-02-09 19:13:46,13.5,0.5,14000.0,0.2742294090605175,537636864.0,12.0,50.0
2026-02-09 19:13:53,13.8,0.8,14000.0,0.329309036703778,538103808.0,12.0,50.0
2026-02-09 19:14:01,14.1,1.1,14000.0,0.3553532771747967,540270592.0,12.0,550.0
2026-02-09 19:14:09,27.7,5.0,14000.0,0.3664701794698802,543223808.0,12.0,1000.0
2026-02-09 19:14:17,33.9,2.8,14000.0,0.3776500063169628,552873984.0,12.0,1000.0
2026-02-09 19:14:25,35.7,2.0,14000.0,0.4529161820215121,623755264.0,12.0,1000.0
2026-02-09 19:14:33,39.4,12.0,14000.0,0.4418516159719299,623763456.0,12.0,1000.0
2026-02-09 19:14:41,200.0,191.9,14000.0,0.4198388525086446,564232192.0,12.0,1000.0
2026-02-09 19:14:49,198.7,198.7,14000.0,0.4120813325696831,564064256.0,12.0,1000.0
2026-02-09 19:14:56,182.3,182.3,14000.0,0.3666736647323008,581595136.0,12.0,1000.0
2026-02-09 19:15:04,7.0,2.7,14000.0,0.2886172281947507,585871360.0,12.0,1000.0
2026-02-09 19:15:12,31.2,0.5,15000.0,0.2641885606739591,586199040.0,12.0,1000.0
2026-02-09 19:15:20,27.0,2.5,15000.0,0.2988422319333797,624951296.0,12.0,1000.0
2026-02-09 19:15:27,135.1,127.4,15000.0,0.2945935071412553,586559488.0,12.0,1000.0
2026-02-09 19:15:35,237.0,237.0,15000.0,0.3345896034451096,588279808.0,12.0,1000.0
2026-02-09 19:15:43,223.6,223.6,15000.0,0.2815389814364691,588279808.0,12.0,1000.0
2026-02-09 19:15:51,217.3,217.3,15000.0,0.2355877929741386,562618368.0,12.0,1000.0
2026-02-09 19:15:59,215.0,215.0,15000.0,0.2212179040744943,561864704.0,12.0,985.0
2026-02-09 19:16:07,229.7,229.7,15000.0,0.2225736341190139,558530560.0,12.0,945.0
2026-02-09 19:16:15,222.2,222.2,15000.0,0.2367376582152662,558641152.0,12.0,905.0
2026-02-09 19:16:22,221.8,221.8,15000.0,0.1927150324800789,557748224.0,12.0,870.0
2026-02-09 19:16:30,222.4,222.4,14000.0,0.2035835837792934,554262528.0,12.0,835.0
2026-02-09 19:16:38,208.2,208.2,14000.0,0.2353996201792405,554266624.0,12.0,795.0
2026-02-09 19:16:46,216.0,216.0,14000.0,0.2370917769839715,554381312.0,12.0,755.0
2026-02-09 19:16:53,209.5,209.5,14000.0,0.2323689478482207,549224448.0,12.0,720.0
2026-02-09 19:17:01,211.8,211.8,14000.0,0.2375971872468048,549646336.0,12.0,680.0
2026-02-09 19:17:09,200.5,200.5,14000.0,0.1836869298327986,549646336.0,12.0,640.0
2026-02-09 19:17:17,190.3,190.3,14000.0,0.2431260140314547,544477184.0,12.0,600.0
2026-02-09 19:17:24,178.8,178.8,14000.0,0.2414662874451469,542097408.0,12.0,565.0
2026-02-09 19:17:32,165.0,165.0,14000.0,0.2387733762054152,543662080.0,12.0,525.0
2026-02-09 19:17:40,155.6,155.6,14000.0,0.2459734573813665,543092736.0,12.0,485.0
2026-02-09 19:17:48,144.1,144.1,14000.0,0.1954480904414537,543195136.0,12.0,445.0
2026-02-09 19:17:56,130.4,130.4,14000.0,0.2470266513606613,537210880.0,12.0,405.0
2026-02-09 19:18:03,121.2,121.2,14000.0,0.1979204708729866,537214976.0,12.0,370.0
2026-02-09 19:18:11,111.9,111.9,14000.0,0.2365942600197784,535326720.0,12.0,330.0
2026-02-09 19:18:19,97.8,97.8,14000.0,0.2399657976819748,535076864.0,12.0,290.0
2026-02-09 19:18:27,83.5,83.5,14000.0,0.2317066616962458,533164032.0,12.0,250.0
2026-02-09 19:18:35,72.9,72.9,14000.0,0.2184038605530593,529727488.0,12.0,210.0
2026-02-09 19:18:42,62.8,62.8,14000.0,0.1915745874630166,529846272.0,12.0,175.0
2026-02-09 19:18:50,52.0,52.0,14000.0,0.150363049097902,528351232.0,12.0,135.0
2026-02-09 19:18:58,39.5,39.5,14000.0,0.1791819629906511,528355328.0,12.0,95.0
2026-02-09 19:19:06,28.3,28.3,14000.0,0.1488567244160115,528183296.0,12.0,55.0
2026-02-09 19:19:13,19.2,19.2,14000.0,0.1225234010676356,528363520.0,12.0,50.0
2026-02-09 19:19:21,15.4,15.4,14000.0,0.1071773377997304,526688256.0,12.0,50.0
2026-02-09 19:19:29,15.4,15.4,14000.0,0.0791277803421813,526942208.0,12.0,50.0
2026-02-09 19:19:37,14.2,14.2,14000.0,0.0711439259100764,525934592.0,12.0,50.0
2026-02-09 19:19:45,14.5,14.5,14000.0,0.0648668342098433,526098432.0,12.0,50.0
2026-02-09 19:19:52,14.9,14.9,14000.0,0.0584184167223895,526090240.0,12.0,50.0
2026-02-09 19:20:00,14.9,14.9,14000.0,0.040643298922793,526192640.0,12.0,50.0
2026-02-09 19:20:08,14.7,14.7,14000.0,0.0530659093628588,526204928.0,12.0,50.0
2026-02-09 19:20:16,15.7,15.7,14000.0,0.0461592075219111,526381056.0,12.0,50.0
2026-02-09 19:20:24,15.0,15.0,14000.0,0.0509687643629208,526901248.0,12.0,50.0
2026-02-09 19:20:31,14.4,14.4,14000.0,0.0539542214124583,526729216.0,12.0,50.0
2026-02-09 19:20:39,13.8,13.8,14000.0,0.0530419983397369,529485824.0,12.0,50.0
2026-02-09 19:20:47,14.2,14.2,14000.0,0.0471985942793029,529498112.0,12.0,50.0
2026-02-09 19:20:55,14.6,14.6,14000.0,0.0696668877766103,546430976.0,12.0,50.0
2026-02-09 19:21:03,14.7,14.7,14000.0,0.0733657202180427,546435072.0,12.0,50.0
2026-02-09 19:21:11,14.4,14.4,14000.0,0.0810473211545523,546635776.0,12.0,50.0
2026-02-09 19:21:19,14.7,14.7,14000.0,0.0701005680063366,546754560.0,12.0,50.0
2026-02-09 19:21:27,13.8,13.8,14000.0,0.0605884280642935,546902016.0,12.0,50.0
2026-02-09 19:21:35,13.9,13.9,14000.0,0.053825196828827,542826496.0,12.0,50.0
2026-02-09 19:21:43,14.2,14.2,14000.0,0.0522780443027762,536752128.0,12.0,50.0
2026-02-09 19:21:51,13.8,13.8,14000.0,0.0551675449331953,533319680.0,12.0,50.0
2026-02-09 19:21:59,13.2,13.2,14000.0,0.0516003949960313,533454848.0,12.0,50.0
2026-02-09 19:22:07,13.2,13.2,14000.0,0.0613639657855646,533037056.0,12.0,50.0
2026-02-09 19:22:15,13.8,13.8,14000.0,0.0630303532175669,534007808.0,12.0,50.0
2026-02-09 19:22:22,15.1,15.1,14000.0,0.0592757918958617,534007808.0,12.0,50.0
2026-02-09 19:22:30,15.8,15.8,14000.0,0.0501437648939194,534560768.0,12.0,50.0
2026-02-09 19:22:38,15.0,15.0,14000.0,0.0557730293448845,534568960.0,12.0,50.0
2026-02-09 19:22:46,12.6,6.7,13000.0,0.057818495621022,534790144.0,12.0,50.0
2026-02-09 19:22:54,12.6,0.5,13000.0,0.0555607087228377,535072768.0,12.0,50.0
2026-02-09 19:23:01,12.2,0.9,13000.0,0.1171483371125601,537686016.0,12.0,50.0
2026-02-09 19:23:09,14.2,0.8,13000.0,0.1967157806555658,541392896.0,12.0,50.0
2026-02-09 19:23:17,14.8,1.0,13000.0,0.2784632583548074,541302784.0,12.0,50.0
2026-02-09 19:23:25,14.2,0.8,13000.0,0.3263611587593051,541319168.0,12.0,50.0
2026-02-09 19:23:33,14.5,0.9,13000.0,0.3451777324620081,541507584.0,12.0,50.0
2026-02-09 19:23:40,14.7,1.3,13000.0,0.3519375698225747,543023104.0,12.0,50.0
2026-02-09 19:23:48,15.1,1.2,13000.0,0.3879830264709797,544792576.0,12.0,50.0
2026-02-09 19:23:56,13.7,0.6,13000.0,0.4204644485383355,546648064.0,12.0,50.0
2026-02-09 19:24:04,26.1,2.5,13000.0,0.3977965021915439,546222080.0,12.0,750.0
2026-02-09 19:24:12,36.9,5.8,13000.0,0.3527412126090603,546406400.0,12.0,1000.0
2026-02-09 19:24:19,37.8,2.5,13000.0,0.3817924268014964,555470848.0,12.0,1000.0
2026-02-09 19:24:27,29.8,2.2,14000.0,0.4419656086436302,622104576.0,12.0,1000.0
2026-02-09 19:24:35,55.4,31.0,14000.0,0.4659499070985474,596127744.0,12.0,1000.0
2026-02-09 19:24:43,233.1,233.1,14000.0,0.4339845339178985,595382272.0,12.0,1000.0
2026-02-09 19:24:51,220.2,220.2,14000.0,0.4176099794727747,566128640.0,12.0,1000.0
2026-02-09 19:24:59,117.0,117.0,14000.0,0.3553742848469786,584032256.0,12.0,1000.0
2026-02-09 19:25:07,16.5,0.5,14000.0,0.3201087268128373,583581696.0,12.0,1000.0
2026-02-09 19:25:15,32.9,1.2,14000.0,0.3197119996784465,632778752.0,12.0,1000.0
2026-02-09 19:25:23,31.4,12.7,15000.0,0.3619860146435683,632602624.0,12.0,1000.0
2026-02-09 19:25:31,199.3,197.4,15000.0,0.3422252010281156,592404480.0,12.0,1000.0
2026-02-09 19:25:39,219.5,219.5,14000.0,0.3192834588162457,592752640.0,12.0,1000.0
2026-02-09 19:25:47,224.7,224.7,14000.0,0.343686440857485,569192448.0,12.0,1000.0
2026-02-09 19:25:55,219.8,219.8,14000.0,0.273214342493154,564289536.0,12.0,1000.0
2026-02-09 19:26:02,222.8,222.8,14000.0,0.225112056899661,564473856.0,12.0,975.0
2026-02-09 19:26:10,220.0,220.0,14000.0,0.187707696732935,564871168.0,12.0,935.0
2026-02-09 19:26:18,224.8,224.8,14000.0,0.2377129849322468,564613120.0,12.0,895.0
2026-02-09 19:26:26,228.4,228.4,14000.0,0.2361674767253591,562470912.0,12.0,855.0
2026-02-09 19:26:34,219.5,219.5,14000.0,0.2295517498133668,562495488.0,12.0,815.0
2026-02-09 19:26:42,214.2,214.2,14000.0,0.2379833704338217,554799104.0,12.0,775.0
2026-02-09 19:26:50,212.0,212.0,14000.0,0.1699478349424545,552742912.0,12.0,735.0
2026-02-09 19:26:58,201.6,201.6,14000.0,0.2352288105819737,552742912.0,12.0,695.0
2026-02-09 19:27:06,193.8,193.8,14000.0,0.2398517512053828,552935424.0,12.0,655.0
2026-02-09 19:27:14,182.1,182.1,14000.0,0.2352816059650788,552144896.0,12.0,615.0
2026-02-09 19:27:22,173.0,173.0,14000.0,0.2351249036429918,552255488.0,12.0,575.0
2026-02-09 19:27:30,158.3,158.3,14000.0,0.1969891933684039,552275968.0,12.0,535.0
2026-02-09 19:27:38,149.9,149.9,14000.0,0.2379647646429354,546078720.0,12.0,495.0
2026-02-09 19:27:45,146.3,146.3,14000.0,0.2439213751533877,544202752.0,12.0,460.0
2026-02-09 19:27:53,136.1,136.0,13000.0,0.2095737958549893,544329728.0,12.0,425.0
2026-02-09 19:28:01,123.8,123.8,13000.0,0.242118100558806,540372992.0,12.0,385.0
2026-02-09 19:28:09,113.0,113.0,13000.0,0.2400886660548354,540377088.0,12.0,345.0
2026-02-09 19:28:16,103.9,103.9,13000.0,0.2297637079036139,540839936.0,12.0,310.0
2026-02-09 19:28:24,91.8,91.8,13000.0,0.2352130475775924,540172288.0,12.0,270.0
2026-02-09 19:28:32,79.0,79.0,13000.0,0.2264591927082605,533213184.0,12.0,230.0
2026-02-09 19:28:40,70.2,70.2,13000.0,0.1586906267485176,533536768.0,12.0,190.0
2026-02-09 19:28:48,57.8,57.8,13000.0,0.1982398918415191,533553152.0,12.0,150.0
2026-02-09 19:28:56,42.7,42.7,13000.0,0.1653902916578161,530894848.0,12.0,110.0
2026-02-09 19:29:03,32.7,32.7,13000.0,0.1623138774375527,530903040.0,12.0,75.0
2026-02-09 19:29:11,20.9,20.9,13000.0,0.1355529270963032,532238336.0,12.0,50.0
2026-02-09 19:29:19,14.4,14.4,13000.0,0.115798357043956,532238336.0,12.0,50.0
2026-02-09 19:29:27,14.5,14.5,13000.0,0.1000556149343232,530489344.0,12.0,50.0
2026-02-09 19:29:35,15.0,15.0,13000.0,0.0972902719524674,530501632.0,12.0,50.0
2026-02-09 19:29:42,14.3,14.3,13000.0,0.079309070756698,530763776.0,12.0,50.0
2026-02-09 19:29:50,15.0,15.0,13000.0,0.0667251700421913,530767872.0,12.0,50.0
2026-02-09 19:29:58,15.0,15.0,13000.0,0.060948151752184,530776064.0,12.0,50.0
2026-02-09 19:30:06,14.7,14.7,13000.0,0.0653129762773522,530939904.0,12.0,50.0
2026-02-09 19:30:14,14.6,14.6,13000.0,0.0501566185641086,530821120.0,12.0,50.0
2026-02-09 19:30:21,15.3,15.3,13000.0,0.0542835051125171,530825216.0,12.0,50.0
2026-02-09 19:30:29,14.1,14.1,13000.0,0.0477652638827543,530841600.0,12.0,50.0
2026-02-09 19:30:37,14.2,14.2,13000.0,0.0538432135087445,533544960.0,12.0,50.0
2026-02-09 19:30:45,15.6,15.6,13000.0,0.0721425388124169,550699008.0,12.0,50.0
2026-02-09 19:30:53,15.2,15.2,13000.0,0.0866083764550633,550752256.0,12.0,50.0
2026-02-09 19:31:00,14.8,14.8,13000.0,0.0753733647722515,551010304.0,12.0,50.0
2026-02-09 19:31:08,14.3,14.3,13000.0,0.0792303080496982,551022592.0,12.0,50.0
2026-02-09 19:31:16,15.3,15.3,13000.0,0.076613574469641,551415808.0,12.0,50.0
2026-02-09 19:31:23,14.9,14.9,13000.0,0.0784821543601585,550461440.0,12.0,50.0
2026-02-09 19:31:31,14.6,14.6,13000.0,0.0588613608205877,550858752.0,12.0,50.0
2026-02-09 19:31:39,15.2,15.2,13000.0,0.0572826439676957,551079936.0,12.0,50.0
2026-02-09 19:31:46,14.9,14.9,13000.0,0.0602132665513135,537239552.0,12.0,50.0
2026-02-09 19:31:54,14.9,14.9,13000.0,0.0565864479966787,537497600.0,12.0,50.0
2026-02-09 19:32:02,15.3,15.3,13000.0,0.0576254106655492,537313280.0,12.0,50.0
2026-02-09 19:32:10,14.5,14.5,13000.0,0.0595212532422784,537899008.0,12.0,50.0
2026-02-09 19:32:17,14.3,14.3,13000.0,0.0583004527254526,537899008.0,12.0,50.0
2026-02-09 19:32:25,12.9,8.4,13000.0,0.0612271844682516,537579520.0,12.0,50.0
2026-02-09 19:32:33,12.5,0.3,13000.0,0.0576360047225938,537579520.0,12.0,50.0
2026-02-09 19:32:40,12.7,0.6,13000.0,0.0570334822488316,538267648.0,12.0,50.0
2026-02-09 19:32:48,14.2,1.1,13000.0,0.1983717770359725,545398784.0,12.0,50.0
2026-02-09 19:32:56,14.1,0.8,13000.0,0.2505173773926548,546426880.0,12.0,50.0
2026-02-09 19:33:04,14.9,1.0,13000.0,0.3469620077429264,545910784.0,12.0,50.0
2026-02-09 19:33:11,14.5,0.4,13000.0,0.4057639251163579,546160640.0,12.0,50.0
2026-02-09 19:33:19,14.1,0.7,13000.0,0.4022127147067061,548843520.0,12.0,50.0
2026-02-09 19:33:27,14.5,0.9,13000.0,0.408236196086894,548761600.0,12.0,50.0
2026-02-09 19:33:35,14.6,1.0,13000.0,0.4340306577121911,550629376.0,12.0,50.0
2026-02-09 19:33:42,14.5,0.6,13000.0,0.3966679136837924,549888000.0,12.0,50.0
2026-02-09 19:33:50,13.4,1.0,13000.0,0.4111618997471032,549871616.0,12.0,50.0
2026-02-09 19:33:58,13.5,0.5,13000.0,0.4228172230605013,549646336.0,12.0,250.0
2026-02-09 19:34:05,25.1,4.1,13000.0,0.3940345655277814,550080512.0,12.0,950.0
2026-02-09 19:34:13,35.3,4.5,13000.0,0.4194884843963132,564862976.0,12.0,1000.0
2026-02-09 19:34:21,30.8,1.6,13000.0,0.4004669919741321,619802624.0,12.0,1000.0
2026-02-09 19:34:29,29.2,2.7,13000.0,0.4701016844852217,631275520.0,12.0,1000.0
2026-02-09 19:34:36,129.1,102.3,14000.0,0.4532688678043359,598560768.0,12.0,1000.0
2026-02-09 19:34:44,202.2,202.1,14000.0,0.4232641611263408,598675456.0,12.0,1000.0
2026-02-09 19:34:52,195.2,195.2,14000.0,0.4154289404083848,577155072.0,12.0,1000.0
2026-02-09 19:35:00,22.5,22.5,14000.0,0.3135582447406376,593670144.0,12.0,1000.0
2026-02-09 19:35:07,8.6,1.0,14000.0,0.2482019480343337,600457216.0,12.0,1000.0
2026-02-09 19:35:15,33.2,1.1,14000.0,0.3362894895606979,617295872.0,12.0,1000.0
2026-02-09 19:35:23,29.7,12.1,14000.0,0.2935667875092058,632557568.0,12.0,1000.0
2026-02-09 19:35:31,190.2,184.9,14000.0,0.268171817483911,596774912.0,12.0,1000.0
2026-02-09 19:35:38,192.0,192.0,14000.0,0.2839202713388354,596770816.0,12.0,1000.0
2026-02-09 19:35:46,192.8,192.8,14000.0,0.255139832319304,566722560.0,12.0,1000.0
2026-02-09 19:35:54,198.8,198.8,14000.0,0.2640795497921159,567939072.0,12.0,1000.0
2026-02-09 19:36:01,206.9,206.9,14000.0,0.2708803472805894,567943168.0,12.0,980.0
2026-02-09 19:36:09,222.4,222.4,14000.0,0.235363812515547,568070144.0,12.0,940.0
2026-02-09 19:36:17,216.2,216.2,14000.0,0.2399052640792676,567828480.0,12.0,900.0
2026-02-09 19:36:25,214.8,214.8,14000.0,0.234672394117086,567033856.0,12.0,855.0
2026-02-09 19:36:33,211.3,211.3,14000.0,0.2340871799447695,562176000.0,12.0,815.0
2026-02-09 19:36:40,210.7,210.7,14000.0,0.1888807554230695,561844224.0,12.0,780.0
2026-02-09 19:36:48,211.5,211.5,14000.0,0.2357304486081149,562204672.0,12.0,740.0
2026-02-09 19:36:56,198.7,198.7,14000.0,0.1880391818697733,562221056.0,12.0,705.0
2026-02-09 19:37:04,198.1,198.1,13000.0,0.2312746991872713,552808448.0,12.0,665.0
2026-02-09 19:37:11,195.0,195.0,13000.0,0.2404161945963668,555044864.0,12.0,630.0
2026-02-09 19:37:19,184.3,184.3,13000.0,0.2420010154325758,555053056.0,12.0,590.0
2026-02-09 19:37:27,175.0,175.0,13000.0,0.2466417169558446,555487232.0,12.0,550.0
2026-02-09 19:37:34,163.7,163.7,13000.0,0.2063209405544105,549191680.0,12.0,515.0
2026-02-09 19:37:42,149.8,149.8,13000.0,0.2383968265637308,550567936.0,12.0,475.0
2026-02-09 19:37:50,139.6,139.6,13000.0,0.2112630904090204,550666240.0,12.0,435.0
2026-02-09 19:37:57,130.9,130.9,13000.0,0.183864371878481,550666240.0,12.0,400.0
2026-02-09 19:38:05,115.0,115.0,13000.0,0.2391223283310338,543313920.0,12.0,360.0
2026-02-09 19:38:13,106.3,106.3,13000.0,0.2315191176386647,542220288.0,12.0,320.0
2026-02-09 19:38:21,96.5,96.5,13000.0,0.2381400428695963,542396416.0,12.0,280.0
2026-02-09 19:38:29,80.8,80.8,13000.0,0.1927486340485747,542425088.0,12.0,240.0
2026-02-09 19:38:36,72.5,72.5,13000.0,0.2112559619284579,540102656.0,12.0,205.0
2026-02-09 19:38:44,64.7,64.7,13000.0,0.1959143005660341,541720576.0,12.0,165.0
2026-02-09 19:38:52,49.4,49.4,13000.0,0.1947974078728467,541855744.0,12.0,125.0
2026-02-09 19:39:00,37.1,37.1,13000.0,0.1479940938295914,533803008.0,12.0,85.0
2026-02-09 19:39:07,26.8,26.8,13000.0,0.1591176715769723,533544960.0,12.0,50.0
2026-02-09 19:39:15,18.0,18.0,13000.0,0.1149877934318381,533778432.0,12.0,50.0
2026-02-09 19:39:23,15.2,15.2,13000.0,0.1192513154203089,533680128.0,12.0,50.0
2026-02-09 19:39:31,15.0,15.0,13000.0,0.0844059632126112,533176320.0,12.0,50.0
2026-02-09 19:39:38,15.1,15.1,13000.0,0.0767102725771573,533204992.0,12.0,50.0
2026-02-09 19:39:46,15.6,15.6,13000.0,0.067511581374508,531947520.0,12.0,50.0
2026-02-09 19:39:54,15.5,15.5,13000.0,0.0484024789443521,532234240.0,12.0,50.0
2026-02-09 19:40:01,14.4,14.4,13000.0,0.0525593849779405,532410368.0,12.0,50.0
2026-02-09 19:40:09,15.7,15.7,13000.0,0.0465960960196309,532393984.0,12.0,50.0
2026-02-09 19:40:17,15.0,15.0,13000.0,0.0500019475441464,532525056.0,12.0,50.0
2026-02-09 19:40:25,15.4,15.4,13000.0,0.045043877253745,532799488.0,12.0,50.0
2026-02-09 19:40:32,14.4,14.4,13000.0,0.0494887562389036,533049344.0,12.0,50.0
2026-02-09 19:40:40,15.4,15.4,13000.0,0.0461236170820003,535330816.0,12.0,50.0
2026-02-09 19:40:48,14.9,14.9,13000.0,0.0703487530563509,552464384.0,12.0,50.0
2026-02-09 19:40:56,14.9,14.9,13000.0,0.0794968570068026,552480768.0,12.0,50.0
2026-02-09 19:41:03,15.0,15.0,13000.0,0.0708218746620436,552747008.0,12.0,50.0
2026-02-09 19:41:11,15.3,15.3,13000.0,0.0751185149970393,554311680.0,12.0,50.0
2026-02-09 19:41:19,14.5,14.5,13000.0,0.0678603820145699,554377216.0,12.0,50.0
2026-02-09 19:41:27,15.4,15.4,13000.0,0.0741048219330395,549236736.0,12.0,50.0
2026-02-09 19:41:34,14.2,14.2,13000.0,0.0561134199058976,549859328.0,12.0,50.0
2026-02-09 19:41:42,15.0,15.0,13000.0,0.0545496714972362,549126144.0,12.0,50.0
2026-02-09 19:41:50,15.3,15.3,13000.0,0.0514238973648621,548990976.0,12.0,50.0
2026-02-09 19:41:58,15.7,15.7,13000.0,0.0449086582804898,549380096.0,12.0,50.0
2026-02-09 19:42:05,14.8,14.8,13000.0,0.054369049549679,549584896.0,12.0,50.0
2026-02-09 19:42:13,15.3,15.3,13000.0,0.0546124218549466,550002688.0,12.0,50.0
2026-02-09 19:42:21,16.1,16.1,13000.0,0.0524256130797669,550121472.0,12.0,50.0
2026-02-09 19:42:28,15.5,15.5,13000.0,0.0552542597805289,550244352.0,12.0,50.0
2026-02-09 19:42:36,15.8,15.8,13000.0,0.0566501747617571,550383616.0,12.0,50.0
2026-02-09 19:42:44,14.6,14.6,13000.0,0.0541411985822405,550477824.0,12.0,50.0
2026-02-09 19:42:52,15.3,15.2,13000.0,0.0568139346367847,550977536.0,12.0,50.0
2026-02-09 19:42:59,13.5,5.5,13000.0,0.0585631402628411,550567936.0,12.0,50.0
2026-02-09 19:43:07,13.5,0.9,13000.0,0.0787916067790304,552333312.0,12.0,50.0
2026-02-09 19:43:15,12.6,0.6,13000.0,0.1729724441933181,555053056.0,12.0,50.0
2026-02-09 19:43:23,13.9,0.4,13000.0,0.1938805779654296,554827776.0,12.0,50.0
2026-02-09 19:43:30,14.3,0.6,13000.0,0.2841484545439985,556158976.0,12.0,50.0
2026-02-09 19:43:38,14.3,1.1,13000.0,0.3207801598723794,558149632.0,12.0,50.0
2026-02-09 19:43:45,14.9,0.6,13000.0,0.3746955785619443,559443968.0,12.0,50.0
2026-02-09 19:43:53,13.7,0.1,13000.0,0.4004738164327857,559570944.0,12.0,50.0
2026-02-09 19:44:01,15.1,1.1,13000.0,0.3738782366929962,559161344.0,12.0,450.0
2026-02-09 19:44:08,28.9,5.4,13000.0,0.3496265849107592,561049600.0,12.0,1000.0
2026-02-09 19:44:16,37.5,4.8,13000.0,0.4211315198470522,585146368.0,12.0,1000.0
2026-02-09 19:44:24,41.1,2.1,13000.0,0.3937560458205448,636170240.0,12.0,1000.0
2026-02-09 19:44:31,40.0,1.5,13000.0,0.461388874405316,636014592.0,12.0,1000.0
2026-02-09 19:44:39,31.3,1.9,13000.0,0.4033796429320102,598114304.0,12.0,1000.0
2026-02-09 19:44:47,197.0,182.1,13000.0,0.4321101001136425,606621696.0,12.0,1000.0
2026-02-09 19:44:55,189.4,187.8,13000.0,0.4195021253751583,594739200.0,12.0,1000.0
2026-02-09 19:45:02,11.4,2.6,13000.0,0.3865419486744205,602767360.0,12.0,1000.0
2026-02-09 19:45:10,17.1,0.6,14000.0,0.2388132898703517,621256704.0,12.0,1000.0
2026-02-09 19:45:18,31.5,2.6,14000.0,0.2976452174708702,640421888.0,12.0,1000.0
2026-02-09 19:45:25,48.4,34.3,14000.0,0.3213619732635128,598331392.0,12.0,1000.0
2026-02-09 19:45:33,230.9,230.9,14000.0,0.3136834614164893,604135424.0,12.0,1000.0
2026-02-09 19:45:41,225.8,225.8,14000.0,0.3477804047521352,574091264.0,12.0,1000.0
2026-02-09 19:45:48,229.8,229.8,14000.0,0.2393666127927865,574029824.0,12.0,1000.0
2026-02-09 19:45:56,225.0,225.0,14000.0,0.231885206510791,572256256.0,12.0,1000.0
2026-02-09 19:46:04,222.7,222.7,14000.0,0.1779396353420322,572424192.0,12.0,965.0
2026-02-09 19:46:12,222.3,222.3,14000.0,0.2367444339627781,573075456.0,12.0,925.0
2026-02-09 19:46:19,232.5,232.5,14000.0,0.2315209204558345,572846080.0,12.0,890.0
2026-02-09 19:46:27,224.3,224.3,14000.0,0.2319355173848135,573227008.0,12.0,850.0
2026-02-09 19:46:35,220.2,220.2,14000.0,0.1951422099049271,572678144.0,12.0,810.0
2026-02-09 19:46:42,215.0,215.0,13000.0,0.2315345365287882,565084160.0,12.0,775.0
2026-02-09 19:46:50,217.6,217.6,13000.0,0.1676868734928272,562237440.0,12.0,735.0
2026-02-09 19:46:58,207.9,207.9,13000.0,0.2303745129565656,562204672.0,12.0,695.0
2026-02-09 19:47:05,202.9,202.9,13000.0,0.2380371212865758,557989888.0,12.0,660.0
2026-02-09 19:47:13,193.5,193.5,13000.0,0.2325889708884755,558002176.0,12.0,620.0
2026-02-09 19:47:21,181.2,181.2,13000.0,0.241166845285873,555810816.0,12.0,575.0
2026-02-09 19:47:29,173.6,173.6,13000.0,0.2351163089364231,555814912.0,12.0,535.0
2026-02-09 19:47:37,164.5,164.5,13000.0,0.2005762624475455,555618304.0,12.0,495.0
2026-02-09 19:47:45,146.7,146.7,13000.0,0.2456268829682888,556445696.0,12.0,455.0
2026-02-09 19:47:53,133.9,133.9,13000.0,0.2428792647252808,550477824.0,12.0,415.0
2026-02-09 19:48:01,125.4,125.4,13000.0,0.2346777021409675,550727680.0,12.0,380.0
2026-02-09 19:48:08,116.9,116.9,13000.0,0.1969094750286109,550662144.0,12.0,345.0
2026-02-09 19:48:16,102.9,102.9,13000.0,0.2300115906410047,552124416.0,12.0,305.0
2026-02-09 19:48:24,93.5,93.5,13000.0,0.2120288978892256,545021952.0,12.0,265.0
2026-02-09 19:48:31,80.1,80.1,13000.0,0.2218234502108532,545017856.0,12.0,230.0
2026-02-09 19:48:39,68.1,68.1,13000.0,0.1683304789345471,544780288.0,12.0,190.0
2026-02-09 19:48:47,57.2,57.2,13000.0,0.1723574666251924,545607680.0,12.0,150.0
2026-02-09 19:48:55,46.7,46.7,13000.0,0.172561823310323,545243136.0,12.0,110.0
2026-02-09 19:49:02,34.9,34.9,13000.0,0.1120005435718271,545382400.0,12.0,75.0
2026-02-09 19:49:10,21.3,21.3,13000.0,0.1153732320022388,543031296.0,12.0,50.0
2026-02-09 19:49:18,15.6,15.6,13000.0,0.1233097645261459,543043584.0,12.0,50.0
2026-02-09 19:49:25,14.8,14.8,13000.0,0.1049703007872348,543174656.0,12.0,50.0
2026-02-09 19:49:33,14.8,14.8,13000.0,0.0765127028441748,543465472.0,12.0,50.0
2026-02-09 19:49:41,15.0,15.0,13000.0,0.0793735459834661,543694848.0,12.0,50.0
2026-02-09 19:49:48,15.4,15.4,13000.0,0.0521819312266361,543715328.0,12.0,50.0
2026-02-09 19:49:56,14.2,14.2,13000.0,0.0587818063975006,543633408.0,12.0,50.0
2026-02-09 19:50:04,14.4,14.4,13000.0,0.0464207242048046,543645696.0,12.0,50.0
2026-02-09 19:50:12,15.4,15.4,13000.0,0.0545966985086809,543883264.0,12.0,50.0
2026-02-09 19:50:19,15.4,15.4,13000.0,0.0538530341929271,543887360.0,12.0,50.0
2026-02-09 19:50:27,15.2,15.2,13000.0,0.0555820567936526,545636352.0,12.0,50.0
2026-02-09 19:50:35,15.8,15.8,13000.0,0.0713621178062512,551940096.0,12.0,50.0
2026-02-09 19:50:42,15.8,15.8,13000.0,0.0806339106166817,551497728.0,12.0,50.0
2026-02-09 19:50:50,15.1,15.1,13000.0,0.0710276807752161,548827136.0,12.0,50.0
2026-02-09 19:50:58,15.9,15.9,13000.0,0.0719463514031002,548978688.0,12.0,50.0
2026-02-09 19:51:06,14.9,14.9,13000.0,0.0784152538939549,549187584.0,12.0,50.0
2026-02-09 19:51:13,16.0,16.0,13000.0,0.071335829204739,549449728.0,12.0,50.0
2026-02-09 19:51:21,15.1,15.1,13000.0,0.0763777013063854,545587200.0,12.0,50.0
2026-02-09 19:51:29,15.3,15.3,13000.0,0.0545058649724338,545591296.0,12.0,50.0
2026-02-09 19:51:36,15.6,15.6,13000.0,0.0617143338241217,546590720.0,12.0,50.0
2026-02-09 19:51:44,14.8,14.8,13000.0,0.0594106862889814,547352576.0,12.0,50.0
2026-02-09 19:51:52,15.6,15.6,13000.0,0.0540322782421835,547426304.0,12.0,50.0
2026-02-09 19:52:00,16.3,16.3,13000.0,0.0540647699345785,547168256.0,12.0,50.0
2026-02-09 19:52:07,14.8,14.8,13000.0,0.0509445577986981,547577856.0,12.0,50.0
2026-02-09 19:52:15,15.3,15.3,13000.0,0.058026919580638,548569088.0,12.0,50.0
2026-02-09 19:52:23,14.7,14.7,13000.0,0.0560767756052454,548290560.0,12.0,50.0
2026-02-09 19:52:30,13.9,13.9,13000.0,0.053100899469551,548597760.0,12.0,50.0
2026-02-09 19:52:38,13.0,5.7,13000.0,0.0482036736500884,548315136.0,12.0,50.0
2026-02-09 19:52:46,12.3,0.5,13000.0,0.1107783595362253,551985152.0,12.0,50.0
2026-02-09 19:52:53,12.7,0.7,13000.0,0.1399563647002489,550821888.0,12.0,50.0
2026-02-09 19:53:01,13.6,1.1,13000.0,0.1695521396967496,550993920.0,12.0,50.0
2026-02-09 19:53:09,14.1,1.0,13000.0,0.235680346808298,554172416.0,12.0,50.0
2026-02-09 19:53:16,14.3,0.6,13000.0,0.3382118225578299,556003328.0,12.0,50.0
2026-02-09 19:53:24,14.9,1.0,13000.0,0.3598550521396099,556474368.0,12.0,50.0
2026-02-09 19:53:32,14.2,0.4,13000.0,0.3424501146623046,556634112.0,12.0,50.0
2026-02-09 19:53:40,13.8,0.6,13000.0,0.3593388000515551,559054848.0,12.0,50.0
2026-02-09 19:53:47,14.4,0.9,13000.0,0.3699551315907551,558415872.0,12.0,50.0
2026-02-09 19:53:55,14.3,0.8,13000.0,0.3731236404526598,558673920.0,12.0,50.0
2026-02-09 19:54:03,18.3,2.2,13000.0,0.3972876772757926,559124480.0,12.0,750.0
2026-02-09 19:54:10,33.8,6.9,13000.0,0.3500888324172396,559628288.0,12.0,1000.0
2026-02-09 19:54:18,40.8,4.5,13000.0,0.391300042279385,568668160.0,12.0,1000.0
2026-02-09 19:54:26,40.4,2.5,13000.0,0.443745279084046,634568704.0,12.0,1000.0
2026-02-09 19:54:33,41.6,1.5,13000.0,0.4146309317392127,634667008.0,12.0,1000.0
2026-02-09 19:54:41,64.5,3.1,13000.0,0.4849079032218915,642539520.0,12.0,1000.0
2026-02-09 19:54:49,60.5,3.6,13000.0,0.5008226269898159,638550016.0,12.0,1000.0
2026-02-09 19:54:57,61.8,4.4,13000.0,0.4913258502723673,650444800.0,12.0,1000.0
2026-02-09 19:55:04,53.7,2.6,14000.0,0.4630468307650132,645939200.0,12.0,1000.0
2026-02-09 19:55:12,63.5,2.5,14000.0,0.5182385446093365,645988352.0,12.0,1000.0
2026-02-09 19:55:20,46.7,26.5,14000.0,0.4747974268631552,629919744.0,12.0,1000.0
2026-02-09 19:55:27,161.9,159.5,14000.0,0.4896503697378212,629870592.0,12.0,1000.0
2026-02-09 19:55:35,9.0,6.8,14000.0,0.4576127356268658,658305024.0,12.0,1000.0
2026-02-09 19:55:43,42.8,15.8,14000.0,0.4494511732758561,628846592.0,12.0,1000.0
2026-02-09 19:55:51,201.9,178.7,15000.0,0.3508901905093008,617799680.0,12.0,1000.0
2026-02-09 19:55:58,215.3,215.3,14000.0,0.3319245737964062,617795584.0,12.0,990.0
2026-02-09 19:56:06,219.5,219.5,14000.0,0.3121790381808599,582275072.0,12.0,950.0
2026-02-09 19:56:14,217.3,217.3,14000.0,0.2254984533141919,582496256.0,12.0,910.0
2026-02-09 19:56:22,224.2,224.2,14000.0,0.2645768518546506,578109440.0,12.0,875.0
2026-02-09 19:56:29,220.9,220.9,14000.0,0.2262160537712993,577978368.0,12.0,840.0
2026-02-09 19:56:37,221.5,221.5,14000.0,0.2365268563599366,575762432.0,12.0,800.0
2026-02-09 19:56:45,217.1,217.1,14000.0,0.1913300026572446,575881216.0,12.0,760.0
2026-02-09 19:56:52,212.5,212.5,14000.0,0.2281388440890125,570380288.0,12.0,725.0
2026-02-09 19:57:00,205.2,205.2,14000.0,0.2324581027310299,563335168.0,12.0,685.0
2026-02-09 19:57:08,195.6,195.6,14000.0,0.2415436136349756,563335168.0,12.0,645.0
2026-02-09 19:57:16,188.7,188.7,14000.0,0.2406659099299354,563216384.0,12.0,605.0
2026-02-09 19:57:23,179.9,179.9,14000.0,0.2409767136054214,560648192.0,12.0,565.0
2026-02-09 19:57:31,169.3,169.3,14000.0,0.2054145396509938,560902144.0,12.0,525.0
2026-02-09 19:57:39,156.1,156.1,14000.0,0.1854613627564391,560943104.0,12.0,485.0
2026-02-09 19:57:47,147.1,147.1,14000.0,0.2396400365173038,561442816.0,12.0,445.0
2026-02-09 19:57:54,136.3,136.3,14000.0,0.2374647525820911,556109824.0,12.0,410.0
2026-02-09 19:58:02,121.9,121.9,14000.0,0.2071860932297933,556388352.0,12.0,370.0
2026-02-09 19:58:10,111.0,111.0,14000.0,0.178599764435216,555569152.0,12.0,330.0
2026-02-09 19:58:17,103.2,103.2,14000.0,0.2333241068538124,555569152.0,12.0,295.0
2026-02-09 19:58:25,88.7,88.7,14000.0,0.2220053521101861,550232064.0,12.0,255.0
2026-02-09 19:58:33,78.5,78.5,14000.0,0.2006255486320435,548589568.0,12.0,220.0
2026-02-09 19:58:41,67.4,67.4,14000.0,0.2083142462922577,548843520.0,12.0,180.0
2026-02-09 19:58:48,55.6,55.6,14000.0,0.1349044321921093,548868096.0,12.0,145.0
2026-02-09 19:58:56,42.5,42.5,14000.0,0.1741888704818835,547340288.0,12.0,105.0
2026-02-09 19:59:04,30.2,30.2,14000.0,0.1496549722440392,546652160.0,12.0,65.0
2026-02-09 19:59:12,20.0,20.0,14000.0,0.1513146421789653,546861056.0,12.0,50.0
2026-02-09 19:59:20,14.9,14.9,14000.0,0.1109342467926963,546861056.0,12.0,50.0
2026-02-09 19:59:27,14.6,14.6,14000.0,0.1022927225327427,546734080.0,12.0,50.0
2026-02-09 19:59:35,15.9,15.9,14000.0,0.0762904576025153,546996224.0,12.0,50.0
2026-02-09 19:59:43,14.9,14.9,14000.0,0.0725605219176232,547151872.0,12.0,50.0
2026-02-09 19:59:50,15.0,15.0,14000.0,0.0568597838970032,545763328.0,12.0,50.0
2026-02-09 19:59:58,15.1,15.1,14000.0,0.0545702240998514,545763328.0,12.0,50.0
2026-02-09 20:00:06,15.0,15.0,14000.0,0.0580718473053798,546193408.0,12.0,50.0
2026-02-09 20:00:14,14.7,14.7,14000.0,0.0532152727849149,546181120.0,12.0,50.0
2026-02-09 20:00:21,15.0,15.0,14000.0,0.0545182936743238,546344960.0,12.0,50.0
2026-02-09 20:00:29,15.7,15.7,14000.0,0.0534287434840628,546344960.0,12.0,50.0
2026-02-09 20:00:37,16.2,16.2,14000.0,0.0565312238235353,546590720.0,12.0,50.0
2026-02-09 20:00:44,15.5,15.5,14000.0,0.0561066495016497,546668544.0,12.0,50.0
2026-02-09 20:00:52,14.4,14.4,14000.0,0.0557930662103161,546668544.0,12.0,50.0
2026-02-09 20:01:00,15.0,15.0,14000.0,0.0430540302871163,548540416.0,12.0,50.0
2026-02-09 20:01:08,14.0,8.9,13000.0,0.0696671940968638,565334016.0,12.0,50.0
2026-02-09 20:01:16,12.7,0.8,13000.0,0.0913998087505261,565469184.0,12.0,50.0
2026-02-09 20:01:23,13.0,1.0,13000.0,0.0817378727929456,565768192.0,12.0,50.0
2026-02-09 20:01:31,12.8,0.7,13000.0,0.1920395774003329,557461504.0,12.0,50.0
2026-02-09 20:01:39,13.9,1.0,13000.0,0.2301043706263768,558030848.0,12.0,50.0
2026-02-09 20:01:46,14.1,1.0,13000.0,0.3146699978179204,560263168.0,12.0,50.0
2026-02-09 20:01:54,13.6,1.2,13000.0,0.35591222582624,561410048.0,12.0,50.0
2026-02-09 20:02:02,15.0,1.1,13000.0,0.3821914593842578,561410048.0,12.0,50.0
2026-02-09 20:02:09,13.2,0.5,13000.0,0.3157006237832022,561401856.0,12.0,50.0
2026-02-09 20:02:17,12.4,0.6,13000.0,0.3641358983032493,564400128.0,12.0,50.0
2026-02-09 20:02:25,13.8,0.7,13000.0,0.3789108582561052,563961856.0,12.0,50.0
2026-02-09 20:02:33,14.5,0.7,13000.0,0.339528457042097,563458048.0,12.0,50.0
2026-02-09 20:02:40,13.9,0.6,13000.0,0.3512607410895845,563216384.0,12.0,50.0
2026-02-09 20:02:48,14.4,0.3,13000.0,0.387966389831115,563519488.0,12.0,50.0
2026-02-09 20:02:56,14.1,0.7,13000.0,0.3990965929685885,563195904.0,12.0,50.0
2026-02-09 20:03:04,14.1,1.0,13000.0,0.3521720828009942,564752384.0,12.0,50.0
2026-02-09 20:03:11,14.5,0.3,13000.0,0.3837302890560831,564969472.0,12.0,50.0
2026-02-09 20:03:19,14.2,0.6,13000.0,0.387564941649744,566665216.0,12.0,50.0
2026-02-09 20:03:27,15.0,0.7,13000.0,0.3556769235809254,566685696.0,12.0,50.0
2026-02-09 20:03:35,13.6,1.1,13000.0,0.3866875289352591,566452224.0,12.0,50.0
2026-02-09 20:03:42,13.7,1.1,13000.0,0.3644029411471554,566358016.0,12.0,50.0
2026-02-09 20:03:50,14.4,0.5,13000.0,0.3817782110151346,566534144.0,12.0,50.0
2026-02-09 20:03:58,13.7,0.3,13000.0,0.3109051349551597,566767616.0,12.0,250.0
2026-02-09 20:04:06,29.0,3.9,13000.0,0.368662620767853,567345152.0,12.0,1000.0
2026-02-09 20:04:13,37.4,5.3,13000.0,0.3836360975130939,624455680.0,12.0,1000.0
2026-02-09 20:04:21,36.9,2.3,13000.0,0.428910185027572,630046720.0,12.0,1000.0
2026-02-09 20:04:29,39.0,2.4,14000.0,0.3999321692086504,630054912.0,12.0,1000.0
2026-02-09 20:04:36,138.4,112.1,14000.0,0.4135979580728535,606121984.0,12.0,1000.0
2026-02-09 20:04:44,225.0,225.0,14000.0,0.4148071926723225,602148864.0,12.0,1000.0
2026-02-09 20:04:52,199.7,199.7,14000.0,0.3931560774506749,602255360.0,12.0,1000.0
2026-02-09 20:05:00,47.3,45.9,14000.0,0.2470593054194347,617242624.0,12.0,1000.0
2026-02-09 20:05:07,9.0,0.5,14000.0,0.2673586226519484,605745152.0,12.0,1000.0
2026-02-09 20:05:15,37.1,2.1,14000.0,0.3325713131600308,629723136.0,12.0,1000.0
2026-02-09 20:05:23,30.3,15.4,14000.0,0.3630893681869921,650096640.0,12.0,1000.0
2026-02-09 20:05:30,187.9,177.3,14000.0,0.2968331092119332,608854016.0,12.0,1000.0
2026-02-09 20:05:38,202.8,202.8,14000.0,0.3489681345508185,608989184.0,12.0,1000.0
2026-02-09 20:05:46,225.3,225.3,14000.0,0.3427692348116579,608399360.0,12.0,1000.0
2026-02-09 20:05:54,244.7,244.7,14000.0,0.2467755783680542,584060928.0,12.0,1000.0
2026-02-09 20:06:01,141.8,141.8,14000.0,0.2503516900608898,515035136.0,12.0,980.0
2026-02-09 20:06:09,75.5,75.5,14000.0,0.1786359013246954,515264512.0,12.0,940.0
2026-02-09 20:06:17,98.2,98.2,15000.0,0.1912133984949196,532672512.0,12.0,900.0
2026-02-09 20:06:25,210.5,210.5,14000.0,0.1917182143857985,532828160.0,12.0,860.0
2026-02-09 20:06:32,210.9,210.9,14000.0,0.1226945881625568,565096448.0,12.0,825.0
2026-02-09 20:06:40,209.9,209.9,14000.0,0.1466535093839826,565301248.0,12.0,785.0
2026-02-09 20:06:48,217.8,217.8,14000.0,0.1376711204186941,565276672.0,12.0,745.0
2026-02-09 20:06:55,211.7,211.7,14000.0,0.2083431947200392,557236224.0,12.0,710.0
2026-02-09 20:07:03,204.1,204.1,14000.0,0.2077082828004673,557240320.0,12.0,675.0
2026-02-09 20:07:11,198.6,198.6,14000.0,0.2377849081271443,557842432.0,12.0,635.0
2026-02-09 20:07:19,187.2,187.2,14000.0,0.2334130515394405,557842432.0,12.0,595.0
2026-02-09 20:07:26,174.8,174.8,14000.0,0.2400882026421242,555634688.0,12.0,560.0
2026-02-09 20:07:34,163.4,163.4,14000.0,0.2395939583253581,555622400.0,12.0,520.0
2026-02-09 20:07:42,152.5,152.5,14000.0,0.2348657025711886,552189952.0,12.0,480.0
2026-02-09 20:07:49,144.5,144.5,14000.0,0.2423728865807553,551837696.0,12.0,440.0
2026-02-09 20:07:57,131.5,131.5,14000.0,0.1912761075449053,552005632.0,12.0,400.0
2026-02-09 20:08:05,123.0,123.0,14000.0,0.2402711152397368,547770368.0,12.0,360.0
2026-02-09 20:08:12,109.6,109.6,14000.0,0.2277767371825428,546451456.0,12.0,325.0
2026-02-09 20:08:20,98.3,98.3,14000.0,0.2321119280219765,546971648.0,12.0,285.0
2026-02-09 20:08:28,86.9,86.9,14000.0,0.1815795338128697,546734080.0,12.0,245.0
2026-02-09 20:08:36,74.5,74.5,14000.0,0.2126631141458987,546222080.0,12.0,205.0
2026-02-09 20:08:44,61.7,61.7,14000.0,0.1910442256334448,546312192.0,12.0,165.0
2026-02-09 20:08:51,50.5,50.5,14000.0,0.1768042731603936,537948160.0,12.0,130.0
2026-02-09 20:08:59,39.5,39.5,14000.0,0.1650249185499367,537968640.0,12.0,90.0
2026-02-09 20:09:07,29.3,29.3,14000.0,0.12590815725394,538275840.0,12.0,55.0
2026-02-09 20:09:15,17.0,17.0,14000.0,0.1234462579949006,536928256.0,12.0,50.0
2026-02-09 20:09:22,15.0,15.0,14000.0,0.092576101159652,536670208.0,12.0,50.0
2026-02-09 20:09:30,14.6,14.6,14000.0,0.079732481004031,534097920.0,12.0,50.0
2026-02-09 20:09:38,15.0,15.0,14000.0,0.0767788115262276,534106112.0,12.0,50.0
2026-02-09 20:09:45,14.8,14.8,14000.0,0.0609050602248583,534102016.0,12.0,50.0
2026-02-09 20:09:53,14.4,14.4,14000.0,0.0529096711949945,534659072.0,12.0,50.0
2026-02-09 20:10:01,14.9,14.9,14000.0,0.0514351460491277,534700032.0,12.0,50.0
2026-02-09 20:10:08,14.3,14.3,14000.0,0.0506202828251007,534732800.0,12.0,50.0
2026-02-09 20:10:16,15.6,15.6,14000.0,0.0515164517039805,535252992.0,12.0,50.0
2026-02-09 20:10:24,14.9,14.9,14000.0,0.0418380680885797,535265280.0,12.0,50.0
2026-02-09 20:10:31,15.2,15.2,14000.0,0.0551612657610454,535171072.0,12.0,50.0
2026-02-09 20:10:39,14.9,14.9,14000.0,0.0509598006152959,538005504.0,12.0,50.0
2026-02-09 20:10:47,16.2,16.2,14000.0,0.0788771097096154,553029632.0,12.0,50.0
2026-02-09 20:10:55,14.7,14.7,14000.0,0.0717030398984378,553148416.0,12.0,50.0
2026-02-09 20:11:02,14.4,14.4,14000.0,0.0709131719775208,553357312.0,12.0,50.0
2026-02-09 20:11:10,14.8,14.8,14000.0,0.0695074763309273,553586688.0,12.0,50.0
2026-02-09 20:11:18,15.1,15.1,14000.0,0.0631306896933673,553586688.0,12.0,50.0
2026-02-09 20:11:25,14.1,14.1,14000.0,0.0722538187524753,551116800.0,12.0,50.0
2026-02-09 20:11:33,15.3,15.3,14000.0,0.0577537872670213,551227392.0,12.0,50.0
2026-02-09 20:11:41,15.1,15.1,14000.0,0.0565314798661754,551305216.0,12.0,50.0
2026-02-09 20:11:49,15.2,15.2,14000.0,0.0500173248311118,551464960.0,12.0,50.0
2026-02-09 20:11:56,15.1,15.1,14000.0,0.0561631501802516,550096896.0,12.0,50.0
2026-02-09 20:12:04,14.3,14.3,14000.0,0.0517784606989425,551124992.0,12.0,50.0
2026-02-09 20:12:12,14.0,14.0,14000.0,0.0562990340707185,551526400.0,12.0,50.0
2026-02-09 20:12:19,14.2,14.2,14000.0,0.0465297125146648,551555072.0,12.0,50.0
2026-02-09 20:12:27,15.0,15.0,14000.0,0.0591417611232273,551243776.0,12.0,50.0
2026-02-09 20:12:35,14.2,14.2,14000.0,0.0580677848203279,551567360.0,12.0,50.0
2026-02-09 20:12:43,15.8,15.8,14000.0,0.056602173930213,551772160.0,12.0,50.0
2026-02-09 20:12:50,13.6,7.6,14000.0,0.0474383924196908,551784448.0,12.0,50.0
2026-02-09 20:12:58,14.3,0.8,14000.0,0.0760500703823728,554799104.0,12.0,50.0
2026-02-09 20:13:06,13.2,0.8,14000.0,0.1079249371718797,555040768.0,12.0,50.0
2026-02-09 20:13:14,14.7,0.9,14000.0,0.1359856702264491,558014464.0,12.0,50.0
2026-02-09 20:13:21,14.9,0.5,14000.0,0.2755069021832071,558374912.0,12.0,50.0
2026-02-09 20:13:29,14.7,0.5,14000.0,0.3020678162540832,561188864.0,12.0,50.0
2026-02-09 20:13:37,14.1,0.6,14000.0,0.3818003625836656,561401856.0,12.0,50.0
2026-02-09 20:13:44,14.7,0.9,14000.0,0.4032587277431331,562143232.0,12.0,50.0
2026-02-09 20:13:52,14.1,1.0,14000.0,0.3651275011873164,562319360.0,12.0,50.0
2026-02-09 20:14:00,13.9,0.6,14000.0,0.3223976747360748,562475008.0,12.0,350.0
2026-02-09 20:14:07,28.6,3.8,14000.0,0.3583023630941118,563023872.0,12.0,1000.0
2026-02-09 20:14:15,47.9,5.2,14000.0,0.4122740593960934,605896704.0,12.0,1000.0
2026-02-09 20:14:23,42.0,2.9,14000.0,0.4260286563000752,474447872.0,12.0,1000.0
2026-02-09 20:14:31,41.1,2.0,14000.0,0.4400043096029425,524894208.0,12.0,1000.0
2026-02-09 20:14:38,61.5,2.0,14000.0,0.4744619162227489,532344832.0,12.0,1000.0
2026-02-09 20:14:46,87.3,36.3,14000.0,0.5393077769627356,500858880.0,12.0,1000.0
2026-02-09 20:14:54,217.8,209.2,14000.0,0.4642966676256149,518225920.0,12.0,1000.0
2026-02-09 20:15:01,211.6,211.6,14000.0,0.509565139959119,491810816.0,12.0,1000.0
2026-02-09 20:15:09,90.6,90.6,14000.0,0.4289442978273055,491008000.0,12.0,1000.0
2026-02-09 20:15:17,8.4,0.3,14000.0,0.2984288713563638,503361536.0,12.0,1000.0
2026-02-09 20:15:24,36.5,1.1,14000.0,0.3475631111366409,526700544.0,12.0,1000.0
2026-02-09 20:15:32,18.6,1.6,14000.0,0.3571369185122522,523653120.0,12.0,1000.0
2026-02-09 20:15:40,181.6,174.3,15000.0,0.3155474318047278,494153728.0,12.0,1000.0
2026-02-09 20:15:48,202.2,202.2,15000.0,0.3523857511175614,494538752.0,12.0,1000.0
2026-02-09 20:15:56,219.4,219.4,15000.0,0.3698922871953684,468197376.0,12.0,1000.0
2026-02-09 20:16:04,219.9,219.9,14000.0,0.3406484786350715,467869696.0,12.0,965.0
2026-02-09 20:16:11,216.1,216.1,14000.0,0.2256164821865946,464171008.0,12.0,930.0
2026-02-09 20:16:19,218.9,218.9,14000.0,0.2114473565321224,464777216.0,12.0,890.0
2026-02-09 20:16:27,221.2,221.2,14000.0,0.231693106042805,463114240.0,12.0,850.0
2026-02-09 20:16:35,215.9,215.9,14000.0,0.1634581466969949,462278656.0,12.0,810.0
2026-02-09 20:16:42,217.1,217.1,14000.0,0.2353718221358995,458407936.0,12.0,775.0
2026-02-09 20:16:50,210.9,210.9,14000.0,0.1965011073804846,452202496.0,12.0,735.0
2026-02-09 20:16:58,209.2,209.2,14000.0,0.2337054287120589,452206592.0,12.0,695.0
2026-02-09 20:17:05,201.5,201.5,14000.0,0.2394048866833638,453361664.0,12.0,660.0
2026-02-09 20:17:13,193.1,193.1,14000.0,0.2351415470025759,453365760.0,12.0,615.0
2026-02-09 20:17:21,182.2,182.2,14000.0,0.2387470078614469,448131072.0,12.0,580.0
2026-02-09 20:17:29,170.8,170.8,14000.0,0.2433721130256679,448368640.0,12.0,540.0
2026-02-09 20:17:36,163.4,163.5,14000.0,0.1915956962111387,448368640.0,12.0,505.0
2026-02-09 20:17:44,150.8,150.8,14000.0,0.2337044141142162,449511424.0,12.0,465.0
2026-02-09 20:17:52,140.9,140.9,14000.0,0.2437970109945809,444325888.0,12.0,425.0
2026-02-09 20:18:00,127.7,127.7,14000.0,0.2372623246161889,444395520.0,12.0,385.0
2026-02-09 20:18:07,113.1,113.1,14000.0,0.2020480886381996,444694528.0,12.0,350.0
2026-02-09 20:18:15,105.0,105.0,14000.0,0.2300238424060146,442994688.0,12.0,310.0
2026-02-09 20:18:23,90.9,90.9,14000.0,0.2149078296741675,433676288.0,12.0,270.0
2026-02-09 20:18:31,81.0,81.0,14000.0,0.2146122395024617,433688576.0,12.0,230.0
2026-02-09 20:18:38,70.4,70.4,14000.0,0.1801356094549853,433844224.0,12.0,195.0
2026-02-09 20:18:46,60.0,60.0,14000.0,0.2024965256160546,433725440.0,12.0,155.0
2026-02-09 20:18:54,45.5,45.5,14000.0,0.1742047019213393,433967104.0,12.0,115.0
2026-02-09 20:19:01,35.1,35.1,14000.0,0.1557484292040128,434450432.0,12.0,80.0
2026-02-09 20:19:09,24.3,24.3,14000.0,0.1454089539221064,434425856.0,12.0,50.0
2026-02-09 20:19:17,16.5,16.5,14000.0,0.1248256519720901,434900992.0,12.0,50.0
2026-02-09 20:19:25,15.2,15.2,14000.0,0.1035149265273479,433016832.0,12.0,50.0
2026-02-09 20:19:32,14.5,14.5,14000.0,0.1048855477624852,433229824.0,12.0,50.0
2026-02-09 20:19:40,15.0,15.0,14000.0,0.0696745742817065,433373184.0,12.0,50.0
2026-02-09 20:19:48,14.4,14.4,14000.0,0.061057784930815,433373184.0,12.0,50.0
2026-02-09 20:19:55,14.9,14.9,14000.0,0.0532429710819423,433606656.0,12.0,50.0
2026-02-09 20:20:03,14.6,14.6,14000.0,0.0509470949671889,433590272.0,12.0,50.0
2026-02-09 20:20:11,14.1,14.1,14000.0,0.0533740322289488,433008640.0,12.0,50.0
2026-02-09 20:20:19,15.2,15.2,14000.0,0.0472944940212227,433016832.0,12.0,50.0
2026-02-09 20:20:26,14.6,14.6,14000.0,0.0549638002444326,433070080.0,12.0,50.0
2026-02-09 20:20:34,14.9,14.9,14000.0,0.0556804156606755,433328128.0,12.0,50.0
2026-02-09 20:20:42,15.0,15.0,14000.0,0.0537542240148552,433614848.0,12.0,50.0
2026-02-09 20:20:50,14.5,14.5,14000.0,0.0536722500563315,436015104.0,12.0,50.0
2026-02-09 20:20:57,16.3,16.3,14000.0,0.0522912245484081,436039680.0,12.0,50.0
2026-02-09 20:21:05,14.5,14.5,14000.0,0.0777908870404376,451510272.0,12.0,50.0
2026-02-09 20:21:13,15.5,15.5,14000.0,0.0757034234552114,451784704.0,12.0,50.0
2026-02-09 20:21:21,14.9,14.9,14000.0,0.0670639584553487,440844288.0,12.0,50.0
2026-02-09 20:21:28,15.0,15.0,14000.0,0.0734667693132961,438312960.0,12.0,50.0
2026-02-09 20:21:36,14.5,14.5,14000.0,0.0668503545740642,437895168.0,12.0,50.0
2026-02-09 20:21:44,14.6,14.6,14000.0,0.0567071790409566,437313536.0,12.0,50.0
2026-02-09 20:21:51,14.6,14.6,14000.0,0.056066421503422,437800960.0,12.0,50.0
2026-02-09 20:21:59,14.7,14.7,14000.0,0.0559455125807344,438358016.0,12.0,50.0
2026-02-09 20:22:08,15.3,15.3,14000.0,0.0504831275130142,438677504.0,12.0,50.0
2026-02-09 20:22:15,13.6,8.2,14000.0,0.0580727676626782,438931456.0,12.0,50.0
2026-02-09 20:22:23,13.6,0.8,14000.0,0.0536798672374189,439021568.0,12.0,50.0
2026-02-09 20:22:31,12.9,0.8,14000.0,0.1374220434253251,441987072.0,12.0,50.0
2026-02-09 20:22:39,14.3,0.9,14000.0,0.2082834235717363,444866560.0,12.0,50.0
2026-02-09 20:22:46,14.0,0.3,14000.0,0.2649442793952734,445931520.0,12.0,50.0
2026-02-09 20:22:54,14.1,0.5,14000.0,0.3186351187994391,446332928.0,12.0,50.0
2026-02-09 20:23:03,13.7,0.9,14000.0,0.3423917473178042,446808064.0,12.0,50.0
2026-02-09 20:23:10,13.9,0.4,14000.0,0.3635193301413209,449495040.0,12.0,50.0
2026-02-09 20:23:18,13.8,1.1,14000.0,0.3544110926352896,449429504.0,12.0,50.0
2026-02-09 20:23:26,13.4,0.6,14000.0,0.4157464021342295,453455872.0,12.0,50.0
2026-02-09 20:23:34,13.2,1.0,14000.0,0.3812967455976664,453431296.0,12.0,50.0
2026-02-09 20:23:41,13.4,0.8,14000.0,0.3634080621041202,451862528.0,12.0,50.0
2026-02-09 20:23:49,13.2,0.5,14000.0,0.3772503650423047,452317184.0,12.0,50.0
2026-02-09 20:23:57,13.7,0.5,14000.0,0.4048567284432992,452280320.0,12.0,150.0
2026-02-09 20:24:05,17.5,2.9,14000.0,0.3908640419188303,451919872.0,12.0,850.0
2026-02-09 20:24:12,38.9,6.0,14000.0,0.3751490479882437,503476224.0,12.0,1000.0
2026-02-09 20:24:20,43.2,4.5,14000.0,0.426604812591978,511463424.0,12.0,1000.0
2026-02-09 20:24:28,38.1,2.5,14000.0,0.4576558894646825,511520768.0,12.0,1000.0
2026-02-09 20:24:36,32.0,2.1,14000.0,0.5021049448756892,540016640.0,12.0,1000.0
2026-02-09 20:24:43,61.5,2.2,14000.0,0.5275984081345919,540418048.0,12.0,1000.0
2026-02-09 20:24:51,60.3,3.8,14000.0,0.5125249962474471,534331392.0,12.0,1000.0
2026-02-09 20:24:59,44.4,1.8,14000.0,0.4970422397662369,535240704.0,12.0,1000.0
2026-02-09 20:25:07,42.8,2.6,14000.0,0.5464487892149661,539516928.0,12.0,1000.0
2026-02-09 20:25:15,85.1,49.7,15000.0,0.5318490914820128,495296512.0,12.0,1000.0
2026-02-09 20:25:22,216.9,208.5,15000.0,0.444839252791739,495640576.0,12.0,1000.0
2026-02-09 20:25:30,220.6,220.6,14000.0,0.3840477007387822,494968832.0,12.0,1000.0
2026-02-09 20:25:38,66.8,65.8,14000.0,0.3892255078974795,495058944.0,12.0,1000.0
2026-02-09 20:25:45,11.8,1.8,14000.0,0.3107302628889462,515121152.0,12.0,1000.0
2026-02-09 20:25:53,26.7,0.5,15000.0,0.3152955623202439,516087808.0,12.0,1000.0
2026-02-09 20:26:01,32.7,2.3,15000.0,0.362192775724321,534687744.0,12.0,980.0
2026-02-09 20:26:09,161.2,150.8,15000.0,0.3304347164141906,497541120.0,12.0,940.0
2026-02-09 20:26:16,204.0,204.0,15000.0,0.3747019287177774,504586240.0,12.0,905.0
2026-02-09 20:26:24,219.1,219.1,15000.0,0.3111049008964061,467730432.0,12.0,865.0
2026-02-09 20:26:32,217.2,217.2,15000.0,0.3446004590753401,467853312.0,12.0,825.0
2026-02-09 20:26:39,212.9,212.9,15000.0,0.2761255390745231,467599360.0,12.0,785.0
2026-02-09 20:26:47,212.8,212.8,15000.0,0.2243312377572343,463110144.0,12.0,745.0
2026-02-09 20:26:55,207.0,207.0,15000.0,0.2052384616067048,463388672.0,12.0,705.0
2026-02-09 20:27:03,207.2,207.2,15000.0,0.2326929864971819,458010624.0,12.0,665.0
2026-02-09 20:27:10,195.3,195.3,15000.0,0.2369783524687786,458108928.0,12.0,630.0
2026-02-09 20:27:18,179.4,179.4,15000.0,0.1932100820992812,458108928.0,12.0,590.0
2026-02-09 20:27:26,170.6,170.6,14000.0,0.2437413723507853,452972544.0,12.0,550.0
2026-02-09 20:27:33,165.0,165.0,14000.0,0.2447388874397917,453545984.0,12.0,515.0
2026-02-09 20:27:41,153.0,153.0,14000.0,0.2406956319829977,451751936.0,12.0,475.0
2026-02-09 20:27:49,141.7,141.7,14000.0,0.245711947951405,451715072.0,12.0,440.0
2026-02-09 20:27:57,126.9,126.9,14000.0,0.2111556266838176,448339968.0,12.0,400.0
2026-02-09 20:28:04,118.6,118.6,14000.0,0.2109135329207576,448540672.0,12.0,365.0
2026-02-09 20:28:12,107.1,107.1,14000.0,0.2444716784364643,441532416.0,12.0,325.0
2026-02-09 20:28:20,94.8,94.8,14000.0,0.2057696077647869,443600896.0,12.0,285.0
2026-02-09 20:28:28,84.2,84.2,14000.0,0.2353450771571011,444174336.0,12.0,245.0
2026-02-09 20:28:35,73.1,73.1,14000.0,0.1809580353409245,444178432.0,12.0,210.0
2026-02-09 20:28:43,62.8,62.8,14000.0,0.1987537939365588,442470400.0,12.0,170.0
2026-02-09 20:28:51,51.0,51.0,14000.0,0.169678038455022,442531840.0,12.0,130.0
2026-02-09 20:28:58,40.1,40.1,14000.0,0.1493611463891416,442200064.0,12.0,95.0
2026-02-09 20:29:06,28.0,28.0,14000.0,0.1542752438599477,443002880.0,12.0,55.0
2026-02-09 20:29:14,17.0,17.0,14000.0,0.1367093564133736,441573376.0,12.0,50.0
2026-02-09 20:29:22,15.0,15.0,14000.0,0.1013043462152209,432418816.0,12.0,50.0
2026-02-09 20:29:29,15.2,15.2,14000.0,0.0985981408677016,432488448.0,12.0,50.0
2026-02-09 20:29:37,14.7,14.7,14000.0,0.0600876026432998,432955392.0,12.0,50.0
2026-02-09 20:29:45,15.3,15.3,14000.0,0.0695543464363658,429907968.0,12.0,50.0
2026-02-09 20:29:53,15.4,15.4,14000.0,0.0590698287292725,429912064.0,12.0,50.0
2026-02-09 20:30:00,15.0,15.0,14000.0,0.04987835531565,429989888.0,12.0,50.0
2026-02-09 20:30:08,15.1,15.1,14000.0,0.0576825890236909,429977600.0,12.0,50.0
2026-02-09 20:30:16,14.9,14.9,14000.0,0.0556481762239146,429903872.0,12.0,50.0
2026-02-09 20:30:23,14.8,14.8,14000.0,0.0528356281279086,429858816.0,12.0,50.0
2026-02-09 20:30:31,16.1,16.1,14000.0,0.0523182053835986,430063616.0,12.0,50.0
2026-02-09 20:30:39,15.0,15.0,14000.0,0.0444217767402294,430071808.0,12.0,50.0
2026-02-09 20:30:47,16.0,16.0,14000.0,0.0527273031593958,430075904.0,12.0,50.0
2026-02-09 20:30:54,15.3,15.3,14000.0,0.0527147563835248,430411776.0,12.0,50.0
2026-02-09 20:31:02,15.0,15.0,14000.0,0.0507079889805529,430407680.0,12.0,50.0
2026-02-09 20:31:10,15.7,15.7,14000.0,0.0491905325532315,430596096.0,12.0,50.0
2026-02-09 20:31:17,14.2,14.2,14000.0,0.0509215782727797,433319936.0,12.0,50.0
2026-02-09 20:31:25,14.8,14.8,14000.0,0.0515876236930956,433188864.0,12.0,50.0
2026-02-09 20:31:33,14.1,14.1,14000.0,0.0563366371497519,432926720.0,12.0,50.0
2026-02-09 20:31:41,14.3,14.3,14000.0,0.0716550211099922,449748992.0,12.0,50.0
2026-02-09 20:31:48,15.7,15.7,14000.0,0.0822208884017405,449814528.0,12.0,50.0
2026-02-09 20:31:56,16.0,16.0,14000.0,0.0695948163265114,446234624.0,12.0,50.0
2026-02-09 20:32:04,15.0,15.0,14000.0,0.0747469182872392,446173184.0,12.0,50.0
2026-02-09 20:32:11,14.5,14.5,14000.0,0.0765687736235645,446443520.0,12.0,50.0
2026-02-09 20:32:19,15.0,15.0,14000.0,0.0529864942706943,447508480.0,12.0,50.0
2026-02-09 20:32:27,16.2,16.2,14000.0,0.0623381879849325,447807488.0,12.0,50.0
2026-02-09 20:32:35,12.6,5.2,14000.0,0.0663096177203649,447823872.0,12.0,50.0
2026-02-09 20:32:42,13.5,1.2,14000.0,0.0966917667122691,447045632.0,12.0,50.0
2026-02-09 20:32:50,11.9,1.0,14000.0,0.1698055387386731,451485696.0,12.0,50.0
2026-02-09 20:32:58,14.0,0.5,14000.0,0.1613002630878696,451506176.0,12.0,50.0
2026-02-09 20:33:06,14.0,0.3,14000.0,0.2852909657091993,453906432.0,12.0,50.0
2026-02-09 20:33:13,13.4,0.4,14000.0,0.317962310554949,453902336.0,12.0,50.0
2026-02-09 20:33:21,13.2,0.8,14000.0,0.383165613443557,455610368.0,12.0,50.0
2026-02-09 20:33:29,14.2,1.3,14000.0,0.413468602843988,457887744.0,12.0,50.0
2026-02-09 20:33:37,14.0,0.7,14000.0,0.4165024006772482,457093120.0,12.0,50.0
2026-02-09 20:33:44,14.8,0.8,14000.0,0.4273978107456742,458063872.0,12.0,50.0
2026-02-09 20:33:52,13.7,0.9,14000.0,0.3926226491988738,458293248.0,12.0,50.0
2026-02-09 20:34:00,14.4,0.9,14000.0,0.3363307633249519,458711040.0,12.0,450.0
2026-02-09 20:34:08,30.3,5.3,14000.0,0.3809082435262958,458973184.0,12.0,1000.0
2026-02-09 20:34:16,36.2,3.0,14000.0,0.4335379487958215,499687424.0,12.0,1000.0
2026-02-09 20:34:24,33.6,2.1,14000.0,0.3635910537935745,500998144.0,12.0,1000.0
2026-02-09 20:34:31,25.9,1.7,14000.0,0.4380236943733393,537915392.0,12.0,1000.0
2026-02-09 20:34:39,154.3,144.5,15000.0,0.3891702310468709,501518336.0,12.0,1000.0
2026-02-09 20:34:47,201.1,201.1,14000.0,0.3787291162417499,502611968.0,12.0,1000.0
2026-02-09 20:34:54,168.8,168.8,14000.0,0.3796666209848724,495333376.0,12.0,1000.0
2026-02-09 20:35:02,3.7,2.7,14000.0,0.3220657929718566,495529984.0,12.0,1000.0
2026-02-09 20:35:10,17.1,1.2,14000.0,0.2719857499676473,532287488.0,12.0,1000.0
2026-02-09 20:35:18,26.7,0.8,15000.0,0.309756964970189,532287488.0,12.0,1000.0
2026-02-09 20:35:25,48.4,29.0,15000.0,0.3158323258894389,501915648.0,12.0,1000.0
2026-02-09 20:35:33,223.1,222.9,15000.0,0.3148017081038552,501989376.0,12.0,1000.0
2026-02-09 20:35:41,216.2,216.2,15000.0,0.3459585136132519,477253632.0,12.0,1000.0
2026-02-09 20:35:48,214.5,214.6,15000.0,0.2664351056490636,477163520.0,12.0,1000.0
2026-02-09 20:35:56,215.0,215.1,15000.0,0.2087106595596068,477454336.0,12.0,1000.0
2026-02-09 20:36:04,223.0,223.0,15000.0,0.2543860506481776,476700672.0,12.0,965.0
2026-02-09 20:36:12,219.0,219.0,15000.0,0.2386250559672696,472682496.0,12.0,925.0
2026-02-09 20:36:19,217.3,217.3,15000.0,0.2244617189404782,472686592.0,12.0,890.0
2026-02-09 20:36:27,216.1,216.1,15000.0,0.2406780183781196,475582464.0,12.0,850.0
2026-02-09 20:36:35,195.6,195.6,15000.0,0.1990363574591768,468094976.0,12.0,815.0
2026-02-09 20:36:43,187.0,187.0,14000.0,0.2105696833562382,468094976.0,12.0,770.0
2026-02-09 20:36:50,201.5,201.5,14000.0,0.1792691945845819,465813504.0,12.0,735.0
2026-02-09 20:36:58,188.2,188.2,14000.0,0.2365230683101621,465723392.0,12.0,695.0
2026-02-09 20:37:06,190.0,190.0,14000.0,0.1997703746035213,465985536.0,12.0,655.0
2026-02-09 20:37:14,183.5,183.5,14000.0,0.2397673554930547,464453632.0,12.0,615.0
2026-02-09 20:37:21,175.0,175.0,14000.0,0.2427000178573017,464453632.0,12.0,580.0
2026-02-09 20:37:29,165.4,165.4,14000.0,0.1792395767594022,464547840.0,12.0,540.0
2026-02-09 20:37:37,156.4,156.4,14000.0,0.241556454660799,457211904.0,12.0,500.0
2026-02-09 20:37:44,150.3,150.3,14000.0,0.2473060149343539,455532544.0,12.0,465.0
2026-02-09 20:37:52,141.3,141.3,14000.0,0.2465922095009537,455782400.0,12.0,425.0
2026-02-09 20:38:00,124.1,124.1,14000.0,0.1899197604812106,454512640.0,12.0,385.0
2026-02-09 20:38:08,113.8,113.8,14000.0,0.2462986457451107,454418432.0,12.0,345.0
2026-02-09 20:38:15,103.1,103.1,14000.0,0.2458653096331202,453898240.0,12.0,310.0
2026-02-09 20:38:23,90.4,90.4,14000.0,0.2295538878632784,445087744.0,12.0,270.0
2026-02-09 20:38:31,83.7,83.7,14000.0,0.235949135612918,445100032.0,12.0,230.0
2026-02-09 20:38:39,69.3,69.4,14000.0,0.1885511319971513,445100032.0,12.0,190.0
2026-02-09 20:38:46,58.2,58.2,14000.0,0.2097680536024399,446533632.0,12.0,160.0
2026-02-09 20:38:54,46.8,46.8,14000.0,0.1778735098040248,443785216.0,12.0,120.0
2026-02-09 20:39:02,34.4,34.4,14000.0,0.1754190476837354,443961344.0,12.0,80.0
2026-02-09 20:39:09,25.2,25.2,14000.0,0.1392210258601849,443969536.0,12.0,50.0
2026-02-09 20:39:17,16.1,16.1,14000.0,0.1389392409672886,445005824.0,12.0,50.0
2026-02-09 20:39:25,15.2,15.2,14000.0,0.1060733660485327,443748352.0,12.0,50.0
2026-02-09 20:39:33,15.8,15.8,14000.0,0.0926833625190165,443924480.0,12.0,50.0
2026-02-09 20:39:40,15.1,15.1,14000.0,0.0770237545326388,444137472.0,12.0,50.0
2026-02-09 20:39:48,14.5,14.5,14000.0,0.0654791835240061,444157952.0,12.0,50.0
2026-02-09 20:39:56,14.7,14.7,14000.0,0.0633210276985804,444092416.0,12.0,50.0
2026-02-09 20:40:04,14.6,14.6,14000.0,0.0529302523384382,444268544.0,12.0,50.0
2026-02-09 20:40:11,14.1,14.1,14000.0,0.0562480030446677,444493824.0,12.0,50.0
2026-02-09 20:40:19,14.4,14.4,14000.0,0.0539989168942104,444506112.0,12.0,50.0
2026-02-09 20:40:27,14.9,14.9,14000.0,0.0565202306398213,444358656.0,12.0,50.0
2026-02-09 20:40:34,15.8,15.8,14000.0,0.0487749843999082,444370944.0,12.0,50.0
2026-02-09 20:40:42,15.9,15.9,14000.0,0.0551939463864109,444157952.0,12.0,50.0
2026-02-09 20:40:50,15.3,15.3,14000.0,0.0502102663624077,442142720.0,12.0,50.0
2026-02-09 20:40:58,15.9,15.9,14000.0,0.0803622265012725,457756672.0,12.0,50.0
2026-02-09 20:41:05,14.7,14.7,14000.0,0.0830967252994465,457752576.0,12.0,50.0
2026-02-09 20:41:13,14.6,14.6,14000.0,0.0812607277367017,452341760.0,12.0,50.0
2026-02-09 20:41:21,15.0,15.0,14000.0,0.082999472683901,449679360.0,12.0,50.0
2026-02-09 20:41:28,15.1,15.1,14000.0,0.0702847369346445,450039808.0,12.0,50.0
2026-02-09 20:41:37,14.5,14.5,14000.0,0.062048513462784,449388544.0,12.0,50.0
2026-02-09 20:41:44,13.2,6.7,14000.0,0.0581421769754096,449499136.0,12.0,50.0
2026-02-09 20:41:52,12.6,0.6,14000.0,0.0766624144723004,449433600.0,12.0,50.0
2026-02-09 20:42:00,12.0,0.6,14000.0,0.1278090192386013,453160960.0,12.0,50.0
2026-02-09 20:42:07,14.2,0.8,14000.0,0.2233730424211452,456228864.0,12.0,50.0
2026-02-09 20:42:15,14.7,1.1,14000.0,0.3033654981225098,457089024.0,12.0,50.0
2026-02-09 20:42:23,14.1,1.4,14000.0,0.3463982452829089,456777728.0,12.0,50.0
2026-02-09 20:42:31,14.0,1.2,14000.0,0.3694616609456697,457392128.0,12.0,50.0
2026-02-09 20:42:38,14.3,0.7,14000.0,0.4447509542693493,459124736.0,12.0,50.0
2026-02-09 20:42:46,13.5,0.6,14000.0,0.3851860143676109,461152256.0,12.0,50.0
2026-02-09 20:42:54,12.6,0.9,14000.0,0.4000823905239183,460623872.0,12.0,50.0
2026-02-09 20:43:01,14.7,0.7,14000.0,0.3368509940283113,460763136.0,12.0,50.0
2026-02-09 20:43:09,14.7,0.6,14000.0,0.3690747648183983,460967936.0,12.0,50.0
2026-02-09 20:43:17,14.1,0.6,14000.0,0.3918579326152961,461012992.0,12.0,50.0
2026-02-09 20:43:25,14.2,0.6,14000.0,0.4134869288315014,460771328.0,12.0,50.0
2026-02-09 20:43:32,13.7,0.8,14000.0,0.396839707611942,461123584.0,12.0,50.0
2026-02-09 20:43:40,13.2,1.0,14000.0,0.3863888396891529,461815808.0,12.0,50.0
2026-02-09 20:43:48,13.8,0.9,14000.0,0.4011150311020861,461881344.0,12.0,50.0
2026-02-09 20:43:56,13.2,0.9,14000.0,0.3911707366401786,463634432.0,12.0,50.0
2026-02-09 20:44:03,17.5,1.2,14000.0,0.4013428570705179,464044032.0,12.0,650.0
2026-02-09 20:44:11,37.2,6.8,14000.0,0.3971803423927923,464625664.0,12.0,1000.0
2026-02-09 20:44:19,27.5,3.2,14000.0,0.362682016976769,471007232.0,12.0,1000.0
2026-02-09 20:44:26,28.8,1.4,14000.0,0.4253160299279585,537149440.0,12.0,1000.0
2026-02-09 20:44:34,50.3,21.9,14000.0,0.3937711100804353,502038528.0,12.0,1000.0
2026-02-09 20:44:42,215.1,206.4,14000.0,0.3773106297124357,513835008.0,12.0,1000.0
2026-02-09 20:44:50,229.5,229.5,14000.0,0.3643905707236332,514027520.0,12.0,1000.0
2026-02-09 20:44:57,130.5,130.5,14000.0,0.3267892006416736,528924672.0,12.0,1000.0
2026-02-09 20:45:05,6.6,0.6,14000.0,0.305443441483908,513142784.0,12.0,1000.0
2026-02-09 20:45:13,30.6,0.9,14000.0,0.2978449791954272,535691264.0,12.0,1000.0
2026-02-09 20:45:21,33.4,2.7,14000.0,0.298409288639309,547520512.0,12.0,1000.0
2026-02-09 20:45:28,134.7,129.5,15000.0,0.2697338304250072,511852544.0,12.0,1000.0
2026-02-09 20:45:36,188.5,188.5,15000.0,0.2359328695428655,509706240.0,12.0,1000.0
2026-02-09 20:45:44,210.1,210.1,15000.0,0.2744095428353612,484589568.0,12.0,1000.0
2026-02-09 20:45:52,221.6,221.6,15000.0,0.1953790118126361,483520512.0,12.0,1000.0
2026-02-09 20:46:00,217.5,217.5,14000.0,0.163946654910778,483479552.0,12.0,980.0
2026-02-09 20:46:07,217.1,217.1,14000.0,0.2304599506212807,480972800.0,12.0,945.0
2026-02-09 20:46:15,216.6,216.6,14000.0,0.207461860550366,481071104.0,12.0,910.0
2026-02-09 20:46:23,215.8,215.8,14000.0,0.2307977651368425,475844608.0,12.0,870.0
2026-02-09 20:46:31,208.2,208.2,14000.0,0.2380491727757063,472772608.0,12.0,830.0
2026-02-09 20:46:38,218.4,218.4,14000.0,0.1862766886189284,473108480.0,12.0,795.0
2026-02-09 20:46:46,213.2,213.2,14000.0,0.1911639245587813,472797184.0,12.0,755.0
2026-02-09 20:46:54,207.3,207.3,14000.0,0.2385492974040368,470044672.0,12.0,715.0
2026-02-09 20:47:01,203.4,203.4,14000.0,0.2299898781692589,465498112.0,12.0,680.0
2026-02-09 20:47:09,195.6,195.6,14000.0,0.2413558096442924,465510400.0,12.0,640.0
2026-02-09 20:47:17,186.8,186.8,14000.0,0.2429509975758798,462237696.0,12.0,600.0
2026-02-09 20:47:25,176.4,176.4,14000.0,0.2469196936962373,462979072.0,12.0,560.0
2026-02-09 20:47:32,163.1,163.1,14000.0,0.2448751677120802,463454208.0,12.0,525.0
2026-02-09 20:47:40,155.0,155.0,14000.0,0.2430487914698576,462725120.0,12.0,485.0
2026-02-09 20:47:48,142.5,142.5,14000.0,0.2114630055300447,462204928.0,12.0,445.0
2026-02-09 20:47:55,132.7,132.7,14000.0,0.2485658830145209,455913472.0,12.0,410.0
2026-02-09 20:48:03,121.1,121.1,14000.0,0.2414673491101081,456146944.0,12.0,370.0
2026-02-09 20:48:11,109.2,109.2,14000.0,0.2409717399971539,454856704.0,12.0,325.0
2026-02-09 20:48:19,96.9,96.9,14000.0,0.2411377145118912,454815744.0,12.0,285.0
2026-02-09 20:48:26,92.1,92.1,14000.0,0.2303774893790512,449933312.0,12.0,255.0
2026-02-09 20:48:34,76.6,76.6,14000.0,0.2136164380895596,449867776.0,12.0,215.0
2026-02-09 20:48:42,63.6,63.6,14000.0,0.2012081533262969,448966656.0,12.0,175.0
2026-02-09 20:48:50,51.3,51.3,14000.0,0.1875812247014041,448966656.0,12.0,135.0
2026-02-09 20:48:57,41.0,41.0,14000.0,0.1709470746779594,448765952.0,12.0,100.0
2026-02-09 20:49:05,29.1,29.1,14000.0,0.1323146165062365,449040384.0,12.0,60.0
2026-02-09 20:49:13,18.3,18.3,14000.0,0.1314141232930273,447406080.0,12.0,50.0
2026-02-09 20:49:21,15.2,15.2,14000.0,0.0843108618296081,447320064.0,12.0,50.0
2026-02-09 20:49:28,14.9,14.9,14000.0,0.0950773703151537,447336448.0,12.0,50.0
2026-02-09 20:49:36,15.2,15.2,14000.0,0.068381301161524,447467520.0,12.0,50.0
2026-02-09 20:49:44,14.6,14.6,14000.0,0.0709189166440938,446595072.0,12.0,50.0
2026-02-09 20:49:51,15.2,15.2,14000.0,0.0564717043516137,446922752.0,12.0,50.0
2026-02-09 20:49:59,13.6,13.6,14000.0,0.0530273367813013,447188992.0,12.0,50.0
2026-02-09 20:50:07,14.5,14.5,14000.0,0.0561277926476585,447049728.0,12.0,50.0
2026-02-09 20:50:15,14.9,14.9,14000.0,0.0501446475234734,446939136.0,12.0,50.0
2026-02-09 20:50:22,14.5,14.5,14000.0,0.0543985516180243,447250432.0,12.0,50.0
2026-02-09 20:50:30,15.8,15.8,14000.0,0.0471675341241005,447467520.0,12.0,50.0
2026-02-09 20:50:38,14.8,14.8,14000.0,0.0537785872323684,450265088.0,12.0,50.0
2026-02-09 20:50:45,15.3,15.3,14000.0,0.067740170931249,466509824.0,12.0,50.0
2026-02-09 20:50:53,14.7,14.7,14000.0,0.0777598454071935,466780160.0,12.0,50.0
2026-02-09 20:51:01,14.9,14.9,14000.0,0.0789454915872589,467243008.0,12.0,50.0
2026-02-09 20:51:09,14.7,14.7,14000.0,0.0765868390479879,463269888.0,12.0,50.0
2026-02-09 20:51:17,15.1,15.1,14000.0,0.0796212029362057,463290368.0,12.0,50.0
2026-02-09 20:51:24,15.3,15.3,14000.0,0.0767766752380703,463785984.0,12.0,50.0
2026-02-09 20:51:32,15.3,15.3,14000.0,0.0540142778352143,458649600.0,12.0,50.0
2026-02-09 20:51:40,13.0,7.4,14000.0,0.0542910431186282,453337088.0,12.0,50.0
2026-02-09 20:51:48,12.6,0.9,14000.0,0.0663355225214566,453324800.0,12.0,50.0
2026-02-09 20:51:55,14.8,0.5,14000.0,0.1490384131548633,457756672.0,12.0,50.0
2026-02-09 20:52:03,14.8,0.7,14000.0,0.1796420657122281,457969664.0,12.0,50.0
2026-02-09 20:52:11,14.3,1.1,14000.0,0.2075263806820959,457859072.0,12.0,50.0
2026-02-09 20:52:18,13.5,1.0,14000.0,0.3237737655086592,460693504.0,12.0,50.0
2026-02-09 20:52:26,14.1,1.2,14000.0,0.406998593736988,462487552.0,12.0,50.0
2026-02-09 20:52:34,13.6,0.5,14000.0,0.3860997512057144,464519168.0,12.0,50.0
2026-02-09 20:52:42,14.6,0.8,14000.0,0.4152700910911149,464531456.0,12.0,50.0
2026-02-09 20:52:49,14.3,1.0,14000.0,0.3181936375086931,464691200.0,12.0,50.0
2026-02-09 20:52:57,14.3,1.2,14000.0,0.3973543738426205,465829888.0,12.0,50.0
2026-02-09 20:53:05,13.2,0.8,14000.0,0.4026306244983601,465670144.0,12.0,50.0
2026-02-09 20:53:13,13.9,0.7,14000.0,0.3945121448952136,465670144.0,12.0,50.0
2026-02-09 20:53:20,13.3,1.0,14000.0,0.3595457636624271,465965056.0,12.0,50.0
2026-02-09 20:53:28,14.1,1.1,14000.0,0.3962214552762597,466317312.0,12.0,50.0
2026-02-09 20:53:36,15.1,1.3,14000.0,0.4069519652658023,465780736.0,12.0,50.0
2026-02-09 20:53:44,14.6,0.7,14000.0,0.3710175024773359,467292160.0,12.0,50.0
2026-02-09 20:53:51,14.5,0.9,14000.0,0.3895530827006469,467324928.0,12.0,50.0
2026-02-09 20:53:59,14.3,0.7,14000.0,0.391462908351187,469749760.0,12.0,250.0
2026-02-09 20:54:07,27.8,3.3,14000.0,0.3861166074684846,469909504.0,12.0,1000.0
2026-02-09 20:54:15,35.9,5.0,14000.0,0.3991456735712946,485175296.0,12.0,1000.0
2026-02-09 20:54:23,34.7,2.7,14000.0,0.3991090079597137,539672576.0,12.0,1000.0
2026-02-09 20:54:31,23.9,1.5,14000.0,0.3589230974111424,545894400.0,12.0,1000.0
2026-02-09 20:54:39,168.6,155.3,14000.0,0.3852894544439909,513601536.0,12.0,1000.0
2026-02-09 20:54:46,206.4,206.4,14000.0,0.3195448442511068,513073152.0,12.0,1000.0
